2026-03-23 20:19:58,543 - werkzeug - INFO - [31m[1mWARNING: This is a development server. Do not use it in a production deployment. Use a production WSGI server instead.[0m
 * Running on all addresses (0.0.0.0)
 * Running on http://127.0.0.1:5000
 * Running on http://10.2.0.2:5000
2026-03-23 20:19:58,544 - werkzeug - INFO - [33mPress CTRL+C to quit[0m
2026-03-23 20:20:06,550 - werkzeug - INFO - 127.0.0.1 - - [23/Mar/2026 20:20:06] "GET / HTTP/1.1" 200 -
2026-03-23 20:20:06,626 - werkzeug - INFO - 127.0.0.1 - - [23/Mar/2026 20:20:06] "GET /static/style.css HTTP/1.1" 200 -
2026-03-23 20:20:06,811 - werkzeug - INFO - 127.0.0.1 - - [23/Mar/2026 20:20:06] "GET /api/version HTTP/1.1" 200 -
2026-03-23 20:20:06,832 - werkzeug - INFO - 127.0.0.1 - - [23/Mar/2026 20:20:06] "GET /api/history HTTP/1.1" 200 -
2026-03-23 20:20:06,838 - werkzeug - INFO - 127.0.0.1 - - [23/Mar/2026 20:20:06] "GET /api/archive?q=&tool= HTTP/1.1" 200 -
2026-03-23 20:20:06,920 - werkzeug - INFO - 127.0.0.1 - - [23/Mar/2026 20:20:06] "GET /api/ai/status HTTP/1.1" 200 -
2026-03-23 20:20:09,518 - werkzeug - INFO - 127.0.0.1 - - [23/Mar/2026 20:20:09] "GET /api/cache/status HTTP/1.1" 200 -
2026-03-23 20:20:12,958 - werkzeug - INFO - 127.0.0.1 - - [23/Mar/2026 20:20:12] "GET /api/version HTTP/1.1" 200 -
2026-03-23 20:20:36,805 - werkzeug - INFO - 127.0.0.1 - - [23/Mar/2026 20:20:36] "GET /api/history HTTP/1.1" 200 -
2026-03-23 20:20:36,809 - werkzeug - INFO - 127.0.0.1 - - [23/Mar/2026 20:20:36] "GET /api/archive?q=&tool= HTTP/1.1" 200 -
2026-03-23 20:20:45,917 - __main__ - WARNING - 404 Not Found: /undefined
2026-03-23 20:20:45,917 - werkzeug - INFO - 127.0.0.1 - - [23/Mar/2026 20:20:45] "[33mPOST /undefined HTTP/1.1[0m" 404 -
2026-03-23 20:21:06,803 - werkzeug - INFO - 127.0.0.1 - - [23/Mar/2026 20:21:06] "GET /api/history HTTP/1.1" 200 -
2026-03-23 20:21:06,814 - werkzeug - INFO - 127.0.0.1 - - [23/Mar/2026 20:21:06] "GET /api/archive?q=&tool= HTTP/1.1" 200 -
2026-03-23 20:21:36,961 - werkzeug - INFO - 127.0.0.1 - - [23/Mar/2026 20:21:36] "GET /api/history HTTP/1.1" 200 -
2026-03-23 20:21:36,969 - werkzeug - INFO - 127.0.0.1 - - [23/Mar/2026 20:21:36] "GET /api/archive?q=&tool= HTTP/1.1" 200 -
2026-03-23 20:22:06,868 - werkzeug - INFO - 127.0.0.1 - - [23/Mar/2026 20:22:06] "GET /api/history HTTP/1.1" 200 -
2026-03-23 20:22:06,886 - werkzeug - INFO - 127.0.0.1 - - [23/Mar/2026 20:22:06] "GET /api/archive?q=&tool= HTTP/1.1" 200 -
2026-03-23 20:22:36,868 - werkzeug - INFO - 127.0.0.1 - - [23/Mar/2026 20:22:36] "GET /api/history HTTP/1.1" 200 -
2026-03-23 20:22:36,872 - werkzeug - INFO - 127.0.0.1 - - [23/Mar/2026 20:22:36] "GET /api/archive?q=&tool= HTTP/1.1" 200 -
2026-03-23 20:22:58,022 - __main__ - WARNING - 404 Not Found: /undefined
2026-03-23 20:22:58,072 - werkzeug - INFO - 127.0.0.1 - - [23/Mar/2026 20:22:58] "[33mPOST /undefined HTTP/1.1[0m" 404 -
2026-03-23 20:23:06,865 - werkzeug - INFO - 127.0.0.1 - - [23/Mar/2026 20:23:06] "GET /api/history HTTP/1.1" 200 -
2026-03-23 20:23:06,869 - werkzeug - INFO - 127.0.0.1 - - [23/Mar/2026 20:23:06] "GET /api/archive?q=&tool= HTTP/1.1" 200 -
2026-03-23 20:23:15,124 - werkzeug - INFO - 127.0.0.1 - - [23/Mar/2026 20:23:15] "GET /api/history HTTP/1.1" 200 -
2026-03-23 20:23:15,129 - werkzeug - INFO - 127.0.0.1 - - [23/Mar/2026 20:23:15] "GET /api/archive?q=&tool= HTTP/1.1" 200 -
2026-03-23 20:23:36,865 - werkzeug - INFO - 127.0.0.1 - - [23/Mar/2026 20:23:36] "GET /api/history HTTP/1.1" 200 -
2026-03-23 20:23:36,879 - werkzeug - INFO - 127.0.0.1 - - [23/Mar/2026 20:23:36] "GET /api/archive?q=&tool= HTTP/1.1" 200 -
2026-03-23 20:24:05,969 - werkzeug - INFO - 127.0.0.1 - - [23/Mar/2026 20:24:05] "GET /api/history HTTP/1.1" 200 -
2026-03-23 20:24:05,975 - werkzeug - INFO - 127.0.0.1 - - [23/Mar/2026 20:24:05] "GET /api/archive?q=&tool= HTTP/1.1" 200 -
2026-03-23 20:24:06,859 - werkzeug - INFO - 127.0.0.1 - - [23/Mar/2026 20:24:06] "GET /api/history HTTP/1.1" 200 -
2026-03-23 20:24:06,862 - werkzeug - INFO - 127.0.0.1 - - [23/Mar/2026 20:24:06] "GET /api/archive?q=&tool= HTTP/1.1" 200 -
2026-03-23 20:24:25,109 - __main__ - WARNING - 404 Not Found: /undefined
2026-03-23 20:24:25,110 - werkzeug - INFO - 127.0.0.1 - - [23/Mar/2026 20:24:25] "[33mPOST /undefined HTTP/1.1[0m" 404 -
2026-03-23 20:24:33,071 - werkzeug - INFO - 127.0.0.1 - - [23/Mar/2026 20:24:33] "POST /api/system/restart HTTP/1.1" 200 -
2026-03-23 20:24:41,439 - werkzeug - INFO - [31m[1mWARNING: This is a development server. Do not use it in a production deployment. Use a production WSGI server instead.[0m
 * Running on all addresses (0.0.0.0)
 * Running on http://127.0.0.1:5000
 * Running on http://10.2.0.2:5000
2026-03-23 20:24:41,440 - werkzeug - INFO - [33mPress CTRL+C to quit[0m
2026-03-23 20:24:41,483 - werkzeug - INFO - 127.0.0.1 - - [23/Mar/2026 20:24:41] "GET / HTTP/1.1" 200 -
2026-03-23 20:24:41,532 - werkzeug - INFO - 127.0.0.1 - - [23/Mar/2026 20:24:41] "[36mGET /static/style.css HTTP/1.1[0m" 304 -
2026-03-23 20:24:41,658 - werkzeug - INFO - 127.0.0.1 - - [23/Mar/2026 20:24:41] "GET /api/version HTTP/1.1" 200 -
2026-03-23 20:24:41,668 - werkzeug - INFO - 127.0.0.1 - - [23/Mar/2026 20:24:41] "GET /api/history HTTP/1.1" 200 -
2026-03-23 20:24:41,675 - werkzeug - INFO - 127.0.0.1 - - [23/Mar/2026 20:24:41] "GET /api/archive?q=&tool= HTTP/1.1" 200 -
2026-03-23 20:24:41,697 - werkzeug - INFO - 127.0.0.1 - - [23/Mar/2026 20:24:41] "GET /api/ai/status HTTP/1.1" 200 -
2026-03-23 20:25:06,408 - werkzeug - INFO - 127.0.0.1 - - [23/Mar/2026 20:25:06] "GET /api/history HTTP/1.1" 200 -
2026-03-23 20:25:06,421 - werkzeug - INFO - 127.0.0.1 - - [23/Mar/2026 20:25:06] "GET /api/archive?q=&tool= HTTP/1.1" 200 -
2026-03-23 20:25:11,673 - werkzeug - INFO - 127.0.0.1 - - [23/Mar/2026 20:25:11] "GET /api/history HTTP/1.1" 200 -
2026-03-23 20:25:11,684 - werkzeug - INFO - 127.0.0.1 - - [23/Mar/2026 20:25:11] "GET /api/archive?q=&tool= HTTP/1.1" 200 -
2026-03-23 20:25:14,416 - werkzeug - INFO - 127.0.0.1 - - [23/Mar/2026 20:25:14] "POST /api/email/crossvalidated HTTP/1.1" 200 -
2026-03-23 20:25:15,530 - httpx - INFO - HTTP Request: HEAD https://www.1337x.to/user/ivan.versteegh@icloud.com/ "HTTP/1.1 403 Forbidden"
2026-03-23 20:25:15,604 - httpx - INFO - HTTP Request: GET https://id.atlassian.com/login "HTTP/1.1 200 OK"
2026-03-23 20:25:16,673 - httpx - INFO - HTTP Request: GET https://en.gravatar.com/10b6a6f8ac8a6ce069b6406ec2f44fd2.json "HTTP/1.1 404 Not Found"
2026-03-23 20:25:16,946 - httpx - INFO - HTTP Request: HEAD https://www.1337x.to/user/ivan.versteegh@icloud.com/ "HTTP/1.1 403 Forbidden"
2026-03-23 20:25:18,248 - httpx - INFO - HTTP Request: POST https://auth.voxmedia.com/chorus_auth/email_valid.json "HTTP/1.1 500 Domain Not Found"
2026-03-23 20:25:18,288 - httpx - INFO - HTTP Request: HEAD https://2dimensions.com/a/ivan.versteegh@icloud.com "HTTP/1.1 301 Moved Permanently"
2026-03-23 20:25:18,688 - httpx - INFO - HTTP Request: HEAD http://rive.app/a/ivan.versteegh@icloud.com "HTTP/1.1 301 Moved Permanently"
2026-03-23 20:25:18,939 - httpx - INFO - HTTP Request: GET https://public-api.wordpress.com/rest/v1.1/users/ivan.versteegh@icloud.com/auth-options?http_envelope=1&locale=fr "HTTP/1.1 200 OK"
2026-03-23 20:25:19,526 - httpx - INFO - HTTP Request: HEAD https://rive.app/a/ivan.versteegh@icloud.com "HTTP/1.1 404 Not Found"
2026-03-23 20:25:19,630 - httpx - INFO - HTTP Request: GET https://about.me/signup "HTTP/1.1 200 OK"
2026-03-23 20:25:19,837 - httpx - INFO - HTTP Request: POST https://about.me/n/signup "HTTP/1.1 302 Found"
2026-03-23 20:25:19,992 - httpx - INFO - HTTP Request: GET https://about.me/n "HTTP/1.1 404 Not Found"
2026-03-23 20:25:20,749 - httpx - INFO - HTTP Request: HEAD https://www.7cups.com/@ivan.versteegh@icloud.com "HTTP/1.1 404 Not Found"
2026-03-23 20:25:20,889 - httpx - INFO - HTTP Request: POST https://www.amocrm.com/account/check_login.php "HTTP/1.1 301 Moved Permanently"
2026-03-23 20:25:21,749 - httpx - INFO - HTTP Request: GET https://www.kommo.com/account/check_login.php "HTTP/1.1 405 Method Not Allowed"
2026-03-23 20:25:22,021 - httpx - INFO - HTTP Request: HEAD https://apclips.com/ivan.versteegh@icloud.com "HTTP/1.1 403 Forbidden"
2026-03-23 20:25:23,118 - httpx - INFO - HTTP Request: GET https://axonaut.com/onboarding/?email=ivan.versteegh@icloud.com "HTTP/1.1 200 OK"
2026-03-23 20:25:23,151 - httpx - INFO - HTTP Request: HEAD https://apclips.com/ivan.versteegh@icloud.com "HTTP/1.1 403 Forbidden"
2026-03-23 20:25:23,691 - httpx - INFO - HTTP Request: HEAD https://about.me/ivan.versteegh@icloud.com "HTTP/1.1 404 Not Found"
2026-03-23 20:25:23,872 - httpx - INFO - HTTP Request: POST https://api.hubspot.com/login-api/v1/login "HTTP/1.1 400 Bad Request"
2026-03-23 20:25:24,364 - httpx - INFO - HTTP Request: HEAD https://independent.academia.edu/ivan.versteegh@icloud.com "HTTP/1.1 404 Not Found"
2026-03-23 20:25:25,427 - httpx - INFO - HTTP Request: POST https://accounts.insightly.com/signup/isemailvalid "HTTP/1.1 200 OK"
2026-03-23 20:25:25,550 - httpx - INFO - HTTP Request: HEAD https://admireme.vip/ivan.versteegh@icloud.com "HTTP/1.1 404 Not Found"
2026-03-23 20:25:25,971 - httpx - INFO - HTTP Request: GET https://www.nimble.com/lib/register.php?email=ivan.versteegh@icloud.com "HTTP/1.1 403 Forbidden"
2026-03-23 20:25:27,081 - httpx - INFO - HTTP Request: GET https://register.nocrm.io/register/check_trial_duplicate?email=ivan.versteegh@icloud.com "HTTP/1.1 404 Not Found"
2026-03-23 20:25:27,798 - httpx - INFO - HTTP Request: HEAD https://airbit.com/ivan.versteegh@icloud.com "HTTP/1.1 404 Not Found"
2026-03-23 20:25:27,850 - httpx - INFO - HTTP Request: POST https://app.nutshell.com/auth "HTTP/1.1 200 OK"
2026-03-23 20:25:28,484 - httpx - INFO - HTTP Request: POST https://app.pipedrive.com/signup-service/start "HTTP/1.1 403 Forbidden"
2026-03-23 20:25:28,527 - httpx - INFO - HTTP Request: HEAD https://www.airliners.net/user/ivan.versteegh@icloud.com/profile/photos "HTTP/1.1 404 Not Found"
2026-03-23 20:25:29,771 - httpx - INFO - HTTP Request: POST https://focus.teamleader.eu/app/emails/availability "HTTP/1.1 200 OK"
2026-03-23 20:25:30,193 - httpx - INFO - HTTP Request: HEAD https://www.allthingsworn.com/profile/ivan.versteegh@icloud.com "HTTP/1.1 403 Forbidden"
2026-03-23 20:25:30,777 - httpx - INFO - HTTP Request: GET https://accounts.zoho.com/register "HTTP/1.1 200 "
2026-03-23 20:25:31,698 - httpx - INFO - HTTP Request: HEAD https://www.allthingsworn.com/profile/ivan.versteegh@icloud.com "HTTP/1.1 403 Forbidden"
2026-03-23 20:25:32,002 - httpx - INFO - HTTP Request: POST https://accounts.zoho.com/signin/v2/lookup/ivan.versteegh@icloud.com "HTTP/1.1 200 "
2026-03-23 20:25:32,330 - httpx - INFO - HTTP Request: HEAD https://allmylinks.com/ivan.versteegh@icloud.com "HTTP/1.1 404 Not Found"
2026-03-23 20:25:32,614 - httpx - INFO - HTTP Request: GET https://www.buymeacoffee.com/ "HTTP/1.1 301 Moved Permanently"
2026-03-23 20:25:33,099 - httpx - INFO - HTTP Request: HEAD https://aniworld.to/user/profil/ivan.versteegh@icloud.com "HTTP/1.1 400 Bad Request"
2026-03-23 20:25:33,245 - httpx - INFO - HTTP Request: GET https://buymeacoffee.com/ "HTTP/1.1 200 OK"
2026-03-23 20:25:33,664 - httpx - INFO - HTTP Request: HEAD https://anilist.co/user/ivan.versteegh@icloud.com/ "HTTP/1.1 200 OK"
2026-03-23 20:25:34,575 - httpx - INFO - HTTP Request: GET https://www.babeshows.co.uk/member.php "HTTP/1.1 403 Forbidden"
2026-03-23 20:25:34,732 - httpx - INFO - HTTP Request: HEAD https://developer.apple.com/forums/profile/ivan.versteegh@icloud.com "HTTP/1.1 404 Not Found"
2026-03-23 20:25:35,420 - httpx - INFO - HTTP Request: GET https://www.badeggsonline.com/beo2-forum/member.php "HTTP/1.1 202 Accepted"
2026-03-23 20:25:36,111 - httpx - INFO - HTTP Request: GET https://bios-mods.com/forum/member.php "HTTP/1.1 302 Found"
2026-03-23 20:25:36,404 - httpx - INFO - HTTP Request: GET https://bios-mods.com/forum/index.php "HTTP/1.1 200 OK"
2026-03-23 20:25:36,615 - httpx - INFO - HTTP Request: HEAD https://discussions.apple.com/profile/ivan.versteegh@icloud.com "HTTP/1.1 404 Not Found"
2026-03-23 20:25:36,907 - httpx - INFO - HTTP Request: POST https://bios-mods.com/forum/xmlhttp.php?action=email_availability "HTTP/1.1 200 OK"
2026-03-23 20:25:37,394 - httpx - INFO - HTTP Request: HEAD https://www.aparat.com/ivan.versteegh@icloud.com/ "HTTP/1.0 504 Gateway Timeout"
2026-03-23 20:25:37,896 - httpx - INFO - HTTP Request: GET https://biotechnologyforums.com/member.php "HTTP/1.1 302 Moved Temporarily"
2026-03-23 20:25:38,191 - httpx - INFO - HTTP Request: HEAD https://archiveofourown.org/users/ivan.versteegh@icloud.com "HTTP/1.1 403 Forbidden"
2026-03-23 20:25:38,278 - httpx - INFO - HTTP Request: GET https://biotechnologyforums.com/index.php "HTTP/1.1 200 OK"
2026-03-23 20:25:38,764 - httpx - INFO - HTTP Request: POST https://biotechnologyforums.com/xmlhttp.php?action=email_availability "HTTP/1.1 200 OK"
2026-03-23 20:25:39,006 - httpx - INFO - HTTP Request: GET http://blackworldforum.com/member.php "HTTP/1.1 500 Internal Server Error"
2026-03-23 20:25:39,846 - httpx - INFO - HTTP Request: HEAD https://archiveofourown.org/users/ivan.versteegh@icloud.com "HTTP/1.1 403 Forbidden"
2026-03-23 20:25:40,690 - httpx - INFO - HTTP Request: HEAD https://archive.org/details/@ivan.versteegh@icloud.com "HTTP/1.1 200 OK"
2026-03-23 20:25:41,370 - httpx - INFO - HTTP Request: GET https://forum.blitzortung.org/member.php "HTTP/1.1 302 Found"
2026-03-23 20:25:41,659 - werkzeug - INFO - 127.0.0.1 - - [23/Mar/2026 20:25:41] "GET /api/history HTTP/1.1" 200 -
2026-03-23 20:25:41,663 - werkzeug - INFO - 127.0.0.1 - - [23/Mar/2026 20:25:41] "GET /api/archive?q=&tool= HTTP/1.1" 200 -
2026-03-23 20:25:41,686 - httpx - INFO - HTTP Request: HEAD https://forum.arduino.cc/u/ivan.versteegh@icloud.com/summary "HTTP/1.1 404 Not Found"
2026-03-23 20:25:41,718 - httpx - INFO - HTTP Request: GET https://forum.blitzortung.org/index.php "HTTP/1.1 200 OK"
2026-03-23 20:25:42,112 - httpx - INFO - HTTP Request: POST https://forum.blitzortung.org/xmlhttp.php?action=email_availability "HTTP/1.1 200 OK"
2026-03-23 20:25:42,307 - httpx - INFO - HTTP Request: HEAD https://www.artstation.com/ivan.versteegh@icloud.com "HTTP/1.1 403 Forbidden"
2026-03-23 20:25:42,467 - httpx - INFO - HTTP Request: GET http://bluegrassrivals.com/forum/member.php "HTTP/1.1 403 Forbidden"
2026-03-23 20:25:42,985 - httpx - INFO - HTTP Request: GET https://discussion.cambridge-mt.com/member.php "HTTP/1.1 403 Forbidden"
2026-03-23 20:25:43,790 - httpx - INFO - HTTP Request: HEAD https://www.artstation.com/ivan.versteegh@icloud.com "HTTP/1.1 403 Forbidden"
2026-03-23 20:25:44,599 - httpx - INFO - HTTP Request: HEAD https://asciinema.org/~ivan.versteegh@icloud.com "HTTP/1.1 404 Not Found"
2026-03-23 20:25:44,716 - httpx - INFO - HTTP Request: GET https://www.clashfarmer.com/forum/member.php "HTTP/1.1 302 Found"
2026-03-23 20:25:44,900 - httpx - INFO - HTTP Request: GET https://www.clashfarmer.com/forum/index.php "HTTP/1.1 301 Moved Permanently"
2026-03-23 20:25:45,441 - httpx - INFO - HTTP Request: GET http://www.clashfarmer.com/forum/ "HTTP/1.1 301 Moved Permanently"
2026-03-23 20:25:45,682 - httpx - INFO - HTTP Request: HEAD https://ask.fedoraproject.org/u/ivan.versteegh@icloud.com "HTTP/1.1 301 Moved Permanently"
2026-03-23 20:25:45,801 - httpx - INFO - HTTP Request: GET https://www.clashfarmer.com/forum/ "HTTP/1.1 200 OK"
2026-03-23 20:25:46,227 - httpx - INFO - HTTP Request: POST https://www.clashfarmer.com/forum/xmlhttp.php?action=email_availability "HTTP/1.1 200 OK"
2026-03-23 20:25:46,515 - httpx - INFO - HTTP Request: HEAD https://discussion.fedoraproject.org/askfedora/u/ivan.versteegh@icloud.com "HTTP/1.1 404 Not Found"
2026-03-23 20:25:46,956 - httpx - INFO - HTTP Request: GET https://forum.codeigniter.com/member.php "HTTP/1.1 403 Forbidden"
2026-03-23 20:25:47,691 - httpx - INFO - HTTP Request: HEAD https://atcoder.jp/users/ivan.versteegh@icloud.com "HTTP/1.1 404 Not Found"
2026-03-23 20:25:48,470 - httpx - INFO - HTTP Request: HEAD https://vjudge.net/user/ivan.versteegh@icloud.com "HTTP/1.1 404 Not Found"
2026-03-23 20:25:48,482 - httpx - INFO - HTTP Request: GET https://www.cpaelites.com/member.php "HTTP/1.1 403 Forbidden"
2026-03-23 20:25:50,113 - httpx - INFO - HTTP Request: HEAD https://audiojungle.net/user/ivan.versteegh@icloud.com "HTTP/1.1 404 Not Found"
2026-03-23 20:25:51,114 - httpx - INFO - HTTP Request: HEAD https://www.autofrage.net/nutzer/ivan.versteegh@icloud.com "HTTP/1.1 404 Not Found"
2026-03-23 20:25:51,196 - httpx - INFO - HTTP Request: GET https://www.cpahero.com/member.php "HTTP/1.1 301 Moved Permanently"
2026-03-23 20:25:52,405 - httpx - INFO - HTTP Request: HEAD https://www.avizo.cz/ivan.versteegh@icloud.com/ "HTTP/1.1 301 Moved Permanently"
2026-03-23 20:25:52,612 - httpx - INFO - HTTP Request: GET https://cpahero.com/member.php "HTTP/1.1 404 Not Found"
2026-03-23 20:25:52,626 - httpx - INFO - HTTP Request: HEAD https://www.avizo.cz/uzivatel/ivan "HTTP/1.1 301 Moved Permanently"
2026-03-23 20:25:52,960 - httpx - INFO - HTTP Request: HEAD https://www.avizo.cz/uzivatel/ivan/ "HTTP/1.1 200 OK"
2026-03-23 20:25:53,775 - httpx - INFO - HTTP Request: GET https://demonforums.net/member.php "HTTP/1.1 403 Forbidden"
2026-03-23 20:25:54,326 - httpx - INFO - HTTP Request: HEAD https://skillsprofile.skillbuilder.aws/user/ivan.versteegh@icloud.com/ "HTTP/1.1 308 Permanent Redirect"
2026-03-23 20:25:54,658 - httpx - INFO - HTTP Request: GET https://drachenhort.user.stunet.tu-freiberg.de/member.php "HTTP/1.1 404 Not Found"
2026-03-23 20:25:54,737 - httpx - INFO - HTTP Request: HEAD https://skillsprofile.skillbuilder.aws/user/ivan.versteegh@icloud.com "HTTP/1.1 200 OK"
2026-03-23 20:25:55,438 - httpx - INFO - HTTP Request: GET https://forum.kodi.tv/member.php "HTTP/1.1 403 Forbidden"
2026-03-23 20:25:55,576 - httpx - INFO - HTTP Request: HEAD https://www.bandcamp.com/ivan.versteegh@icloud.com "HTTP/1.1 301 Moved Permanently"
2026-03-23 20:25:56,135 - httpx - INFO - HTTP Request: GET https://community.mybb.com/member.php "HTTP/1.1 200 OK"
2026-03-23 20:25:56,174 - httpx - INFO - HTTP Request: HEAD https://bandcamp.com/ivan.versteegh@icloud.com "HTTP/1.1 404 Not Found"
2026-03-23 20:25:57,199 - httpx - INFO - HTTP Request: GET https://forum.ndemiccreations.com/member.php "HTTP/1.1 301 Moved Permanently"
2026-03-23 20:25:57,405 - httpx - INFO - HTTP Request: GET https://forum.ndemiccreations.com/ "HTTP/1.1 200 OK"
2026-03-23 20:25:57,441 - httpx - INFO - HTTP Request: HEAD https://www.bazar.cz/ivan.versteegh@icloud.com/ "HTTP/1.1 404 Not Found"
2026-03-23 20:25:57,851 - httpx - INFO - HTTP Request: POST https://forum.ndemiccreations.com/xmlhttp.php?action=email_availability "HTTP/1.1 200 OK"
2026-03-23 20:25:58,416 - httpx - INFO - HTTP Request: GET https://forums.nextpvr.com/member.php "HTTP/1.1 302 Found"
2026-03-23 20:25:58,557 - httpx - INFO - HTTP Request: HEAD https://www.behance.net/ivan.versteegh@icloud.com "HTTP/1.1 404 Not Found"
2026-03-23 20:25:58,986 - httpx - INFO - HTTP Request: GET https://forums.nextpvr.com/index.php "HTTP/1.1 200 OK"
2026-03-23 20:25:59,311 - httpx - INFO - HTTP Request: POST https://forums.nextpvr.com/xmlhttp.php?action=email_availability "HTTP/1.1 200 OK"
2026-03-23 20:25:59,561 - httpx - INFO - HTTP Request: HEAD https://bezuzyteczna.pl/uzytkownicy/ivan.versteegh@icloud.com "HTTP/1.1 404 Not Found"
2026-03-23 20:25:59,890 - httpx - INFO - HTTP Request: GET https://onlinesequencer.net/forum/member.php "HTTP/1.1 302 Found"
2026-03-23 20:26:00,065 - httpx - INFO - HTTP Request: HEAD https://www.biggerpockets.com/users/ivan.versteegh@icloud.com "HTTP/1.1 403 Forbidden"
2026-03-23 20:26:00,803 - httpx - INFO - HTTP Request: GET https://onlinesequencer.net/forum/index.php "HTTP/1.1 200 OK"
2026-03-23 20:26:01,190 - httpx - INFO - HTTP Request: HEAD https://www.biggerpockets.com/users/ivan.versteegh@icloud.com "HTTP/1.1 403 Forbidden"
2026-03-23 20:26:01,294 - httpx - INFO - HTTP Request: POST https://onlinesequencer.net/forum/xmlhttp.php?action=email_availability "HTTP/1.1 200 OK"
2026-03-23 20:26:01,760 - httpx - INFO - HTTP Request: HEAD https://forum.dangerousthings.com/u/ivan.versteegh@icloud.com "HTTP/1.1 404 Not Found"
2026-03-23 20:26:01,855 - httpx - INFO - HTTP Request: GET https://thecardboard.org/board/member.php "HTTP/1.1 302 Found"
2026-03-23 20:26:02,089 - httpx - INFO - HTTP Request: GET https://thecardboard.org/board/index.php "HTTP/1.1 200 OK"
2026-03-23 20:26:02,220 - httpx - INFO - HTTP Request: POST https://thecardboard.org/board/xmlhttp.php?action=email_availability "HTTP/1.1 200 OK"
2026-03-23 20:26:03,012 - httpx - INFO - HTTP Request: GET https://forums.therian-guide.com/member.php "HTTP/1.1 429 Too Many Requests"
2026-03-23 20:26:03,257 - httpx - INFO - HTTP Request: GET http://www.thevapingforum.com/member.php "HTTP/1.1 302 Found"
2026-03-23 20:26:03,595 - httpx - INFO - HTTP Request: HEAD https://bitbucket.org/ivan.versteegh@icloud.com/ "HTTP/1.1 404 Not Found"
2026-03-23 20:26:03,922 - httpx - INFO - HTTP Request: GET https://www.hugedomains.com/domain_profile.cfm?d=thevapingforum.com "HTTP/1.1 200 OK"
2026-03-23 20:26:04,772 - httpx - INFO - HTTP Request: HEAD https://community.bitwarden.com/u/ivan.versteegh@icloud.com/summary "HTTP/1.1 404 Not Found"
2026-03-23 20:26:04,836 - httpx - INFO - HTTP Request: POST https://www.coroflot.com/home/signup_email_check "HTTP/1.1 200 OK"
2026-03-23 20:26:05,694 - httpx - INFO - HTTP Request: POST https://www.freelancer.com/api/users/0.1/users/check?compact=true&new_errors=true "HTTP/1.1 403 Forbidden"
2026-03-23 20:26:05,819 - httpx - INFO - HTTP Request: HEAD https://www.blipfoto.com/ivan.versteegh@icloud.com "HTTP/1.1 404 Not Found"
2026-03-23 20:26:06,216 - werkzeug - INFO - 127.0.0.1 - - [23/Mar/2026 20:26:06] "GET /api/history HTTP/1.1" 200 -
2026-03-23 20:26:06,224 - werkzeug - INFO - 127.0.0.1 - - [23/Mar/2026 20:26:06] "GET /api/archive?q=&tool= HTTP/1.1" 200 -
2026-03-23 20:26:06,619 - httpx - INFO - HTTP Request: HEAD https://blitztactics.com/ivan.versteegh@icloud.com "HTTP/1.1 404 Not Found"
2026-03-23 20:26:06,787 - httpx - INFO - HTTP Request: GET https://www.seoclerks.com "HTTP/1.1 200 OK"
2026-03-23 20:26:07,467 - httpx - INFO - HTTP Request: POST https://www.seoclerks.com/signup/check "HTTP/1.1 200 OK"
2026-03-23 20:26:07,886 - httpx - INFO - HTTP Request: HEAD https://bsky.app/profile/ivan.versteegh@icloud.com.bsky.social "HTTP/1.1 404 Not Found"
2026-03-23 20:26:08,368 - httpx - INFO - HTTP Request: GET https://www.diigo.com/sign-up?plan=free "HTTP/1.1 200 OK"
2026-03-23 20:26:08,885 - httpx - INFO - HTTP Request: GET https://www.diigo.com/user_mana2/check_email?email=ivan.versteegh%40icloud.com "HTTP/1.1 403 Forbidden"
2026-03-23 20:26:09,434 - httpx - INFO - HTTP Request: HEAD https://pt.bongacams.com/profile/ivan.versteegh@icloud.com "HTTP/1.1 403 Forbidden"
2026-03-23 20:26:09,476 - httpx - INFO - HTTP Request: GET https://fr.quora.com "HTTP/1.1 403 Forbidden"
2026-03-23 20:26:10,161 - httpx - INFO - HTTP Request: GET https://accounts.google.com/signup/v2/webcreateaccount?continue=https%3A%2F%2Faccounts.google.com%2FManageAccount%3Fnc%3D1&gmb=exp&biz=false&flowName=GlifWebSignIn&flowEntry=SignUp "HTTP/1.1 302 Moved Temporarily"
2026-03-23 20:26:10,316 - httpx - INFO - HTTP Request: GET https://accounts.google.com/signup/v2?continue=https%3A%2F%2Faccounts.google.com%2FManageAccount%3Fnc%3D1&gmb=exp&biz=false&flowName=GlifWebSignIn&flowEntry=SignUp "HTTP/1.1 302 Moved Temporarily"
2026-03-23 20:26:10,642 - httpx - INFO - HTTP Request: GET https://accounts.google.com/lifecycle/flows/signup?biz=false&continue=https%3A%2F%2Faccounts.google.com%2FManageAccount%3Fnc%3D1&flowEntry=SignUp&flowName=GlifWebSignIn&gmb=exp&dsh=S-1155508329%3A1774293970414864 "HTTP/1.1 302 Found"
2026-03-23 20:26:10,833 - httpx - INFO - HTTP Request: GET https://accounts.google.com/lifecycle/steps/signup/name?continue=https://accounts.google.com/ManageAccount?nc%3D1&dsh=S-1155508329:1774293970414864&flowEntry=SignUp&flowName=GlifWebSignIn&TL=AHU8sQu-4vF0AsDb5VgXvrtZWMJiB1pJAhfxKha2fLFxRfhDaB1FjFEz2sOo-3K7 "HTTP/1.1 200 OK"
2026-03-23 20:26:10,922 - httpx - INFO - HTTP Request: HEAD https://pt.bongacams.com/profile/ivan.versteegh@icloud.com "HTTP/1.1 403 Forbidden"
2026-03-23 20:26:11,654 - werkzeug - INFO - 127.0.0.1 - - [23/Mar/2026 20:26:11] "GET /api/history HTTP/1.1" 200 -
2026-03-23 20:26:11,661 - werkzeug - INFO - 127.0.0.1 - - [23/Mar/2026 20:26:11] "GET /api/archive?q=&tool= HTTP/1.1" 200 -
2026-03-23 20:26:11,670 - httpx - INFO - HTTP Request: HEAD https://www.bookcrossing.com/mybookshelf/ivan.versteegh@icloud.com/ "HTTP/1.1 403 Forbidden"
2026-03-23 20:26:12,263 - httpx - INFO - HTTP Request: POST https://www.laposte.fr/authentification "HTTP/1.1 403 Forbidden"
2026-03-23 20:26:13,467 - httpx - INFO - HTTP Request: POST https://account.mail.ru/api/v1/user/password/restore "HTTP/1.1 200 OK"
2026-03-23 20:26:14,381 - httpx - INFO - HTTP Request: HEAD https://www.bookcrossing.com/mybookshelf/ivan.versteegh@icloud.com/ "HTTP/1.1 403 Forbidden"
2026-03-23 20:26:14,986 - httpx - INFO - HTTP Request: HEAD https://boardgamegeek.com/user/ivan.versteegh@icloud.com "HTTP/1.1 403 Forbidden"
2026-03-23 20:26:15,040 - httpx - INFO - HTTP Request: GET https://api.protonmail.ch/pks/lookup?op=index&search=ivan.versteegh@icloud.com "HTTP/1.1 200 OK"
2026-03-23 20:26:16,189 - httpx - INFO - HTTP Request: GET https://login.yahoo.com "HTTP/1.1 200 OK"
2026-03-23 20:26:16,395 - httpx - INFO - HTTP Request: HEAD https://boardgamegeek.com/user/ivan.versteegh@icloud.com "HTTP/1.1 403 Forbidden"
2026-03-23 20:26:16,482 - httpx - INFO - HTTP Request: POST https://login.yahoo.com/?.src=fpctx&.intl=ca&.lang=en-CA&.done=https%3A%2F%2Fca.yahoo.com "HTTP/1.1 429 Too Many Requests"
2026-03-23 20:26:16,909 - httpx - INFO - HTTP Request: HEAD https://community.brave.com/u/ivan.versteegh@icloud.com/ "HTTP/1.1 301 Moved Permanently"
2026-03-23 20:26:17,755 - httpx - INFO - HTTP Request: HEAD https://community.brave.app/u/ivan.versteegh@icloud.com/ "HTTP/1.1 404 Not Found"
2026-03-23 20:26:17,878 - httpx - INFO - HTTP Request: POST https://ello.co/api/v2/availability "HTTP/1.1 202 Accepted"
2026-03-23 20:26:18,510 - httpx - INFO - HTTP Request: HEAD https://bugcrowd.com/ivan.versteegh@icloud.com "HTTP/1.1 404 Not Found"
2026-03-23 20:26:18,838 - httpx - INFO - HTTP Request: GET https://identity-api.flickr.com/migration?email=ivan.versteegh@icloud.com "HTTP/1.1 200 OK"
2026-03-23 20:26:19,432 - httpx - INFO - HTTP Request: HEAD https://buymeacoff.ee/ivan.versteegh@icloud.com "HTTP/1.1 301 Moved Permanently"
2026-03-23 20:26:19,906 - httpx - INFO - HTTP Request: HEAD https://buymeacoffee.com/ivan.versteegh@icloud.com "HTTP/1.1 404 Not Found"
2026-03-23 20:26:20,441 - httpx - INFO - HTTP Request: HEAD https://buzzfeed.com/ivan.versteegh@icloud.com "HTTP/1.1 301 Moved Permanently"
2026-03-23 20:26:20,782 - httpx - INFO - HTTP Request: POST https://account.komoot.com/v1/signin "HTTP/1.1 301 Moved Permanently"
2026-03-23 20:26:21,057 - httpx - INFO - HTTP Request: HEAD https://www.buzzfeed.com/ivan.versteegh@icloud.com "HTTP/1.1 404 Not Found"
2026-03-23 20:26:21,960 - httpx - INFO - HTTP Request: GET https://www.komoot.com/v1/signin "HTTP/1.1 404 Not Found"
2026-03-23 20:26:22,058 - httpx - INFO - HTTP Request: HEAD https://forum.cfx.re/u/ivan.versteegh@icloud.com/summary "HTTP/1.1 404 Not Found"
2026-03-23 20:26:22,948 - httpx - INFO - HTTP Request: HEAD https://www.cgtrader.com/ivan.versteegh@icloud.com "HTTP/1.1 301 Moved Permanently"
2026-03-23 20:26:23,130 - httpx - INFO - HTTP Request: POST https://id.rambler.ru/jsonrpc "HTTP/1.1 200 OK"
2026-03-23 20:26:23,250 - httpx - INFO - HTTP Request: HEAD https://www.cgtrader.com/not_found "HTTP/1.1 404 Not Found"
2026-03-23 20:26:24,093 - httpx - INFO - HTTP Request: POST https://www.sporcle.com/auth/ajax/verify.php "HTTP/1.1 403 Forbidden"
2026-03-23 20:26:24,407 - httpx - INFO - HTTP Request: HEAD https://www.cnet.com/profiles/ivan.versteegh@icloud.com/ "HTTP/1.1 404 Not Found"
2026-03-23 20:26:25,119 - httpx - INFO - HTTP Request: HEAD https://cssbattle.dev/player/ivan.versteegh@icloud.com "HTTP/1.1 403 Forbidden"
2026-03-23 20:26:25,373 - httpx - INFO - HTTP Request: POST https://www.caringbridge.org/signin "HTTP/1.1 405 Method Not Allowed"
2026-03-23 20:26:26,123 - httpx - INFO - HTTP Request: POST https://www.7cups.com/listener/CreateAccount.php "HTTP/1.1 403 Forbidden"
2026-03-23 20:26:26,240 - httpx - INFO - HTTP Request: HEAD https://cssbattle.dev/player/ivan.versteegh@icloud.com "HTTP/1.1 403 Forbidden"
2026-03-23 20:26:27,427 - httpx - INFO - HTTP Request: HEAD https://ctan.org/author/ivan.versteegh@icloud.com "HTTP/1.1 404 404"
2026-03-23 20:26:28,238 - httpx - INFO - HTTP Request: HEAD https://caddy.community/u/ivan.versteegh@icloud.com/summary "HTTP/1.1 404 Not Found"
2026-03-23 20:26:29,058 - httpx - INFO - HTTP Request: HEAD https://community.cartalk.com/u/ivan.versteegh@icloud.com/summary "HTTP/1.1 404 Not Found"
2026-03-23 20:26:30,287 - httpx - INFO - HTTP Request: HEAD https://career.habr.com/ivan.versteegh@icloud.com "HTTP/1.1 404 Not Found"
2026-03-23 20:26:30,878 - httpx - INFO - HTTP Request: HEAD https://cash.app/$ivan.versteegh@icloud.com "HTTP/1.1 403 Forbidden"
2026-03-23 20:26:32,006 - httpx - INFO - HTTP Request: HEAD https://cash.app/$ivan.versteegh@icloud.com "HTTP/1.1 403 Forbidden"
2026-03-23 20:26:32,992 - httpx - INFO - HTTP Request: HEAD https://www.championat.com/user/ivan.versteegh@icloud.com "HTTP/1.1 404 Not Found"
2026-03-23 20:26:34,905 - httpx - INFO - HTTP Request: HEAD https://profil.chatujme.cz/ivan.versteegh@icloud.com "HTTP/1.1 404 Not Found"
2026-03-23 20:26:35,422 - httpx - INFO - HTTP Request: HEAD https://chaturbate.com/ivan.versteegh@icloud.com "HTTP/1.1 403 Forbidden"
2026-03-23 20:26:36,842 - httpx - INFO - HTTP Request: HEAD https://chaturbate.com/ivan.versteegh@icloud.com "HTTP/1.1 403 Forbidden"
2026-03-23 20:26:37,763 - httpx - INFO - HTTP Request: HEAD https://www.chess.com/member/ivan.versteegh@icloud.com "HTTP/1.1 404 Not Found"
2026-03-23 20:26:38,562 - httpx - INFO - HTTP Request: HEAD https://choice.community/u/ivan.versteegh@icloud.com/summary "HTTP/1.1 404 Not Found"
2026-03-23 20:26:39,262 - httpx - INFO - HTTP Request: HEAD https://clapperapp.com/ivan.versteegh@icloud.com "HTTP/1.1 301 Found"
2026-03-23 20:26:40,383 - httpx - INFO - HTTP Request: HEAD https://www.clapperapp.com/ivan.versteegh@icloud.com "HTTP/1.1 400 Bad Request"
2026-03-23 20:26:40,999 - httpx - INFO - HTTP Request: HEAD https://community.cloudflare.com/u/ivan.versteegh@icloud.com "HTTP/1.1 403 Forbidden"
2026-03-23 20:26:41,652 - werkzeug - INFO - 127.0.0.1 - - [23/Mar/2026 20:26:41] "GET /api/history HTTP/1.1" 200 -
2026-03-23 20:26:41,658 - werkzeug - INFO - 127.0.0.1 - - [23/Mar/2026 20:26:41] "GET /api/archive?q=&tool= HTTP/1.1" 200 -
2026-03-23 20:26:42,516 - httpx - INFO - HTTP Request: HEAD https://community.cloudflare.com/u/ivan.versteegh@icloud.com "HTTP/1.1 403 Forbidden"
2026-03-23 20:26:43,326 - httpx - INFO - HTTP Request: HEAD https://www.clozemaster.com/players/ivan.versteegh@icloud.com "HTTP/1.1 302 Found"
2026-03-23 20:26:43,908 - httpx - INFO - HTTP Request: HEAD https://www.clozemaster.com/dashboard "HTTP/1.1 200 OK"
2026-03-23 20:26:44,530 - httpx - INFO - HTTP Request: HEAD https://www.clubhouse.com/@ivan.versteegh@icloud.com "HTTP/1.1 404 Not Found"
2026-03-23 20:26:45,434 - httpx - INFO - HTTP Request: HEAD https://codesnippets.fandom.com/wiki/User:ivan.versteegh@icloud.com "HTTP/1.1 403 Forbidden"
2026-03-23 20:26:46,759 - httpx - INFO - HTTP Request: GET https://www.last.fm/join "HTTP/1.1 200 OK"
2026-03-23 20:26:46,831 - httpx - INFO - HTTP Request: HEAD https://codesnippets.fandom.com/wiki/User:ivan.versteegh@icloud.com "HTTP/1.1 403 Forbidden"
2026-03-23 20:26:47,693 - httpx - INFO - HTTP Request: HEAD https://codeberg.org/ivan.versteegh@icloud.com "HTTP/1.1 404 Not Found"
2026-03-23 20:26:47,864 - httpx - INFO - HTTP Request: POST https://www.last.fm/join/partial/validate "HTTP/1.1 200 OK"
2026-03-23 20:26:48,445 - httpx - INFO - HTTP Request: HEAD https://www.codecademy.com/profiles/ivan.versteegh@icloud.com "HTTP/1.1 200 OK"
2026-03-23 20:26:48,533 - httpx - INFO - HTTP Request: GET https://www.smule.com/user/check_email "HTTP/1.1 403 Forbidden"
2026-03-23 20:26:49,213 - httpx - INFO - HTTP Request: GET https://soundcloud.com/octobersveryown "HTTP/1.1 307 Temporary Redirect"
2026-03-23 20:26:50,122 - httpx - INFO - HTTP Request: HEAD https://www.codechef.com/users/ivan.versteegh@icloud.com "HTTP/1.1 302 Found"
2026-03-23 20:26:50,270 - httpx - INFO - HTTP Request: HEAD https://www.codechef.com/ "HTTP/1.1 200 OK"
2026-03-23 20:26:50,440 - httpx - INFO - HTTP Request: GET https://m.soundcloud.com/octobersveryown "HTTP/1.1 200 OK"
2026-03-23 20:26:51,346 - httpx - INFO - HTTP Request: HEAD https://codeforces.com/profile/ivan.versteegh@icloud.com "HTTP/1.1 403 Forbidden"
2026-03-23 20:26:51,360 - httpx - INFO - HTTP Request: GET https://spclient.wg.spotify.com/signup/public/v1/account?validate=1&email=ivan.versteegh%40icloud.com "HTTP/1.1 200 OK"
2026-03-23 20:26:52,070 - httpx - INFO - HTTP Request: GET https://www.tunefind.com/user/join "HTTP/1.1 404 Not Found"
2026-03-23 20:26:52,675 - httpx - INFO - HTTP Request: GET https://rocketreach.co/v1/validateEmail?email_address=ivan.versteegh@icloud.com "HTTP/1.1 403 Forbidden"
2026-03-23 20:26:52,899 - httpx - INFO - HTTP Request: HEAD https://codeforces.com/profile/ivan.versteegh@icloud.com "HTTP/1.1 403 Forbidden"
2026-03-23 20:26:53,353 - httpx - INFO - HTTP Request: GET https://venmo.com/signup/email "HTTP/1.1 302 Moved Temporarily"
2026-03-23 20:26:53,720 - httpx - INFO - HTTP Request: HEAD https://codepen.io/ivan.versteegh@icloud.com "HTTP/1.1 403 Forbidden"
2026-03-23 20:26:54,123 - httpx - INFO - HTTP Request: GET https://account.venmo.com/signup/email "HTTP/1.1 307 Temporary Redirect"
2026-03-23 20:26:54,367 - httpx - INFO - HTTP Request: GET http://account.venmo.com/signup "HTTP/1.1 301 Moved Permanently"
2026-03-23 20:26:54,955 - httpx - INFO - HTTP Request: GET https://venmo.com/signup "HTTP/1.1 200 OK"
2026-03-23 20:26:55,286 - httpx - INFO - HTTP Request: HEAD https://codepen.io/ivan.versteegh@icloud.com "HTTP/1.1 403 Forbidden"
2026-03-23 20:26:56,059 - httpx - INFO - HTTP Request: GET https://www.pornhub.com/signup "HTTP/1.1 200 OK"
2026-03-23 20:26:56,163 - werkzeug - INFO - 127.0.0.1 - - [23/Mar/2026 20:26:56] "GET /api/history HTTP/1.1" 200 -
2026-03-23 20:26:56,172 - werkzeug - INFO - 127.0.0.1 - - [23/Mar/2026 20:26:56] "GET /api/archive?q=&tool= HTTP/1.1" 200 -
2026-03-23 20:26:56,892 - httpx - INFO - HTTP Request: POST https://www.pornhub.com/user/create_account_check?token=MTc3NDI5NDAxNsoTk1Y6R6q0pPVue13xiiaZLuTt_N6ZCOp176KXd02m5cjlSflzrqOTvVtmNy-6FVYqQRshCulNdG1z6Mfly3I. "HTTP/1.1 404 Not Found"
2026-03-23 20:26:57,656 - httpx - INFO - HTTP Request: HEAD https://profile.codersrank.io/user/ivan.versteegh@icloud.com/ "HTTP/1.1 200 OK"
2026-03-23 20:26:57,666 - httpx - INFO - HTTP Request: GET https://redtube.com/register "HTTP/1.1 301 Moved Permanently"
2026-03-23 20:26:58,238 - httpx - INFO - HTTP Request: HEAD https://coderwall.com/ivan.versteegh@icloud.com "HTTP/1.1 404 Not Found"
2026-03-23 20:26:58,275 - httpx - INFO - HTTP Request: GET https://www.redtube.com/register "HTTP/1.1 200 OK"
2026-03-23 20:26:59,037 - httpx - INFO - HTTP Request: HEAD https://codesandbox.io/u/ivan.versteegh@icloud.com "HTTP/1.1 200 OK"
2026-03-23 20:26:59,520 - httpx - INFO - HTTP Request: GET https://www.xnxx.com "HTTP/1.1 200 OK"
2026-03-23 20:26:59,666 - httpx - INFO - HTTP Request: HEAD https://www.codewars.com/users/ivan.versteegh@icloud.com "HTTP/1.1 404 Not Found"
2026-03-23 20:26:59,834 - httpx - INFO - HTTP Request: GET https://www.xnxx.com/account/checkemail?email=ivan.versteegh%40icloud.com "HTTP/1.1 200 OK"
2026-03-23 20:27:00,250 - httpx - INFO - HTTP Request: HEAD https://codolio.com/profile/ivan.versteegh@icloud.com "HTTP/1.1 200 OK"
2026-03-23 20:27:00,806 - httpx - INFO - HTTP Request: HEAD https://coinvote.cc/profile/ivan.versteegh@icloud.com "HTTP/1.1 410 Gone"
2026-03-23 20:27:00,816 - httpx - INFO - HTTP Request: GET https://www.xvideos.com/account/checkemail?email=ivan.versteegh%40icloud.com "HTTP/1.1 200 OK"
2026-03-23 20:27:01,557 - httpx - INFO - HTTP Request: POST https://sm-prod2.any.do/check_email "HTTP/1.1 200 OK"
2026-03-23 20:27:01,737 - httpx - INFO - HTTP Request: HEAD https://www.colourlovers.com/lover/ivan.versteegh@icloud.com "HTTP/1.1 403 Forbidden"
2026-03-23 20:27:02,189 - httpx - INFO - HTTP Request: GET https://www.evernote.com/Login.action "HTTP/1.1 302 Found"
2026-03-23 20:27:02,433 - httpx - INFO - HTTP Request: GET https://www.evernote.com/login?targetUrl= "HTTP/1.1 302 Found"
2026-03-23 20:27:03,193 - httpx - INFO - HTTP Request: GET https://accounts.evernote.com/auth/authorize?build_type=web&client_consumer_key=en-web&client_id=4c45c94e-1391-4fee-8e8f-6a58903673dc&code_challenge=Nb4R9gDlkaHj6yXwN_hHmK6suCzUT4pFbb583HdECHg&code_challenge_method=S256&oauth_provider=email%3Alogin&redirect_uri=https%3A%2F%2Fwww.evernote.com%2Flogin&response_type=code&state=4bf5aff0e8d62ec415e970c86d38a3ffb60fba34f0ba4fae5579df3fee778426&local_storage_id&ignore_session "HTTP/1.1 302 Found"
2026-03-23 20:27:03,310 - httpx - INFO - HTTP Request: GET https://accounts.evernote.com/login "HTTP/1.1 200 OK"
2026-03-23 20:27:03,317 - httpx - INFO - HTTP Request: HEAD https://www.colourlovers.com/lover/ivan.versteegh@icloud.com "HTTP/1.1 403 Forbidden"
2026-03-23 20:27:04,232 - httpx - INFO - HTTP Request: HEAD https://www.coroflot.com/ivan.versteegh@icloud.com "HTTP/1.1 404 Not Found"
2026-03-23 20:27:04,864 - httpx - INFO - HTTP Request: HEAD https://cplusplus.com/user/ivan.versteegh@icloud.com "HTTP/1.1 200 OK"
2026-03-23 20:27:04,947 - httpx - INFO - HTTP Request: GET https://www.eventbrite.com/signin/?referrer=%2F "HTTP/1.1 200 OK"
2026-03-23 20:27:05,620 - httpx - INFO - HTTP Request: POST https://www.eventbrite.com/api/v3/users/lookup/ "HTTP/1.1 200 OK"
2026-03-23 20:27:05,984 - httpx - INFO - HTTP Request: HEAD https://www.cracked.com/members/ivan.versteegh@icloud.com/ "HTTP/1.1 301 Moved Permanently"
2026-03-23 20:27:06,350 - httpx - INFO - HTTP Request: HEAD http://test-pools-02.cracked.com/members/ivan.versteegh@icloud.com "HTTP/1.1 301 Moved Permanently"
2026-03-23 20:27:06,847 - httpx - INFO - HTTP Request: HEAD https://www.cracked.com/members/ivan.versteegh@icloud.com "HTTP/1.1 302 Moved Temporarily"
2026-03-23 20:27:07,269 - httpx - INFO - HTTP Request: HEAD https://www.cracked.com/ "HTTP/1.1 200 OK"
2026-03-23 20:27:07,630 - httpx - INFO - HTTP Request: GET https://account.samsung.com/accounts/v1/Samsung_com_FR/signUp "HTTP/1.1 302 Found"
2026-03-23 20:27:07,967 - httpx - INFO - HTTP Request: HEAD https://cracked.sh/ivan.versteegh@icloud.com "HTTP/1.1 404 Not Found"
2026-03-23 20:27:08,795 - httpx - INFO - HTTP Request: HEAD https://www.credly.com/users/ivan.versteegh@icloud.com "HTTP/1.1 404 Not Found"
2026-03-23 20:27:08,875 - httpx - INFO - HTTP Request: GET https://v3.account.samsung.com/membership/intro "HTTP/1.1 404 Not Found"
2026-03-23 20:27:09,390 - httpx - INFO - HTTP Request: GET https://www.codecademy.com/register?redirect=%2F "HTTP/1.1 403 Forbidden"
2026-03-23 20:27:10,172 - httpx - INFO - HTTP Request: GET https://codepen.io/accounts/signup/user/free "HTTP/1.1 403 Forbidden"
2026-03-23 20:27:10,343 - httpx - INFO - HTTP Request: HEAD https://crowdin.com/profile/ivan.versteegh@icloud.com "HTTP/1.1 404 Not Found"
2026-03-23 20:27:10,962 - httpx - INFO - HTTP Request: POST https://devrant.com/api/users "HTTP/1.1 200 OK"
2026-03-23 20:27:11,225 - httpx - INFO - HTTP Request: HEAD https://cryptohack.org/user/ivan.versteegh@icloud.com/ "HTTP/1.1 302 FOUND"
2026-03-23 20:27:11,437 - httpx - INFO - HTTP Request: HEAD https://cryptohack.org/ "HTTP/1.1 200 OK"
2026-03-23 20:27:11,649 - werkzeug - INFO - 127.0.0.1 - - [23/Mar/2026 20:27:11] "GET /api/history HTTP/1.1" 200 -
2026-03-23 20:27:11,658 - werkzeug - INFO - 127.0.0.1 - - [23/Mar/2026 20:27:11] "GET /api/archive?q=&tool= HTTP/1.1" 200 -
2026-03-23 20:27:11,780 - httpx - INFO - HTTP Request: GET https://github.com/join "HTTP/1.1 302 Found"
2026-03-23 20:27:12,041 - httpx - INFO - HTTP Request: GET https://github.com/signup "HTTP/1.1 200 OK"
2026-03-23 20:27:12,407 - httpx - INFO - HTTP Request: HEAD https://community.cryptomator.org/u/ivan.versteegh@icloud.com "HTTP/1.1 404 Not Found"
2026-03-23 20:27:12,657 - httpx - INFO - HTTP Request: POST https://replit.com/data/user/exists "HTTP/1.1 403 Forbidden"
2026-03-23 20:27:13,356 - httpx - INFO - HTTP Request: HEAD https://cults3d.com/en/users/ivan.versteegh@icloud.com/creations "HTTP/1.1 404 Not Found"
2026-03-23 20:27:13,480 - httpx - INFO - HTTP Request: GET https://teamtreehouse.com/subscribe/new?trial=yes "HTTP/1.1 200 OK"
2026-03-23 20:27:14,005 - httpx - INFO - HTTP Request: POST https://teamtreehouse.com/account/email_address "HTTP/1.1 200 OK"
2026-03-23 20:27:14,404 - httpx - INFO - HTTP Request: HEAD https://cyberdefenders.org/p/ivan.versteegh@icloud.com "HTTP/1.1 301 Moved Permanently"
2026-03-23 20:27:14,859 - httpx - INFO - HTTP Request: POST https://www.vrbo.com/auth/aam/v3/status "HTTP/1.1 429 Too Many Requests"
2026-03-23 20:27:15,126 - httpx - INFO - HTTP Request: HEAD https://cyberdefenders.org/p/ivan.versteegh@icloud.com/ "HTTP/1.1 404 Not Found"
2026-03-23 20:27:15,871 - httpx - INFO - HTTP Request: HEAD https://dev.to/ivan.versteegh@icloud.com "HTTP/1.1 404 Not Found"
2026-03-23 20:27:16,546 - httpx - INFO - HTTP Request: HEAD https://dmoj.ca/user/ivan.versteegh@icloud.com "HTTP/1.1 404 Not Found"
2026-03-23 20:27:17,186 - httpx - INFO - HTTP Request: GET https://www.amazon.com/ap/signin?openid.pape.max_auth_age=0&openid.return_to=https%3A%2F%2Fwww.amazon.com%2F%3F_encoding%3DUTF8%26ref_%3Dnav_ya_signin&openid.identity=http%3A%2F%2Fspecs.openid.net%2Fauth%2F2.0%2Fidentifier_select&openid.assoc_handle=usflex&openid.mode=checkid_setup&openid.claimed_id=http%3A%2F%2Fspecs.openid.net%2Fauth%2F2.0%2Fidentifier_select&openid.ns=http%3A%2F%2Fspecs.openid.net%2Fauth%2F2.0& "HTTP/1.1 200 OK"
2026-03-23 20:27:18,011 - httpx - INFO - HTTP Request: POST https://www.amazon.com/ap/signin/ "HTTP/1.1 200 OK"
2026-03-23 20:27:18,524 - httpx - INFO - HTTP Request: HEAD https://www.dailymotion.com/ivan.versteegh@icloud.com "HTTP/1.1 404 Not Found"
2026-03-23 20:27:19,707 - httpx - INFO - HTTP Request: POST https://www.armurerie-auxerre.com/customer/Email/email/ "HTTP/1.1 404 Not Found"
2026-03-23 20:27:20,802 - httpx - INFO - HTTP Request: HEAD https://gallog.dcinside.com/ivan.versteegh@icloud.com "HTTP/1.1 404 Not Found"
2026-03-23 20:27:21,302 - httpx - INFO - HTTP Request: GET https://commande.dominos.fr/eStore/fr/Signup "HTTP/1.1 403 Forbidden"
2026-03-23 20:27:21,816 - httpx - INFO - HTTP Request: HEAD https://www.dealabs.com/profile/ivan.versteegh@icloud.com "HTTP/1.1 200 OK"
2026-03-23 20:27:22,134 - httpx - INFO - HTTP Request: GET https://commande.dominos.fr/eStore/fr/Signup/IsEmailAvailable?email=ivan.versteegh%40icloud.com "HTTP/1.1 403 Forbidden"
2026-03-23 20:27:23,079 - httpx - INFO - HTTP Request: HEAD https://www.deviantart.com/ivan.versteegh@icloud.com "HTTP/1.1 404 Not Found"
2026-03-23 20:27:23,568 - httpx - INFO - HTTP Request: GET https://www.ebay.com/signin/ "HTTP/1.1 301 Moved Permanently"
2026-03-23 20:27:23,973 - httpx - INFO - HTTP Request: HEAD https://forums.digitalspy.com/profile/ivan.versteegh@icloud.com "HTTP/1.1 404 Not Found"
2026-03-23 20:27:24,448 - httpx - INFO - HTTP Request: HEAD https://www.discogs.com/user/ivan.versteegh@icloud.com "HTTP/1.1 403 Forbidden"
2026-03-23 20:27:24,639 - httpx - INFO - HTTP Request: GET https://signin.ebay.com/signin/ "HTTP/1.1 307 Temporary Redirect"
2026-03-23 20:27:25,096 - httpx - INFO - HTTP Request: GET https://www.ebay.com/splashui/captcha?ap=1&appName=orch&ru=https%3A%2F%2Fsignin.ebay.com%2Fsignin%2F&iid=750c3a2c-f96e-41a1-885c-3bb2e4eeff14&iim=AMTQ2LjV&iia=edcwLjE5NK&iiz=ZtiOC41OQ**AYj "HTTP/1.1 200 OK"
2026-03-23 20:27:25,828 - httpx - INFO - HTTP Request: HEAD https://www.discogs.com/user/ivan.versteegh@icloud.com "HTTP/1.1 403 Forbidden"
2026-03-23 20:27:25,839 - httpx - INFO - HTTP Request: POST https://account.envato.com/api/validate_email "HTTP/1.1 403 Forbidden"
2026-03-23 20:27:26,682 - httpx - INFO - HTTP Request: HEAD https://discord.com "HTTP/1.1 200 OK"
2026-03-23 20:27:26,897 - httpx - INFO - HTTP Request: GET https://sso.garmin.com/sso/createNewAccount?service=https%3A%2F%2Fwww.garmin.com%2Ffr-FR%2Faccount%2Fprofile%2F&webhost=https%3A%2F%2Fwww.garmin.com%2Ffr-FR%2Faccount%2Fcreate%2F&source=https%3A%2F%2Fwww.garmin.com%2Ffr-FR%2Faccount%2Fcreate%2F&redirectAfterAccountLoginUrl=https%3A%2F%2Fwww.garmin.com%2Ffr-FR%2Faccount%2Fprofile%2F&redirectAfterAccountCreationUrl=https%3A%2F%2Fwww.garmin.com%2Ffr-FR%2Faccount%2Fprofile%2F&gauthHost=https%3A%2F%2Fsso.garmin.com%2Fsso&id=js__app__create__gauth-widget&cssUrl=https%3A%2F%2Fwww.garmin.com%2Faccount%2Fui%2Fcss%2Fcreate-account-v1.12.3-min.css&clientId=ACCOUNT_MANAGEMENT_CENTER&rememberMeShown=true&rememberMeChecked=undefined&createAccountShown=true&openCreateAccount=true&displayNameShown=false&consumeServiceTicket=true&initialFocus=true&embedWidget=false&generateExtraServiceTicket=true&generateTwoExtraServiceTickets=false&generateNoServiceTicket=false&globalOptInShown=true&globalOptInChecked=false&mobile=false&connectLegalTerms=false&showTermsOfUse=false&showPrivacyPolicy=false&showConnectLegalAge=false&locationPromptShown=false&showPassword=true&useCustomHeader=false&mfaRequired=false&rememberMyDeviceShown=false&rememberMyDeviceChecked=false "HTTP/1.1 403 Forbidden"
2026-03-23 20:27:28,628 - httpx - INFO - HTTP Request: HEAD https://discords.com/api-v2/bio/details/ivan.versteegh@icloud.com "HTTP/1.1 500 Internal Server Error"
2026-03-23 20:27:29,432 - httpx - INFO - HTTP Request: POST https://www.naturabuy.fr/includes/ajax/register.php "HTTP/1.1 200 OK"
2026-03-23 20:27:29,732 - httpx - INFO - HTTP Request: HEAD https://discuss.elastic.co/u/ivan.versteegh@icloud.com "HTTP/1.1 404 Not Found"
2026-03-23 20:27:29,847 - httpx - INFO - HTTP Request: GET https://www.tunefind.com/user/join "HTTP/1.1 403 Forbidden"
2026-03-23 20:27:30,626 - httpx - INFO - HTTP Request: GET https://accounts.snapchat.com "HTTP/1.1 301 Moved Permanently"
2026-03-23 20:27:30,896 - httpx - INFO - HTTP Request: HEAD https://www.diskusjon.no "HTTP/1.1 200 OK"
2026-03-23 20:27:30,983 - httpx - INFO - HTTP Request: GET https://accounts.snapchat.com/accounts/v2/login "HTTP/1.1 308 Permanent Redirect"
2026-03-23 20:27:31,146 - httpx - INFO - HTTP Request: GET https://accounts.snapchat.com/v2/login "HTTP/1.1 200 OK"
2026-03-23 20:27:31,345 - httpx - INFO - HTTP Request: HEAD https://disqus.com/ivan.versteegh@icloud.com "HTTP/1.1 404 NOT FOUND"
2026-03-23 20:27:32,374 - httpx - INFO - HTTP Request: HEAD https://hub.docker.com/u/ivan.versteegh@icloud.com/ "HTTP/1.1 404 Not Found"
2026-03-23 20:27:32,879 - httpx - INFO - HTTP Request: GET https://crevado.com "HTTP/1.1 404 Not Found"
2026-03-23 20:27:33,299 - httpx - INFO - HTTP Request: HEAD https://dribbble.com/ivan.versteegh@icloud.com "HTTP/1.1 404 Not Found"
2026-03-23 20:27:33,514 - httpx - INFO - HTTP Request: POST https://discord.com/api/v8/auth/register "HTTP/1.1 400 Bad Request"
2026-03-23 20:27:34,017 - httpx - INFO - HTTP Request: HEAD https://www.duolingo.com/profile/ivan.versteegh@icloud.com "HTTP/1.1 200 OK"
2026-03-23 20:27:34,031 - httpx - INFO - HTTP Request: POST https://www.fanpop.com/login/superlogin "HTTP/1.1 403 Forbidden"
2026-03-23 20:27:35,615 - httpx - INFO - HTTP Request: HEAD https://community.eintracht.de/fans/ivan.versteegh@icloud.com "HTTP/1.1 500 Internal Server Error"
2026-03-23 20:27:36,345 - httpx - INFO - HTTP Request: GET https://imgur.com/register?redirect=%2Fuser "HTTP/1.1 200 OK"
2026-03-23 20:27:36,430 - httpx - INFO - HTTP Request: HEAD https://forums.envato.com/u/ivan.versteegh@icloud.com "HTTP/1.1 301 Moved Permanently"
2026-03-23 20:27:36,847 - httpx - INFO - HTTP Request: POST https://imgur.com/signin/ajax_email_available "HTTP/1.1 412 Precondition Failed"
2026-03-23 20:27:37,064 - httpx - INFO - HTTP Request: HEAD https://help.author.envato.com/hc/en-us "HTTP/1.1 403 Forbidden"
2026-03-23 20:27:37,590 - httpx - INFO - HTTP Request: GET https://www.instagram.com/accounts/emailsignup/ "HTTP/1.1 200 OK"
2026-03-23 20:27:38,257 - httpx - INFO - HTTP Request: HEAD https://forums.envato.com/u/ivan.versteegh@icloud.com "HTTP/1.1 301 Moved Permanently"
2026-03-23 20:27:38,728 - httpx - INFO - HTTP Request: HEAD https://help.author.envato.com/hc/en-us "HTTP/1.1 403 Forbidden"
2026-03-23 20:27:39,631 - httpx - INFO - HTTP Request: HEAD https://www.erome.com/ivan.versteegh@icloud.com "HTTP/1.1 404 Not Found"
2026-03-23 20:27:39,946 - httpx - INFO - HTTP Request: GET https://www.ok.ru/dk?st.cmd=anonymMain&st.accRecovery=on&st.error=errors.password.wrong&st.email=ivan.versteegh@icloud.com "HTTP/1.1 301 "
2026-03-23 20:27:40,511 - httpx - INFO - HTTP Request: HEAD https://www.exophase.com/user/ivan.versteegh@icloud.com/ "HTTP/1.1 403 Forbidden"
2026-03-23 20:27:41,255 - httpx - INFO - HTTP Request: GET https://ok.ru/dk?st.cmd=anonymMain&st.accRecovery=on&st.error=errors.password.wrong&st.email=ivan.versteegh@icloud.com "HTTP/1.1 200 "
2026-03-23 20:27:41,655 - httpx - INFO - HTTP Request: GET https://www.ok.ru/dk?st.cmd=anonymRecoveryAfterFailedLogin&st._aid=LeftColumn_Login_ForgotPassword "HTTP/1.1 301 "
2026-03-23 20:27:41,663 - werkzeug - INFO - 127.0.0.1 - - [23/Mar/2026 20:27:41] "GET /api/history HTTP/1.1" 200 -
2026-03-23 20:27:41,668 - werkzeug - INFO - 127.0.0.1 - - [23/Mar/2026 20:27:41] "GET /api/archive?q=&tool= HTTP/1.1" 200 -
2026-03-23 20:27:41,995 - httpx - INFO - HTTP Request: GET https://ok.ru/dk?st.cmd=anonymRecoveryAfterFailedLogin&st._aid=LeftColumn_Login_ForgotPassword "HTTP/1.1 302 "
2026-03-23 20:27:42,087 - httpx - INFO - HTTP Request: HEAD https://www.exophase.com/user/ivan.versteegh@icloud.com/ "HTTP/1.1 403 Forbidden"
2026-03-23 20:27:42,369 - httpx - INFO - HTTP Request: GET https://ok.ru/dk?st.cmd=anonymRecoveryStart "HTTP/1.1 200 "
2026-03-23 20:27:43,146 - httpx - INFO - HTTP Request: HEAD https://www.eyeem.com/u/ivan.versteegh@icloud.com "HTTP/1.1 301 Moved Permanently"
2026-03-23 20:27:43,360 - httpx - INFO - HTTP Request: POST https://api.parler.com/v2/login/new "HTTP/1.1 301 Moved Permanently"
2026-03-23 20:27:44,319 - httpx - INFO - HTTP Request: HEAD https://www.freepik.com/photos "HTTP/1.1 403 Forbidden"
2026-03-23 20:27:44,449 - httpx - INFO - HTTP Request: GET https://app.parler.com "HTTP/1.1 302 Found"
2026-03-23 20:27:44,787 - httpx - INFO - HTTP Request: GET http://app.parler.com/?start=web_92848fd78d3fdbbce1f580e37863ee85 "HTTP/1.1 301 Moved Permanently"
2026-03-23 20:27:45,027 - httpx - INFO - HTTP Request: GET https://app.parler.com/?start=web_92848fd78d3fdbbce1f580e37863ee85 "HTTP/1.1 200 OK"
2026-03-23 20:27:45,599 - httpx - INFO - HTTP Request: HEAD https://www.eyeem.com/u/ivan.versteegh@icloud.com "HTTP/1.1 301 Moved Permanently"
2026-03-23 20:27:45,823 - httpx - INFO - HTTP Request: HEAD https://www.freepik.com/photos "HTTP/1.1 403 Forbidden"
2026-03-23 20:27:46,283 - httpx - INFO - HTTP Request: POST https://www.patreon.com/api/email/available?json-api-version=1.0&include=%5B%5D "HTTP/1.1 404 Not Found"
2026-03-23 20:27:46,758 - httpx - INFO - HTTP Request: HEAD https://fameswap.com/user/ivan.versteegh@icloud.com "HTTP/1.1 403 Forbidden"
2026-03-23 20:27:46,914 - httpx - INFO - HTTP Request: GET https://www.pinterest.com/_ngjs/resource/EmailExistsResource/get/?source_url=%2F&data=%7B%22options%22%3A+%7B%22email%22%3A+%22ivan.versteegh%40icloud.com%22%7D%2C+%22context%22%3A+%7B%7D%7D "HTTP/1.1 403 Forbidden"
2026-03-23 20:27:47,482 - httpx - INFO - HTTP Request: POST https://www.plurk.com/Users/isEmailFound "HTTP/1.1 200 OK"
2026-03-23 20:27:47,892 - httpx - INFO - HTTP Request: HEAD https://fameswap.com/user/ivan.versteegh@icloud.com "HTTP/1.1 403 Forbidden"
2026-03-23 20:27:48,435 - httpx - INFO - HTTP Request: GET https://accounts.snapchat.com "HTTP/1.1 301 Moved Permanently"
2026-03-23 20:27:48,526 - httpx - INFO - HTTP Request: HEAD https://www.fandom.com/u/ivan.versteegh@icloud.com "HTTP/1.1 403 Forbidden"
2026-03-23 20:27:48,581 - httpx - INFO - HTTP Request: GET https://accounts.snapchat.com/accounts/v2/login "HTTP/1.1 308 Permanent Redirect"
2026-03-23 20:27:48,740 - httpx - INFO - HTTP Request: GET https://accounts.snapchat.com/v2/login "HTTP/1.1 200 OK"
2026-03-23 20:27:49,985 - httpx - INFO - HTTP Request: HEAD https://www.fandom.com/u/ivan.versteegh@icloud.com "HTTP/1.1 403 Forbidden"
2026-03-23 20:27:50,237 - httpx - INFO - HTTP Request: GET https://www.strava.com/register/free?cta=sign-up&element=button&source=website_show "HTTP/1.1 200 OK"
2026-03-23 20:27:50,400 - httpx - INFO - HTTP Request: HEAD https://www.fanpop.com/fans/ivan.versteegh@icloud.com "HTTP/1.1 403 Forbidden"
2026-03-23 20:27:51,090 - httpx - INFO - HTTP Request: GET https://www.strava.com/athletes/email_unique?email=ivan.versteegh%40icloud.com "HTTP/1.1 404 Not Found"
2026-03-23 20:27:51,814 - httpx - INFO - HTTP Request: HEAD https://www.fanpop.com/fans/ivan.versteegh@icloud.com "HTTP/1.1 403 Forbidden"
2026-03-23 20:27:51,830 - httpx - INFO - HTTP Request: POST https://www.taringa.net/api/auth/availability/email "HTTP/1.1 200 OK"
2026-03-23 20:27:52,454 - httpx - INFO - HTTP Request: GET https://api.tellonym.me/accounts/check?email=ivan.versteegh%40icloud.com&errorMessage=&limit=25 "HTTP/1.1 403 Forbidden"
2026-03-23 20:27:52,944 - httpx - INFO - HTTP Request: HEAD https://www.finanzfrage.net/nutzer/ivan.versteegh@icloud.com "HTTP/1.1 404 Not Found"
2026-03-23 20:27:53,098 - httpx - INFO - HTTP Request: GET https://www.tumblr.com/ "HTTP/1.1 403 Forbidden"
2026-03-23 20:27:53,688 - httpx - INFO - HTTP Request: HEAD https://www.flickr.com/people/ivan.versteegh@icloud.com "HTTP/1.1 404 Not Found"
2026-03-23 20:27:53,916 - httpx - INFO - HTTP Request: GET https://api.twitter.com/i/users/email_available.json?email=ivan.versteegh%40icloud.com "HTTP/1.1 200 OK"
2026-03-23 20:27:54,528 - httpx - INFO - HTTP Request: GET https://api.vsco.co/2.0/users/email?email=ivan.versteegh@icloud.com "HTTP/1.1 403 Forbidden"
2026-03-23 20:27:54,726 - httpx - INFO - HTTP Request: HEAD https://my.flightradar24.com/ivan.versteegh@icloud.com "HTTP/1.1 200 OK"
2026-03-23 20:27:55,409 - httpx - INFO - HTTP Request: GET https://www.wattpad.com "HTTP/1.1 200 OK"
2026-03-23 20:27:55,479 - httpx - INFO - HTTP Request: HEAD https://flipboard.com/@ivan.versteegh@icloud.com "HTTP/1.1 404 Not Found"
2026-03-23 20:27:55,799 - httpx - INFO - HTTP Request: GET https://www.wattpad.com/api/v3/users/validate?email=ivan.versteegh%40icloud.com "HTTP/1.1 200 OK"
2026-03-23 20:27:56,482 - httpx - INFO - HTTP Request: HEAD https://www.rusfootball.info/user/ivan.versteegh@icloud.com/ "HTTP/1.1 200 OK"
2026-03-23 20:27:56,890 - httpx - INFO - HTTP Request: GET https://www.xing.com/start/signup?registration=1 "HTTP/1.1 200 OK"
2026-03-23 20:27:56,994 - httpx - INFO - HTTP Request: HEAD https://fortnitetracker.com/profile/all/ivan.versteegh@icloud.com "HTTP/1.1 403 Forbidden"
2026-03-23 20:27:57,352 - httpx - INFO - HTTP Request: POST https://www.xing.com/welcome/api/signup/validate "HTTP/1.1 404 Not Found"
2026-03-23 20:27:58,463 - httpx - INFO - HTTP Request: POST https://auth.services.adobe.com/signin/v1/authenticationstate "HTTP/1.1 401 Unauthorized"
2026-03-23 20:27:58,727 - httpx - INFO - HTTP Request: HEAD https://fortnitetracker.com/profile/all/ivan.versteegh@icloud.com "HTTP/1.1 403 Forbidden"
2026-03-23 20:27:59,544 - httpx - INFO - HTTP Request: HEAD https://www.forumophilia.com/profile.php?mode=viewprofile&u=ivan.versteegh@icloud.com "HTTP/1.1 200 OK"
2026-03-23 20:27:59,655 - httpx - INFO - HTTP Request: POST https://archive.org/account/signup "HTTP/1.1 200 OK"
2026-03-23 20:28:00,758 - httpx - INFO - HTTP Request: POST https://hub.docker.com/v2/users/signup/ "HTTP/1.1 404 Not Found"
2026-03-23 20:28:01,563 - httpx - INFO - HTTP Request: HEAD https://fosstodon.org/@ivan.versteegh@icloud.com "HTTP/1.1 200 OK"
2026-03-23 20:28:02,342 - httpx - INFO - HTTP Request: POST https://api.accounts.firefox.com/v1/account/status "HTTP/1.1 200 OK"
2026-03-23 20:28:02,386 - httpx - INFO - HTTP Request: HEAD https://framapiaf.org/@ivan.versteegh@icloud.com "HTTP/1.1 200 OK"
2026-03-23 20:28:02,803 - httpx - INFO - HTTP Request: GET https://issuu.com/call/signup/check-email/ivan.versteegh@icloud.com "HTTP/1.1 503 Service Unavailable"
2026-03-23 20:28:02,924 - httpx - INFO - HTTP Request: HEAD https://www.freelancer.com/u/ivan.versteegh@icloud.com "HTTP/1.1 403 Forbidden"
2026-03-23 20:28:03,874 - httpx - INFO - HTTP Request: GET https://lastpass.com/create_account.php?check=avail&skipcontent=1&mistype=1&username=ivan.versteegh%40icloud.com "HTTP/1.1 200 OK"
2026-03-23 20:28:04,357 - httpx - INFO - HTTP Request: HEAD https://www.freelancer.com/u/ivan.versteegh@icloud.com "HTTP/1.1 403 Forbidden"
2026-03-23 20:28:04,906 - httpx - INFO - HTTP Request: GET https://outlook.office365.com/autodiscover/autodiscover.json/v1.0/177164679244171034286709652804@icloud.com?Protocol=Autodiscoverv1 "HTTP/1.1 302 Found"
2026-03-23 20:28:05,420 - httpx - INFO - HTTP Request: GET https://outlook.office365.com/autodiscover/autodiscover.json/v1.0/ivan.versteegh@icloud.com?Protocol=Autodiscoverv1 "HTTP/1.1 302 Found"
2026-03-23 20:28:05,805 - httpx - INFO - HTTP Request: HEAD https://freesound.org/people/ivan.versteegh@icloud.com/ "HTTP/1.1 404 Not Found"
2026-03-23 20:28:06,156 - werkzeug - INFO - 127.0.0.1 - - [23/Mar/2026 20:28:06] "GET /api/history HTTP/1.1" 200 -
2026-03-23 20:28:06,160 - werkzeug - INFO - 127.0.0.1 - - [23/Mar/2026 20:28:06] "GET /api/archive?q=&tool= HTTP/1.1" 200 -
2026-03-23 20:28:06,253 - httpx - INFO - HTTP Request: HEAD https://api.bodybuilding.com/profile/email/ivan.versteegh@icloud.com "HTTP/1.1 404 Not Found"
2026-03-23 20:28:06,371 - httpx - INFO - HTTP Request: HEAD https://gitlab.gnome.org/ivan.versteegh@icloud.com "HTTP/1.1 406 Not Acceptable"
2026-03-23 20:28:07,161 - httpx - INFO - HTTP Request: GET https://www.blablacar.fr/register "HTTP/1.1 403 Forbidden"
2026-03-23 20:28:07,276 - httpx - INFO - HTTP Request: HEAD https://www.gaiaonline.com/profiles/ivan.versteegh@icloud.com "HTTP/1.1 200 OK"
2026-03-23 20:28:07,904 - httpx - INFO - HTTP Request: HEAD https://www.gamespot.com/profile/ivan.versteegh@icloud.com/ "HTTP/1.1 403 Forbidden"
2026-03-23 20:28:09,571 - httpx - INFO - HTTP Request: HEAD https://www.gamespot.com/profile/ivan.versteegh@icloud.com/ "HTTP/1.1 403 Forbidden"
2026-03-23 20:28:10,485 - httpx - INFO - HTTP Request: HEAD https://gamefaqs.gamespot.com/community/ivan.versteegh@icloud.com "HTTP/1.1 403 Forbidden"
2026-03-23 20:28:11,652 - werkzeug - INFO - 127.0.0.1 - - [23/Mar/2026 20:28:11] "GET /api/history HTTP/1.1" 200 -
2026-03-23 20:28:11,656 - werkzeug - INFO - 127.0.0.1 - - [23/Mar/2026 20:28:11] "GET /api/archive?q=&tool= HTTP/1.1" 200 -
2026-03-23 20:28:11,974 - httpx - INFO - HTTP Request: HEAD https://gamefaqs.gamespot.com/community/ivan.versteegh@icloud.com "HTTP/1.1 403 Forbidden"
2026-03-23 20:28:13,012 - httpx - INFO - HTTP Request: HEAD https://auth.geeksforgeeks.org/user/ivan.versteegh@icloud.com "HTTP/1.1 302 Found"
2026-03-23 20:28:13,756 - httpx - INFO - HTTP Request: HEAD https://www.geeksforgeeks.org/user/ivan.versteegh@icloud.com/ "HTTP/1.1 301 Moved Permanently"
2026-03-23 20:28:14,321 - httpx - INFO - HTTP Request: HEAD https://www.geeksforgeeks.org/profile/ivan.versteegh@icloud.com "HTTP/1.1 200 OK"
2026-03-23 20:28:16,780 - httpx - INFO - HTTP Request: HEAD https://genius.com/artists/ivan.versteegh@icloud.com "HTTP/1.1 406 Not Acceptable"
2026-03-23 20:28:17,395 - httpx - INFO - HTTP Request: HEAD https://genius.com/ivan.versteegh@icloud.com "HTTP/1.1 301 Moved Permanently"
2026-03-23 20:28:17,822 - httpx - INFO - HTTP Request: HEAD http://genius.it/ivan.versteegh@icloud.com "HTTP/1.1 405 Method Not Allowed"
2026-03-23 20:28:18,727 - httpx - INFO - HTTP Request: HEAD https://www.gesundheitsfrage.net/nutzer/ivan.versteegh@icloud.com "HTTP/1.1 404 Not Found"
2026-03-23 20:28:20,567 - httpx - INFO - HTTP Request: HEAD https://www.getmyuni.com/user/ivan.versteegh@icloud.com "HTTP/1.1 404 Not Found"
2026-03-23 20:28:21,181 - httpx - INFO - HTTP Request: HEAD https://www.giantbomb.com/profile/ivan.versteegh@icloud.com/ "HTTP/1.1 301 Moved Permanently"
2026-03-23 20:28:21,799 - httpx - INFO - HTTP Request: HEAD https://giantbomb.com/profile/ivan.versteegh@icloud.com/ "HTTP/1.1 403 Forbidden"
2026-03-23 20:28:22,924 - httpx - INFO - HTTP Request: HEAD https://www.giantbomb.com/profile/ivan.versteegh@icloud.com/ "HTTP/1.1 301 Moved Permanently"
2026-03-23 20:28:23,432 - httpx - INFO - HTTP Request: HEAD https://giantbomb.com/profile/ivan.versteegh@icloud.com/ "HTTP/1.1 403 Forbidden"
2026-03-23 20:28:23,894 - httpx - INFO - HTTP Request: HEAD https://giphy.com/ivan.versteegh@icloud.com "HTTP/1.1 404 Not Found"
2026-03-23 20:28:25,398 - httpx - INFO - HTTP Request: HEAD https://www.github.com/ivan.versteegh@icloud.com "HTTP/1.1 301 Moved Permanently"
2026-03-23 20:28:25,958 - httpx - INFO - HTTP Request: HEAD https://github.com/ivan.versteegh@icloud.com "HTTP/1.1 404 Not Found"
2026-03-23 20:28:26,598 - httpx - INFO - HTTP Request: HEAD https://warframe.market/profile/ivan.versteegh@icloud.com "HTTP/1.1 302 Found"
2026-03-23 20:28:26,722 - httpx - INFO - HTTP Request: HEAD https://warframe.market/error/404 "HTTP/1.1 403 Forbidden"
2026-03-23 20:28:28,273 - httpx - INFO - HTTP Request: HEAD https://warframe.market/profile/ivan.versteegh@icloud.com "HTTP/1.1 302 Found"
2026-03-23 20:28:28,393 - httpx - INFO - HTTP Request: HEAD https://warframe.market/error/404 "HTTP/1.1 403 Forbidden"
2026-03-23 20:28:29,180 - httpx - INFO - HTTP Request: HEAD https://gitlab.com/ivan.versteegh@icloud.com "HTTP/1.1 302 Found"
2026-03-23 20:28:29,318 - httpx - INFO - HTTP Request: HEAD https://gitlab.com/users/sign_in "HTTP/1.1 403 Forbidden"
2026-03-23 20:28:31,321 - httpx - INFO - HTTP Request: HEAD https://gitlab.com/ivan.versteegh@icloud.com "HTTP/1.1 302 Found"
2026-03-23 20:28:31,493 - httpx - INFO - HTTP Request: HEAD https://gitlab.com/users/sign_in "HTTP/1.1 403 Forbidden"
2026-03-23 20:28:35,470 - httpx - INFO - HTTP Request: HEAD https://gitee.com/ivan.versteegh@icloud.com "HTTP/1.1 404 Not Found"
2026-03-23 20:28:37,264 - httpx - INFO - HTTP Request: HEAD https://www.goodreads.com/ivan.versteegh@icloud.com "HTTP/1.1 404 Not Found"
2026-03-23 20:28:39,071 - httpx - INFO - HTTP Request: HEAD https://play.google.com/store/apps/developer?id=ivan.versteegh@icloud.com "HTTP/1.1 404 Not Found"
2026-03-23 20:28:39,918 - httpx - INFO - HTTP Request: HEAD https://plugins.gradle.org/u/ivan.versteegh@icloud.com "HTTP/1.1 404 Not Found"
2026-03-23 20:28:40,503 - httpx - INFO - HTTP Request: HEAD https://www.grailed.com/ivan.versteegh@icloud.com "HTTP/1.1 403 Forbidden"
2026-03-23 20:28:41,647 - httpx - INFO - HTTP Request: HEAD https://www.grailed.com/ivan.versteegh@icloud.com "HTTP/1.1 403 Forbidden"
2026-03-23 20:28:41,662 - werkzeug - INFO - 127.0.0.1 - - [23/Mar/2026 20:28:41] "GET /api/history HTTP/1.1" 200 -
2026-03-23 20:28:41,667 - werkzeug - INFO - 127.0.0.1 - - [23/Mar/2026 20:28:41] "GET /api/archive?q=&tool= HTTP/1.1" 200 -
2026-03-23 20:28:42,077 - httpx - INFO - HTTP Request: HEAD http://en.gravatar.com/ivan.versteegh@icloud.com "HTTP/1.1 301 Moved Permanently"
2026-03-23 20:28:43,035 - httpx - INFO - HTTP Request: HEAD https://en.gravatar.com/ivan.versteegh@icloud.com "HTTP/1.1 302 Found"
2026-03-23 20:28:43,814 - httpx - INFO - HTTP Request: HEAD https://gravatar.com/ivan.versteegh@icloud.com "HTTP/1.1 404 Not Found"
2026-03-23 20:28:44,332 - httpx - INFO - HTTP Request: HEAD https://www.gumroad.com/ivan.versteegh@icloud.com "HTTP/1.1 301 Moved Permanently"
2026-03-23 20:28:44,993 - httpx - INFO - HTTP Request: HEAD https://gumroad.com/ivan.versteegh@icloud.com "HTTP/1.1 404 Not Found"
2026-03-23 20:28:46,685 - httpx - INFO - HTTP Request: HEAD https://www.gutefrage.net/nutzer/ivan.versteegh@icloud.com "HTTP/1.1 404 Not Found"
2026-03-23 20:28:47,602 - httpx - INFO - HTTP Request: HEAD https://forum.hackthebox.com/u/ivan.versteegh@icloud.com "HTTP/1.1 404 Not Found"
2026-03-23 20:28:48,628 - httpx - INFO - HTTP Request: HEAD https://hackaday.io/ivan.versteegh@icloud.com "HTTP/1.1 404 Not Found"
2026-03-23 20:28:49,256 - httpx - INFO - HTTP Request: HEAD https://hackenproof.com/hackers/ivan.versteegh@icloud.com "HTTP/1.1 403 Forbidden"
2026-03-23 20:28:50,671 - httpx - INFO - HTTP Request: HEAD https://hackenproof.com/hackers/ivan.versteegh@icloud.com "HTTP/1.1 403 Forbidden"
2026-03-23 20:28:52,720 - httpx - INFO - HTTP Request: HEAD https://hackerearth.com/@ivan.versteegh@icloud.com "HTTP/1.1 302 Moved Temporarily"
2026-03-23 20:28:54,250 - httpx - INFO - HTTP Request: HEAD https://www.hackerearth.com/@ivan.versteegh@icloud.com "HTTP/1.1 404 Not Found"
2026-03-23 20:28:55,076 - httpx - INFO - HTTP Request: HEAD https://news.ycombinator.com/user?id=ivan.versteegh@icloud.com "HTTP/1.1 405 Not Allowed"
2026-03-23 20:28:55,857 - httpx - INFO - HTTP Request: HEAD https://hackerone.com/ivan.versteegh@icloud.com "HTTP/1.1 404 Not Found"
2026-03-23 20:28:56,984 - httpx - INFO - HTTP Request: HEAD https://hackerrank.com/ivan.versteegh@icloud.com "HTTP/1.1 301 Moved Permanently"
2026-03-23 20:28:59,397 - httpx - INFO - HTTP Request: HEAD https://www.hackerrank.com/ivan.versteegh@icloud.com "HTTP/1.1 404 Not Found"
2026-03-23 20:29:03,544 - httpx - INFO - HTTP Request: HEAD https://forum.hackersploit.org/u/ivan.versteegh@icloud.com "HTTP/1.1 404 Not Found"
2026-03-23 20:29:05,227 - httpx - INFO - HTTP Request: HEAD https://hackmd.io/@ivan.versteegh@icloud.com "HTTP/1.1 404 Not Found"
2026-03-23 20:29:06,267 - werkzeug - INFO - 127.0.0.1 - - [23/Mar/2026 20:29:06] "GET /api/history HTTP/1.1" 200 -
2026-03-23 20:29:06,272 - werkzeug - INFO - 127.0.0.1 - - [23/Mar/2026 20:29:06] "GET /api/archive?q=&tool= HTTP/1.1" 200 -
2026-03-23 20:29:08,494 - httpx - INFO - HTTP Request: HEAD https://scholar.harvard.edu/ivan.versteegh@icloud.com "HTTP/1.1 503 Service Unavailable"
2026-03-23 20:29:11,649 - werkzeug - INFO - 127.0.0.1 - - [23/Mar/2026 20:29:11] "GET /api/history HTTP/1.1" 200 -
2026-03-23 20:29:11,657 - werkzeug - INFO - 127.0.0.1 - - [23/Mar/2026 20:29:11] "GET /api/archive?q=&tool= HTTP/1.1" 200 -
2026-03-23 20:29:12,382 - httpx - INFO - HTTP Request: HEAD https://scholar.harvard.edu/ivan.versteegh@icloud.com "HTTP/1.1 503 Service Unavailable"
2026-03-23 20:29:13,116 - httpx - INFO - HTTP Request: HEAD https://hashnode.com/@ivan.versteegh@icloud.com "HTTP/1.1 200 OK"
2026-03-23 20:29:13,641 - httpx - INFO - HTTP Request: HEAD https://www.heavy-r.com/user/ivan.versteegh@icloud.com "HTTP/1.1 403 Forbidden"
2026-03-23 20:29:15,063 - httpx - INFO - HTTP Request: HEAD https://www.heavy-r.com/user/ivan.versteegh@icloud.com "HTTP/1.1 403 Forbidden"
2026-03-23 20:29:16,067 - httpx - INFO - HTTP Request: HEAD https://hive.blog/@ivan.versteegh@icloud.com "HTTP/1.1 404 Not Found"
2026-03-23 20:29:16,711 - httpx - INFO - HTTP Request: HEAD https://holopin.io/@ivan.versteegh@icloud.com "HTTP/1.1 308 Permanent Redirect"
2026-03-23 20:29:17,440 - httpx - INFO - HTTP Request: HEAD https://www.holopin.io/@ivan.versteegh@icloud.com "HTTP/1.1 200 OK"
2026-03-23 20:29:18,077 - httpx - INFO - HTTP Request: HEAD https://houzz.com/user/ivan.versteegh@icloud.com "HTTP/1.1 301 redirect"
2026-03-23 20:29:20,574 - httpx - INFO - HTTP Request: HEAD https://www.houzz.com/user/ivan.versteegh@icloud.com "HTTP/1.1 404 Not Found"
2026-03-23 20:29:21,266 - httpx - INFO - HTTP Request: HEAD https://hubpages.com/@ivan.versteegh@icloud.com "HTTP/1.1 404 Not Found"
2026-03-23 20:29:22,315 - httpx - INFO - HTTP Request: HEAD https://hubski.com/user/ivan.versteegh@icloud.com "HTTP/1.1 200 OK"
2026-03-23 20:29:23,950 - httpx - INFO - HTTP Request: HEAD https://cavalier.hudsonrock.com/api/json/v2/osint-tools/search-by-username?username=ivan.versteegh@icloud.com "HTTP/1.1 400 Bad Request"
2026-03-23 20:29:26,069 - httpx - INFO - HTTP Request: HEAD https://huggingface.co/ivan.versteegh@icloud.com "HTTP/1.1 404 Not Found"
2026-03-23 20:29:28,331 - httpx - INFO - HTTP Request: HEAD https://www.ifttt.com/p/ivan.versteegh@icloud.com "HTTP/1.1 301 Moved Permanently"
2026-03-23 20:29:29,125 - httpx - INFO - HTTP Request: HEAD https://ifttt.com/p/ivan.versteegh@icloud.com "HTTP/1.1 404 Not Found"
2026-03-23 20:29:31,632 - httpx - INFO - HTTP Request: HEAD https://ifunny.co/user/ivan.versteegh@icloud.com "HTTP/1.1 404 Not Found"
2026-03-23 20:29:32,159 - httpx - INFO - HTTP Request: HEAD https://irc-galleria.net/user/ivan.versteegh@icloud.com "HTTP/1.1 404 Not Found"
2026-03-23 20:29:33,161 - httpx - INFO - HTTP Request: HEAD https://community.icons8.com/u/ivan.versteegh@icloud.com/summary "HTTP/1.1 404 Not Found"
2026-03-23 20:29:34,809 - httpx - INFO - HTTP Request: HEAD https://www.imagefap.com/profile/ivan.versteegh@icloud.com "HTTP/1.1 404 Not Found"
2026-03-23 20:29:36,743 - httpx - INFO - HTTP Request: HEAD https://imgup.cz/ivan.versteegh@icloud.com "HTTP/1.1 404 Not Found"
2026-03-23 20:29:41,461 - httpx - INFO - HTTP Request: HEAD https://imgur.com/user/ivan.versteegh@icloud.com "HTTP/1.1 200 OK"
2026-03-23 20:29:41,646 - werkzeug - INFO - 127.0.0.1 - - [23/Mar/2026 20:29:41] "GET /api/history HTTP/1.1" 200 -
2026-03-23 20:29:41,655 - werkzeug - INFO - 127.0.0.1 - - [23/Mar/2026 20:29:41] "GET /api/archive?q=&tool= HTTP/1.1" 200 -
2026-03-23 20:29:42,056 - httpx - INFO - HTTP Request: HEAD https://www.imood.com/users/ivan.versteegh@icloud.com "HTTP/1.1 404 Not Found"
2026-03-23 20:29:43,785 - httpx - INFO - HTTP Request: HEAD https://instagram.com/ivan.versteegh@icloud.com "HTTP/1.1 301 Moved Permanently"
2026-03-23 20:29:44,944 - httpx - INFO - HTTP Request: HEAD https://www.instagram.com/ivan.versteegh@icloud.com "HTTP/1.1 200 OK"
2026-03-23 20:29:47,131 - httpx - INFO - HTTP Request: HEAD https://www.instapaper.com/p/ivan.versteegh@icloud.com "HTTP/1.1 404 Not Found"
2026-03-23 20:29:49,011 - httpx - INFO - HTTP Request: HEAD https://www.instructables.com/member/ivan.versteegh@icloud.com "HTTP/1.1 301 Moved Permanently"
2026-03-23 20:29:49,286 - httpx - INFO - HTTP Request: HEAD https://www.instructables.com/member/ivan.versteegh@icloud.com/ "HTTP/1.1 404 Not Found"
2026-03-23 20:29:51,470 - httpx - INFO - HTTP Request: HEAD https://app.intigriti.com/profile/ivan.versteegh@icloud.com "HTTP/1.1 403 Forbidden"
2026-03-23 20:29:53,239 - httpx - INFO - HTTP Request: HEAD https://app.intigriti.com/profile/ivan.versteegh@icloud.com "HTTP/1.1 403 Forbidden"
2026-03-23 20:29:56,082 - httpx - INFO - HTTP Request: HEAD https://forum.ionicframework.com/u/ivan.versteegh@icloud.com "HTTP/1.1 404 Not Found"
2026-03-23 20:29:56,568 - httpx - INFO - HTTP Request: HEAD https://issuu.com/ivan.versteegh@icloud.com "HTTP/1.1 404 Not Found"
2026-03-23 20:29:57,948 - httpx - INFO - HTTP Request: HEAD https://www.itemfix.com/c/ivan.versteegh@icloud.com "HTTP/1.1 200 OK"
2026-03-23 20:29:59,214 - httpx - INFO - HTTP Request: HEAD https://translate.jellyfin.org/user/ivan.versteegh@icloud.com/ "HTTP/1.0 404 Not found"
2026-03-23 20:30:00,538 - httpx - INFO - HTTP Request: HEAD https://discourse.joplinapp.org/u/ivan.versteegh@icloud.com "HTTP/1.1 404 Not Found"
2026-03-23 20:30:01,205 - httpx - INFO - HTTP Request: HEAD https://discourse.jupyter.org/u/ivan.versteegh@icloud.com/summary "HTTP/1.1 404 Not Found"
2026-03-23 20:30:01,707 - httpx - INFO - HTTP Request: HEAD https://www.kaggle.com/ivan.versteegh@icloud.com "HTTP/1.1 404 Not Found"
2026-03-23 20:30:03,230 - httpx - INFO - HTTP Request: HEAD https://www.kaskus.co.id/@ivan.versteegh@icloud.com "HTTP/1.1 200 OK"
2026-03-23 20:30:03,996 - httpx - INFO - HTTP Request: HEAD https://keybase.io/ivan.versteegh@icloud.com "HTTP/1.1 404 Not Found"
2026-03-23 20:30:05,309 - httpx - INFO - HTTP Request: HEAD https://kick.com/ivan.versteegh@icloud.com "HTTP/1.1 403 Forbidden"
2026-03-23 20:30:06,111 - werkzeug - INFO - 127.0.0.1 - - [23/Mar/2026 20:30:06] "GET /api/history HTTP/1.1" 200 -
2026-03-23 20:30:06,119 - werkzeug - INFO - 127.0.0.1 - - [23/Mar/2026 20:30:06] "GET /api/archive?q=&tool= HTTP/1.1" 200 -
2026-03-23 20:30:06,439 - httpx - INFO - HTTP Request: HEAD https://kick.com/ivan.versteegh@icloud.com "HTTP/1.1 403 Forbidden"
2026-03-23 20:30:07,201 - httpx - INFO - HTTP Request: HEAD https://kik.me/ivan.versteegh@icloud.com "HTTP/1.1 200 OK"
2026-03-23 20:30:08,280 - httpx - INFO - HTTP Request: HEAD https://www.kongregate.com/accounts/ivan.versteegh@icloud.com "HTTP/1.1 404 Not Found"
2026-03-23 20:30:09,926 - httpx - INFO - HTTP Request: HEAD https://forum.kvinneguiden.no "HTTP/1.1 200 OK"
2026-03-23 20:30:11,105 - httpx - INFO - HTTP Request: HEAD https://www.linux.org.ru/people/ivan.versteegh@icloud.com/profile "HTTP/1.1 404 "
2026-03-23 20:30:11,651 - werkzeug - INFO - 127.0.0.1 - - [23/Mar/2026 20:30:11] "GET /api/history HTTP/1.1" 200 -
2026-03-23 20:30:11,654 - werkzeug - INFO - 127.0.0.1 - - [23/Mar/2026 20:30:11] "GET /api/archive?q=&tool= HTTP/1.1" 200 -
2026-03-23 20:30:11,701 - httpx - INFO - HTTP Request: HEAD https://laracasts.com/@ivan.versteegh@icloud.com "HTTP/1.1 404 Not Found"
2026-03-23 20:30:12,952 - httpx - INFO - HTTP Request: HEAD https://launchpad.net/~ivan.versteegh@icloud.com "HTTP/1.1 404 Not Found"
2026-03-23 20:30:13,571 - httpx - INFO - HTTP Request: HEAD https://leetcode.com/ivan.versteegh@icloud.com "HTTP/1.1 403 Forbidden"
2026-03-23 20:30:14,963 - httpx - INFO - HTTP Request: HEAD https://leetcode.com/ivan.versteegh@icloud.com "HTTP/1.1 403 Forbidden"
2026-03-23 20:30:15,766 - httpx - INFO - HTTP Request: HEAD https://lemmy.world/u/ivan.versteegh@icloud.com "HTTP/1.1 500 Internal Server Error"
2026-03-23 20:30:16,414 - httpx - INFO - HTTP Request: HEAD https://www.lesswrong.com/users/ivan.versteegh@icloud.com "HTTP/1.1 200 OK"
2026-03-23 20:30:18,044 - httpx - INFO - HTTP Request: HEAD https://letterboxd.com/ivan.versteegh@icloud.com "HTTP/1.1 403 Forbidden"
2026-03-23 20:30:19,580 - httpx - INFO - HTTP Request: HEAD https://letterboxd.com/ivan.versteegh@icloud.com "HTTP/1.1 403 Forbidden"
2026-03-23 20:30:20,214 - httpx - INFO - HTTP Request: HEAD https://www.librarything.com/profile/ivan.versteegh@icloud.com "HTTP/1.1 403 Forbidden"
2026-03-23 20:30:21,623 - httpx - INFO - HTTP Request: HEAD https://www.librarything.com/profile/ivan.versteegh@icloud.com "HTTP/1.1 403 Forbidden"
2026-03-23 20:30:22,392 - httpx - INFO - HTTP Request: HEAD https://lichess.org/@/ivan.versteegh@icloud.com "HTTP/1.1 404 Not Found"
2026-03-23 20:30:23,140 - httpx - INFO - HTTP Request: HEAD https://linkedin.com/in/ivan.versteegh@icloud.com "HTTP/1.1 301 Moved Permanently"
2026-03-23 20:30:24,093 - httpx - INFO - HTTP Request: HEAD https://www.linkedin.com/in/ivan.versteegh@icloud.com "HTTP/1.1 999 Request denied"
2026-03-23 20:30:25,083 - httpx - INFO - HTTP Request: HEAD https://linktr.ee/ivan.versteegh@icloud.com "HTTP/1.1 404 Not Found"
2026-03-23 20:30:26,925 - httpx - INFO - HTTP Request: HEAD https://linuxfr.org/users/ivan.versteegh@icloud.com "HTTP/1.1 404 Not Found"
2026-03-23 20:30:27,687 - httpx - INFO - HTTP Request: HEAD https://listed.to/@ivan.versteegh@icloud.com "HTTP/1.1 404 Not Found"
2026-03-23 20:30:41,654 - werkzeug - INFO - 127.0.0.1 - - [23/Mar/2026 20:30:41] "GET /api/history HTTP/1.1" 200 -
2026-03-23 20:30:41,661 - werkzeug - INFO - 127.0.0.1 - - [23/Mar/2026 20:30:41] "GET /api/archive?q=&tool= HTTP/1.1" 200 -
2026-03-23 20:30:49,949 - httpx - INFO - HTTP Request: HEAD https://lottiefiles.com/ivan.versteegh@icloud.com "HTTP/1.1 403 Forbidden"
2026-03-23 20:30:51,444 - httpx - INFO - HTTP Request: HEAD https://lottiefiles.com/ivan.versteegh@icloud.com "HTTP/1.1 403 Forbidden"
2026-03-23 20:30:52,220 - httpx - INFO - HTTP Request: HEAD https://www.lushstories.com/profile/ivan.versteegh@icloud.com "HTTP/1.1 302 Found"
2026-03-23 20:30:52,406 - httpx - INFO - HTTP Request: HEAD https://www.lushstories.com/login "HTTP/1.1 200 OK"
2026-03-23 20:30:53,027 - httpx - INFO - HTTP Request: HEAD https://forums.mmorpg.com/profile/ivan.versteegh@icloud.com "HTTP/1.1 403 Forbidden"
2026-03-23 20:30:54,454 - httpx - INFO - HTTP Request: HEAD https://forums.mmorpg.com/profile/ivan.versteegh@icloud.com "HTTP/1.1 403 Forbidden"
2026-03-23 20:30:55,572 - httpx - INFO - HTTP Request: HEAD https://mamot.fr/@ivan.versteegh@icloud.com "HTTP/1.1 200 OK"
2026-03-23 20:30:56,078 - httpx - INFO - HTTP Request: HEAD https://medium.com/@ivan.versteegh@icloud.com "HTTP/1.1 403 Forbidden"
2026-03-23 20:30:56,106 - werkzeug - INFO - 127.0.0.1 - - [23/Mar/2026 20:30:56] "GET /api/history HTTP/1.1" 200 -
2026-03-23 20:30:56,111 - werkzeug - INFO - 127.0.0.1 - - [23/Mar/2026 20:30:56] "GET /api/archive?q=&tool= HTTP/1.1" 200 -
2026-03-23 20:30:57,833 - httpx - INFO - HTTP Request: HEAD https://medium.com/@ivan.versteegh@icloud.com "HTTP/1.1 403 Forbidden"
2026-03-23 20:30:58,976 - httpx - INFO - HTTP Request: HEAD https://www.memrise.com/user/ivan.versteegh@icloud.com/ "HTTP/1.1 301 Moved Permanently"
2026-03-23 20:30:59,672 - httpx - INFO - HTTP Request: HEAD https://app.memrise.com/user/ivan.versteegh@icloud.com/ "HTTP/1.1 404 Not Found"
2026-03-23 20:31:01,867 - httpx - INFO - HTTP Request: HEAD https://api.mojang.com/users/profiles/minecraft/ivan.versteegh@icloud.com "HTTP/1.1 404 Not Found"
2026-03-23 20:31:02,865 - httpx - INFO - HTTP Request: HEAD https://www.mixcloud.com/ivan.versteegh@icloud.com/ "HTTP/1.1 403 Forbidden"
2026-03-23 20:31:04,290 - httpx - INFO - HTTP Request: HEAD https://www.mixcloud.com/ivan.versteegh@icloud.com/ "HTTP/1.1 403 Forbidden"
2026-03-23 20:31:05,233 - httpx - INFO - HTTP Request: HEAD https://monkeytype.com/profile/ivan.versteegh@icloud.com "HTTP/1.1 200 OK"
2026-03-23 20:31:06,227 - httpx - INFO - HTTP Request: HEAD https://motherless.com/m/ivan.versteegh@icloud.com "HTTP/1.1 200 OK"
2026-03-23 20:31:07,221 - httpx - INFO - HTTP Request: HEAD https://www.motorradfrage.net/nutzer/ivan.versteegh@icloud.com "HTTP/1.1 404 Not Found"
2026-03-23 20:31:07,728 - httpx - INFO - HTTP Request: HEAD https://musescore.com/ivan.versteegh@icloud.com "HTTP/1.1 403 Forbidden"
2026-03-23 20:31:08,861 - httpx - INFO - HTTP Request: HEAD https://musescore.com/ivan.versteegh@icloud.com "HTTP/1.1 403 Forbidden"
2026-03-23 20:31:10,245 - httpx - INFO - HTTP Request: HEAD https://myanimelist.net/profile/ivan.versteegh@icloud.com "HTTP/1.1 404 Not Found"
2026-03-23 20:31:10,777 - httpx - INFO - HTTP Request: HEAD https://www.myminifactory.com/users/ivan.versteegh@icloud.com "HTTP/1.1 403 Forbidden"
2026-03-23 20:31:11,646 - werkzeug - INFO - 127.0.0.1 - - [23/Mar/2026 20:31:11] "GET /api/history HTTP/1.1" 200 -
2026-03-23 20:31:11,650 - werkzeug - INFO - 127.0.0.1 - - [23/Mar/2026 20:31:11] "GET /api/archive?q=&tool= HTTP/1.1" 200 -
2026-03-23 20:31:12,244 - httpx - INFO - HTTP Request: HEAD https://www.myminifactory.com/users/ivan.versteegh@icloud.com "HTTP/1.1 403 Forbidden"
2026-03-23 20:31:12,761 - httpx - INFO - HTTP Request: HEAD https://www.mydramalist.com/profile/ivan.versteegh@icloud.com "HTTP/1.1 403 Forbidden"
2026-03-23 20:31:14,277 - httpx - INFO - HTTP Request: HEAD https://www.mydramalist.com/profile/ivan.versteegh@icloud.com "HTTP/1.1 403 Forbidden"
2026-03-23 20:31:15,574 - httpx - INFO - HTTP Request: HEAD https://community.native-instruments.com/profile/ivan.versteegh@icloud.com "HTTP/1.1 404 Not Found"
2026-03-23 20:31:16,371 - httpx - INFO - HTTP Request: HEAD https://namu.wiki/w/%EC%82%AC%EC%9A%A9%EC%9E%90:ivan.versteegh@icloud.com "HTTP/1.1 403 Forbidden"
2026-03-23 20:31:17,789 - httpx - INFO - HTTP Request: HEAD https://namu.wiki/w/%EC%82%AC%EC%9A%A9%EC%9E%90:ivan.versteegh@icloud.com "HTTP/1.1 403 Forbidden"
2026-03-23 20:31:18,339 - httpx - INFO - HTTP Request: HEAD https://nationstates.net/nation=ivan.versteegh@icloud.com "HTTP/1.1 403 Forbidden"
2026-03-23 20:31:20,061 - httpx - INFO - HTTP Request: HEAD https://nationstates.net/nation=ivan.versteegh@icloud.com "HTTP/1.1 403 Forbidden"
2026-03-23 20:31:20,851 - httpx - INFO - HTTP Request: HEAD https://nationstates.net/region=ivan.versteegh@icloud.com "HTTP/1.1 403 Forbidden"
2026-03-23 20:31:22,301 - httpx - INFO - HTTP Request: HEAD https://nationstates.net/region=ivan.versteegh@icloud.com "HTTP/1.1 403 Forbidden"
2026-03-23 20:31:24,584 - httpx - INFO - HTTP Request: HEAD https://blog.naver.com/ivan.versteegh@icloud.com "HTTP/1.1 404 Not Found"
2026-03-23 20:31:27,698 - httpx - INFO - HTTP Request: HEAD https://help.nextcloud.com/u/ivan.versteegh@icloud.com/summary "HTTP/1.1 404 Not Found"
2026-03-23 20:31:28,596 - httpx - INFO - HTTP Request: HEAD https://nightbot.tv/t/ivan.versteegh@icloud.com/commands "HTTP/1.1 200 OK"
2026-03-23 20:31:30,196 - httpx - INFO - HTTP Request: HEAD https://ninjakiwi.com/profile/ivan.versteegh@icloud.com "HTTP/1.1 301 Moved Permanently"
2026-03-23 20:31:30,567 - httpx - INFO - HTTP Request: HEAD https://ninjakiwi.com/ "HTTP/1.1 200 OK"
2026-03-23 20:31:31,333 - httpx - INFO - HTTP Request: HEAD https://www.nintendolife.com/users/ivan.versteegh@icloud.com "HTTP/1.1 400 Bad Request"
2026-03-23 20:31:31,948 - httpx - INFO - HTTP Request: HEAD https://www.nitrotype.com/racer/ivan.versteegh@icloud.com "HTTP/1.1 302 Found"
2026-03-23 20:31:32,091 - httpx - INFO - HTTP Request: HEAD https://www.nitrotype.com "HTTP/1.1 200 OK"
2026-03-23 20:31:33,692 - httpx - INFO - HTTP Request: HEAD https://notabug.org/ivan.versteegh@icloud.com "HTTP/1.1 404 Not Found"
2026-03-23 20:31:35,361 - httpx - INFO - HTTP Request: HEAD https://nothing.community/u/ivan.versteegh@icloud.com "HTTP/1.1 404 Not Found"
2026-03-23 20:31:36,656 - httpx - INFO - HTTP Request: HEAD https://nyaa.si/user/ivan.versteegh@icloud.com "HTTP/1.1 404 NOT FOUND"
2026-03-23 20:31:38,515 - httpx - INFO - HTTP Request: HEAD https://observablehq.com/@ivan.versteegh@icloud.com "HTTP/1.1 404 Not Found"
2026-03-23 20:31:39,424 - httpx - INFO - HTTP Request: HEAD https://opencollective.com/ivan.versteegh@icloud.com "HTTP/1.1 404 Not Found"
2026-03-23 20:31:40,206 - httpx - INFO - HTTP Request: HEAD https://opengameart.org/users/ivan.versteegh@icloud.com "HTTP/1.1 404 Not Found"
2026-03-23 20:31:41,164 - httpx - INFO - HTTP Request: HEAD https://www.openstreetmap.org/user/ivan.versteegh@icloud.com "HTTP/1.1 404 Not Found"
2026-03-23 20:31:41,647 - werkzeug - INFO - 127.0.0.1 - - [23/Mar/2026 20:31:41] "GET /api/history HTTP/1.1" 200 -
2026-03-23 20:31:41,653 - werkzeug - INFO - 127.0.0.1 - - [23/Mar/2026 20:31:41] "GET /api/archive?q=&tool= HTTP/1.1" 200 -
2026-03-23 20:31:41,778 - httpx - INFO - HTTP Request: HEAD https://odysee.com/@ivan.versteegh@icloud.com "HTTP/1.1 200 OK"
2026-03-23 20:31:42,669 - httpx - INFO - HTTP Request: HEAD https://opensource.com/users/ivan.versteegh@icloud.com "HTTP/1.1 404 Not Found"
2026-03-23 20:31:43,411 - httpx - INFO - HTTP Request: HEAD https://ourdjtalk.com/members?username=ivan.versteegh@icloud.com "HTTP/1.1 301 Moved Permanently"
2026-03-23 20:31:43,933 - httpx - INFO - HTTP Request: HEAD https://ourdjtalk.com/djs/?username=ivan.versteegh@icloud.com "HTTP/1.1 200 OK"
2026-03-23 20:31:44,750 - httpx - INFO - HTTP Request: HEAD https://outgress.com/agents/ivan.versteegh@icloud.com "HTTP/1.1 301 Moved Permanently"
2026-03-23 20:31:44,953 - httpx - INFO - HTTP Request: HEAD https://outgress.com/agents/ivan.versteegh@icloud/ "HTTP/1.1 403 Forbidden"
2026-03-23 20:31:46,168 - httpx - INFO - HTTP Request: HEAD https://outgress.com/agents/ivan.versteegh@icloud.com "HTTP/1.1 301 Moved Permanently"
2026-03-23 20:31:46,367 - httpx - INFO - HTTP Request: HEAD https://outgress.com/agents/ivan.versteegh@icloud/ "HTTP/1.1 403 Forbidden"
2026-03-23 20:31:47,306 - httpx - INFO - HTTP Request: HEAD https://forums.pcgamer.com/members/?username=ivan.versteegh@icloud.com "HTTP/1.1 200 OK"
2026-03-23 20:31:47,917 - httpx - INFO - HTTP Request: HEAD https://psnprofiles.com/ivan.versteegh@icloud.com "HTTP/1.1 403 Forbidden"
2026-03-23 20:31:49,385 - httpx - INFO - HTTP Request: HEAD https://psnprofiles.com/ivan.versteegh@icloud.com "HTTP/1.1 403 Forbidden"
2026-03-23 20:31:50,287 - httpx - INFO - HTTP Request: HEAD https://packagist.org/packages/ivan.versteegh@icloud.com/ "HTTP/1.1 404 Not Found"
2026-03-23 20:31:51,097 - httpx - INFO - HTTP Request: HEAD https://pastebin.com/u/ivan.versteegh@icloud.com "HTTP/1.1 404 Not Found"
2026-03-23 20:31:51,715 - httpx - INFO - HTTP Request: HEAD https://patched.sh/User/ivan.versteegh@icloud.com "HTTP/1.1 301 Moved Permanently"
2026-03-23 20:31:52,338 - httpx - INFO - HTTP Request: HEAD https://patched.to/User/ivan.versteegh@icloud.com "HTTP/1.1 403 Forbidden"
2026-03-23 20:31:53,481 - httpx - INFO - HTTP Request: HEAD https://patched.sh/User/ivan.versteegh@icloud.com "HTTP/1.1 301 Moved Permanently"
2026-03-23 20:31:53,606 - httpx - INFO - HTTP Request: HEAD https://patched.to/User/ivan.versteegh@icloud.com "HTTP/1.1 403 Forbidden"
2026-03-23 20:31:54,235 - httpx - INFO - HTTP Request: HEAD https://www.patreon.com/ivan.versteegh@icloud.com "HTTP/1.1 403 Forbidden"
2026-03-23 20:31:55,771 - httpx - INFO - HTTP Request: HEAD https://www.patreon.com/ivan.versteegh@icloud.com "HTTP/1.1 403 Forbidden"
2026-03-23 20:31:56,437 - httpx - INFO - HTTP Request: HEAD https://pentesterlab.com/profile/ivan.versteegh@icloud.com "HTTP/1.1 404 Not Found"
2026-03-23 20:31:57,138 - httpx - INFO - HTTP Request: HEAD https://www.hotukdeals.com/profile/ivan.versteegh@icloud.com "HTTP/1.1 200 OK"
2026-03-23 20:31:57,960 - httpx - INFO - HTTP Request: HEAD https://www.mydealz.de/profile/ivan.versteegh@icloud.com "HTTP/1.1 200 OK"
2026-03-23 20:31:58,776 - httpx - INFO - HTTP Request: HEAD https://www.chollometro.com/profile/ivan.versteegh@icloud.com "HTTP/1.1 200 OK"
2026-03-23 20:32:00,162 - httpx - INFO - HTTP Request: HEAD https://nl.pepper.com/profile/ivan.versteegh@icloud.com "HTTP/1.1 200 OK"
2026-03-23 20:32:00,925 - httpx - INFO - HTTP Request: HEAD https://www.pepper.pl/profile/ivan.versteegh@icloud.com "HTTP/1.1 200 OK"
2026-03-23 20:32:01,745 - httpx - INFO - HTTP Request: HEAD https://www.preisjaeger.at/profile/ivan.versteegh@icloud.com "HTTP/1.1 200 OK"
2026-03-23 20:32:03,077 - httpx - INFO - HTTP Request: HEAD https://www.pepperdeals.se/profile/ivan.versteegh@icloud.com "HTTP/1.1 200 OK"
2026-03-23 20:32:03,895 - httpx - INFO - HTTP Request: HEAD https://www.pepperdeals.com/profile/ivan.versteegh@icloud.com "HTTP/1.1 200 OK"
2026-03-23 20:32:04,611 - httpx - INFO - HTTP Request: HEAD https://www.promodescuentos.com/profile/ivan.versteegh@icloud.com "HTTP/1.1 200 OK"
2026-03-23 20:32:05,940 - httpx - INFO - HTTP Request: HEAD https://www.periscope.tv/ivan.versteegh@icloud.com/ "HTTP/1.1 400 Bad Request"
2026-03-23 20:32:06,460 - httpx - INFO - HTTP Request: HEAD https://www.pinkbike.com/u/ivan.versteegh@icloud.com/ "HTTP/1.1 403 Forbidden"
2026-03-23 20:32:07,596 - httpx - INFO - HTTP Request: HEAD https://www.pinkbike.com/u/ivan.versteegh@icloud.com/ "HTTP/1.1 403 Forbidden"
2026-03-23 20:32:08,279 - httpx - INFO - HTTP Request: HEAD https://pixelfed.social/ivan.versteegh@icloud.com/ "HTTP/1.1 404 Not Found"
2026-03-23 20:32:08,977 - httpx - INFO - HTTP Request: HEAD https://play.google.com/store/apps/developer?id=ivan.versteegh@icloud.com "HTTP/1.1 404 Not Found"
2026-03-23 20:32:09,935 - httpx - INFO - HTTP Request: HEAD https://playstrategy.org/@/ivan.versteegh@icloud.com "HTTP/1.1 404 Not Found"
2026-03-23 20:32:10,656 - httpx - INFO - HTTP Request: HEAD https://www.plurk.com/ivan.versteegh@icloud.com "HTTP/1.1 200 OK"
2026-03-23 20:32:11,641 - werkzeug - INFO - 127.0.0.1 - - [23/Mar/2026 20:32:11] "GET /api/history HTTP/1.1" 200 -
2026-03-23 20:32:11,643 - httpx - INFO - HTTP Request: HEAD https://pocketstars.com/ivan.versteegh@icloud.com "HTTP/1.1 301 Moved Permanently"
2026-03-23 20:32:11,654 - werkzeug - INFO - 127.0.0.1 - - [23/Mar/2026 20:32:11] "GET /api/archive?q=&tool= HTTP/1.1" 200 -
2026-03-23 20:32:12,353 - httpx - INFO - HTTP Request: HEAD https://fansify.co.uk/ivan.versteegh@icloud.com?redirect-from=https://pocketstars.com "HTTP/1.1 301 Moved Permanently"
2026-03-23 20:32:13,025 - httpx - INFO - HTTP Request: HEAD https://www.fansify.co.uk/ivan.versteegh%40icloud.com?redirect-from=https%3A%2F%2Fpocketstars.com "HTTP/1.1 400 Bad Request"
2026-03-23 20:32:13,818 - httpx - INFO - HTTP Request: HEAD https://pokemonshowdown.com/users/ivan.versteegh@icloud.com "HTTP/1.1 404 Not Found"
2026-03-23 20:32:14,254 - werkzeug - INFO - 127.0.0.1 - - [23/Mar/2026 20:32:14] "GET /api/history HTTP/1.1" 200 -
2026-03-23 20:32:14,260 - werkzeug - INFO - 127.0.0.1 - - [23/Mar/2026 20:32:14] "GET /api/archive?q=&tool= HTTP/1.1" 200 -
2026-03-23 20:32:14,906 - httpx - INFO - HTTP Request: HEAD https://polarsteps.com/ivan.versteegh@icloud.com "HTTP/1.1 301 Moved Permanently"
2026-03-23 20:32:16,914 - httpx - INFO - HTTP Request: HEAD https://www.polarsteps.com/ivan.versteegh@icloud.com "HTTP/1.1 200 OK"
2026-03-23 20:32:17,485 - httpx - INFO - HTTP Request: HEAD https://www.polygon.com/users/ivan.versteegh@icloud.com "HTTP/1.1 301 Moved Permanently"
2026-03-23 20:32:17,642 - httpx - INFO - HTTP Request: HEAD https://www.polygon.com/users/ivan.versteegh@icloud.com/ "HTTP/1.1 404 Not Found"
2026-03-23 20:32:18,538 - httpx - INFO - HTTP Request: HEAD https://polymart.org/user/ivan.versteegh@icloud.com "HTTP/1.1 404 Not Found"
2026-03-23 20:32:19,096 - httpx - INFO - HTTP Request: HEAD https://pornhub.com/users/ivan.versteegh@icloud.com "HTTP/1.1 301 Moved Permanently"
2026-03-23 20:32:19,977 - httpx - INFO - HTTP Request: HEAD https://www.pornhub.com/users/ivan.versteegh@icloud.com "HTTP/1.1 404 Not Found"
2026-03-23 20:32:20,615 - httpx - INFO - HTTP Request: HEAD https://www.producthunt.com/@ivan.versteegh@icloud.com "HTTP/1.1 403 Forbidden"
2026-03-23 20:32:22,635 - httpx - INFO - HTTP Request: HEAD https://www.producthunt.com/@ivan.versteegh@icloud.com "HTTP/1.1 403 Forbidden"
2026-03-23 20:32:27,241 - httpx - INFO - HTTP Request: HEAD https://programming.dev/u/ivan.versteegh@icloud.com "HTTP/1.1 500 Internal Server Error"
2026-03-23 20:32:27,991 - httpx - INFO - HTTP Request: HEAD https://www.pychess.org/@/ivan.versteegh@icloud.com "HTTP/1.1 405 Method Not Allowed"
2026-03-23 20:32:28,984 - httpx - INFO - HTTP Request: HEAD http://promodj.com/ivan.versteegh@icloud.com "HTTP/1.1 302 YEP"
2026-03-23 20:32:30,201 - httpx - INFO - HTTP Request: HEAD https://promodj.com/ivan.versteegh@icloud.com "HTTP/1.1 404 Not found"
2026-03-23 20:32:30,895 - httpx - INFO - HTTP Request: HEAD https://pronouns.page/@ivan.versteegh@icloud.com "HTTP/1.1 404 Not Found"
2026-03-23 20:32:31,354 - httpx - INFO - HTTP Request: HEAD https://pypi.org/user/ivan.versteegh@icloud.com "HTTP/1.1 200 OK"
2026-03-23 20:32:32,188 - httpx - INFO - HTTP Request: HEAD https://discuss.python.org/u/ivan.versteegh@icloud.com/summary "HTTP/1.1 404 Not Found"
2026-03-23 20:32:34,127 - httpx - INFO - HTTP Request: HEAD https://rarible.com/marketplace/api/v4/urls/ivan.versteegh@icloud.com "HTTP/1.1 302 Found"
2026-03-23 20:32:34,501 - httpx - INFO - HTTP Request: HEAD http://og.rarible.com/marketplace/api/v4/urls/ivan.versteegh@icloud.com "HTTP/1.1 301 Moved Permanently"
2026-03-23 20:32:35,433 - httpx - INFO - HTTP Request: HEAD https://og.rarible.com/marketplace/api/v4/urls/ivan.versteegh@icloud.com "HTTP/1.1 302 Found"
2026-03-23 20:32:35,667 - httpx - INFO - HTTP Request: HEAD https://rarible.com/404 "HTTP/1.1 200 OK"
2026-03-23 20:32:39,429 - httpx - INFO - HTTP Request: HEAD https://rateyourmusic.com/~ivan.versteegh@icloud.com "HTTP/1.1 403 Forbidden"
2026-03-23 20:32:41,365 - httpx - INFO - HTTP Request: HEAD https://rateyourmusic.com/~ivan.versteegh@icloud.com "HTTP/1.1 403 Forbidden"
2026-03-23 20:32:41,642 - werkzeug - INFO - 127.0.0.1 - - [23/Mar/2026 20:32:41] "GET /api/history HTTP/1.1" 200 -
2026-03-23 20:32:41,647 - werkzeug - INFO - 127.0.0.1 - - [23/Mar/2026 20:32:41] "GET /api/archive?q=&tool= HTTP/1.1" 200 -
2026-03-23 20:32:42,296 - httpx - INFO - HTTP Request: HEAD https://forum.rclone.org/u/ivan.versteegh@icloud.com "HTTP/1.1 404 Not Found"
2026-03-23 20:32:43,114 - httpx - INFO - HTTP Request: HEAD https://www.redtube.com/users/ivan.versteegh@icloud.com "HTTP/1.1 404 Not Found"
2026-03-23 20:32:43,610 - httpx - INFO - HTTP Request: HEAD https://www.redbubble.com/people/ivan.versteegh@icloud.com "HTTP/1.1 403 Forbidden"
2026-03-23 20:32:45,110 - httpx - INFO - HTTP Request: HEAD https://www.redbubble.com/people/ivan.versteegh@icloud.com "HTTP/1.1 403 Forbidden"
2026-03-23 20:32:47,311 - httpx - INFO - HTTP Request: HEAD https://www.reddit.com/user/ivan.versteegh@icloud.com "HTTP/1.1 301 Moved Permanently"
2026-03-23 20:32:48,161 - httpx - INFO - HTTP Request: HEAD https://www.reddit.com/user/ivan.versteegh@icloud.com/ "HTTP/1.1 302 Found"
2026-03-23 20:32:49,000 - httpx - INFO - HTTP Request: HEAD https://www.reddit.com/user/ivan.versteegh@icloud.com/?rdt=64915 "HTTP/1.1 403 Blocked"
2026-03-23 20:32:50,799 - httpx - INFO - HTTP Request: HEAD https://www.reddit.com/user/ivan.versteegh@icloud.com "HTTP/1.1 301 Moved Permanently"
2026-03-23 20:32:53,045 - httpx - INFO - HTTP Request: HEAD https://www.reddit.com/user/ivan.versteegh@icloud.com/ "HTTP/1.1 403 Blocked"
2026-03-23 20:32:53,966 - httpx - INFO - HTTP Request: HEAD https://www.realmeye.com/player/ivan.versteegh@icloud.com "HTTP/1.1 200 OK"
2026-03-23 20:32:54,991 - httpx - INFO - HTTP Request: HEAD https://www.reisefrage.net/nutzer/ivan.versteegh@icloud.com "HTTP/1.1 404 Not Found"
2026-03-23 20:32:55,912 - httpx - INFO - HTTP Request: HEAD https://replit.com/@ivan.versteegh@icloud.com "HTTP/1.1 404 Not Found"
2026-03-23 20:32:57,352 - httpx - INFO - HTTP Request: HEAD https://www.researchgate.net/profile/ivan.versteegh@icloud.com "HTTP/1.1 403 Forbidden"
2026-03-23 20:32:58,635 - httpx - INFO - HTTP Request: HEAD https://www.researchgate.net/profile/ivan.versteegh@icloud.com "HTTP/1.1 403 Forbidden"
2026-03-23 20:33:00,481 - httpx - INFO - HTTP Request: HEAD https://www.reverbnation.com/ivan.versteegh@icloud.com "HTTP/1.1 404 Not Found"
2026-03-23 20:33:01,280 - httpx - INFO - HTTP Request: HEAD https://www.roblox.com/user.aspx?username=ivan.versteegh@icloud.com "HTTP/1.1 307 Temporary Redirect"
2026-03-23 20:33:01,659 - httpx - INFO - HTTP Request: HEAD https://www.roblox.com/users/profile?username=ivan.versteegh@icloud.com "HTTP/1.1 302 Found"
2026-03-23 20:33:01,924 - httpx - INFO - HTTP Request: HEAD https://www.roblox.com/request-error?code=404 "HTTP/1.1 404 Not Found"
2026-03-23 20:33:03,390 - httpx - INFO - HTTP Request: HEAD https://www.rockettube.com/ivan.versteegh@icloud.com "HTTP/1.1 404 Not Found"
2026-03-23 20:33:04,165 - httpx - INFO - HTTP Request: HEAD https://royalcams.com/profile/ivan.versteegh@icloud.com "HTTP/1.1 403 Forbidden"
2026-03-23 20:33:05,363 - httpx - INFO - HTTP Request: HEAD https://royalcams.com/profile/ivan.versteegh@icloud.com "HTTP/1.1 403 Forbidden"
2026-03-23 20:33:05,913 - httpx - INFO - HTTP Request: HEAD https://ruby-forum.com/u/ivan.versteegh@icloud.com/summary "HTTP/1.1 301 Moved Permanently"
2026-03-23 20:33:06,767 - httpx - INFO - HTTP Request: HEAD https://www.ruby-forum.com/u/ivan.versteegh@icloud.com/summary "HTTP/1.1 404 Not Found"
2026-03-23 20:33:07,586 - httpx - INFO - HTTP Request: HEAD https://rubygems.org/profiles/ivan.versteegh@icloud.com "HTTP/1.1 404 Not Found"
2026-03-23 20:33:08,193 - httpx - INFO - HTTP Request: HEAD https://rumble.com/user/ivan.versteegh@icloud.com "HTTP/1.1 403 Forbidden"
2026-03-23 20:33:09,600 - httpx - INFO - HTTP Request: HEAD https://rumble.com/user/ivan.versteegh@icloud.com "HTTP/1.1 403 Forbidden"
2026-03-23 20:33:10,559 - httpx - INFO - HTTP Request: HEAD https://apps.runescape.com/runemetrics/app/overview/player/ivan.versteegh@icloud.com "HTTP/1.1 302 Moved Temporarily"
2026-03-23 20:33:11,643 - werkzeug - INFO - 127.0.0.1 - - [23/Mar/2026 20:33:11] "GET /api/history HTTP/1.1" 200 -
2026-03-23 20:33:11,646 - werkzeug - INFO - 127.0.0.1 - - [23/Mar/2026 20:33:11] "GET /api/archive?q=&tool= HTTP/1.1" 200 -
2026-03-23 20:33:12,296 - httpx - INFO - HTTP Request: HEAD https://secure.runescape.com/m=news/the-roadmap-that-changes-runescape-forever "HTTP/1.1 200 OK"
2026-03-23 20:33:12,993 - httpx - INFO - HTTP Request: HEAD https://swapd.co/u/ivan.versteegh@icloud.com "HTTP/1.1 404 Not Found"
2026-03-23 20:33:14,242 - httpx - INFO - HTTP Request: HEAD https://www.sbazar.cz/ivan.versteegh@icloud.com "HTTP/1.1 404 Not Found"
2026-03-23 20:33:14,821 - httpx - INFO - HTTP Request: HEAD https://scratch.mit.edu/users/ivan.versteegh@icloud.com "HTTP/1.1 404 NOT FOUND"
2026-03-23 20:33:15,461 - httpx - INFO - HTTP Request: HEAD https://www.scribd.com/ivan.versteegh@icloud.com "HTTP/1.1 404 Not Found"
2026-03-23 20:33:16,044 - httpx - INFO - HTTP Request: HEAD https://seoforum.com/@ivan.versteegh@icloud.com "HTTP/1.1 404 Not Found"
2026-03-23 20:33:16,153 - werkzeug - INFO - 127.0.0.1 - - [23/Mar/2026 20:33:16] "GET /api/history HTTP/1.1" 200 -
2026-03-23 20:33:16,157 - werkzeug - INFO - 127.0.0.1 - - [23/Mar/2026 20:33:16] "GET /api/archive?q=&tool= HTTP/1.1" 200 -
2026-03-23 20:33:16,652 - httpx - INFO - HTTP Request: HEAD https://www.shelf.im/ivan.versteegh@icloud.com "HTTP/1.1 302 Found"
2026-03-23 20:33:16,810 - httpx - INFO - HTTP Request: HEAD https://www.shelf.im/ "HTTP/1.1 200 OK"
2026-03-23 20:33:17,825 - httpx - INFO - HTTP Request: HEAD https://www.shitpostbot.com/user/ivan.versteegh@icloud.com "HTTP/1.1 404 Not Found"
2026-03-23 20:33:18,956 - httpx - INFO - HTTP Request: HEAD https://community.signalusers.org/u/ivan.versteegh@icloud.com "HTTP/1.1 404 Not Found"
2026-03-23 20:33:21,003 - httpx - INFO - HTTP Request: HEAD https://sketchfab.com/ivan.versteegh@icloud.com "HTTP/1.1 404 Not Found"
2026-03-23 20:33:22,291 - httpx - INFO - HTTP Request: HEAD https://www.slant.co/users/ivan.versteegh@icloud.com "HTTP/1.1 403 Forbidden"
2026-03-23 20:33:23,426 - httpx - INFO - HTTP Request: HEAD https://www.slant.co/users/ivan.versteegh@icloud.com "HTTP/1.1 403 Forbidden"
2026-03-23 20:33:24,113 - httpx - INFO - HTTP Request: HEAD https://slashdot.org/~ivan.versteegh@icloud.com "HTTP/1.1 403 Forbidden"
2026-03-23 20:33:25,816 - httpx - INFO - HTTP Request: HEAD https://slashdot.org/~ivan.versteegh@icloud.com "HTTP/1.1 403 Forbidden"
2026-03-23 20:33:26,351 - httpx - INFO - HTTP Request: HEAD https://slideshare.net/ivan.versteegh@icloud.com "HTTP/1.1 301 Moved Permanently"
2026-03-23 20:33:28,098 - httpx - INFO - HTTP Request: HEAD https://www.slideshare.net/ivan.versteegh@icloud.com "HTTP/1.1 404 Not Found"
2026-03-23 20:33:28,788 - httpx - INFO - HTTP Request: HEAD https://slides.com/ivan.versteegh@icloud.com "HTTP/1.1 204 No Content"
2026-03-23 20:33:29,753 - httpx - INFO - HTTP Request: HEAD https://www.smule.com/ivan.versteegh@icloud.com "HTTP/1.1 403 Forbidden"
2026-03-23 20:33:30,897 - httpx - INFO - HTTP Request: HEAD https://www.smule.com/ivan.versteegh@icloud.com "HTTP/1.1 403 Forbidden"
2026-03-23 20:33:31,862 - httpx - INFO - HTTP Request: HEAD https://www.snapchat.com/add/ivan.versteegh@icloud.com "HTTP/1.1 308 Permanent Redirect"
2026-03-23 20:33:32,127 - httpx - INFO - HTTP Request: HEAD https://www.snapchat.com/@ivan.versteegh%40icloud.com "HTTP/1.1 404 Not Found"
2026-03-23 20:33:34,361 - httpx - INFO - HTTP Request: HEAD https://www.sooplive.co.kr/station/ivan.versteegh@icloud.com "HTTP/1.1 200 OK"
2026-03-23 20:33:35,045 - httpx - INFO - HTTP Request: HEAD https://soundcloud.com/ivan.versteegh@icloud.com "HTTP/1.1 404 Not Found"
2026-03-23 20:33:35,841 - httpx - INFO - HTTP Request: HEAD https://sourceforge.net/u/ivan.versteegh@icloud.com "HTTP/1.1 403 Forbidden"
2026-03-23 20:33:37,363 - httpx - INFO - HTTP Request: HEAD https://sourceforge.net/u/ivan.versteegh@icloud.com "HTTP/1.1 403 Forbidden"
2026-03-23 20:33:39,432 - httpx - INFO - HTTP Request: HEAD https://soylentnews.org/~ivan.versteegh@icloud.com "HTTP/1.1 200 OK"
2026-03-23 20:33:40,114 - httpx - INFO - HTTP Request: HEAD https://speakerdeck.com/ivan.versteegh@icloud.com "HTTP/1.1 404 Not Found"
2026-03-23 20:33:40,738 - httpx - INFO - HTTP Request: HEAD https://speedrun.com/users/ivan.versteegh@icloud.com "HTTP/1.1 301 Moved Permanently"
2026-03-23 20:33:41,357 - httpx - INFO - HTTP Request: HEAD https://www.speedrun.com/users/ivan.versteegh@icloud.com "HTTP/1.1 403 Forbidden"
2026-03-23 20:33:41,643 - werkzeug - INFO - 127.0.0.1 - - [23/Mar/2026 20:33:41] "GET /api/history HTTP/1.1" 200 -
2026-03-23 20:33:41,647 - werkzeug - INFO - 127.0.0.1 - - [23/Mar/2026 20:33:41] "GET /api/archive?q=&tool= HTTP/1.1" 200 -
2026-03-23 20:33:42,713 - httpx - INFO - HTTP Request: HEAD https://speedrun.com/users/ivan.versteegh@icloud.com "HTTP/1.1 301 Moved Permanently"
2026-03-23 20:33:44,308 - httpx - INFO - HTTP Request: HEAD https://www.speedrun.com/users/ivan.versteegh@icloud.com "HTTP/1.1 403 Forbidden"
2026-03-23 20:33:44,991 - httpx - INFO - HTTP Request: HEAD https://forum.spells8.com/u/ivan.versteegh@icloud.com "HTTP/1.1 404 Not Found"
2026-03-23 20:33:45,606 - httpx - INFO - HTTP Request: HEAD https://splice.com/ivan.versteegh@icloud.com "HTTP/1.1 200 OK"
2026-03-23 20:33:46,394 - httpx - INFO - HTTP Request: HEAD https://splits.io/users/ivan.versteegh@icloud.com "HTTP/1.1 404 Not Found"
2026-03-23 20:33:47,099 - httpx - INFO - HTTP Request: HEAD https://www.sporcle.com/user/ivan.versteegh@icloud.com/people "HTTP/1.1 403 Forbidden"
2026-03-23 20:33:48,250 - httpx - INFO - HTTP Request: HEAD https://www.sporcle.com/user/ivan.versteegh@icloud.com/people "HTTP/1.1 403 Forbidden"
2026-03-23 20:33:49,419 - httpx - INFO - HTTP Request: HEAD https://www.sportlerfrage.net/nutzer/ivan.versteegh@icloud.com "HTTP/1.1 404 Not Found"
2026-03-23 20:33:50,695 - httpx - INFO - HTTP Request: HEAD https://www.sports.ru/profile/ivan.versteegh@icloud.com/ "HTTP/1.1 404 Not Found"
2026-03-23 20:33:51,764 - httpx - INFO - HTTP Request: HEAD https://open.spotify.com/user/ivan.versteegh@icloud.com "HTTP/1.1 200 OK"
2026-03-23 20:33:52,470 - httpx - INFO - HTTP Request: HEAD https://robertsspaceindustries.com/citizens/ivan.versteegh@icloud.com "HTTP/1.1 302 Moved Temporarily"
2026-03-23 20:33:52,640 - httpx - INFO - HTTP Request: HEAD https://robertsspaceindustries.com/en/citizens/ivan.versteegh@icloud.com "HTTP/1.1 200 OK"
2026-03-23 20:33:53,481 - httpx - INFO - HTTP Request: HEAD https://status.cafe/users/ivan.versteegh@icloud.com "HTTP/1.1 405 Method Not Allowed"
2026-03-23 20:33:54,065 - httpx - INFO - HTTP Request: HEAD https://steamcommunity.com/groups/ivan.versteegh@icloud.com "HTTP/1.1 200 OK"
2026-03-23 20:33:54,429 - httpx - INFO - HTTP Request: HEAD https://steamcommunity.com/id/ivan.versteegh@icloud.com/ "HTTP/1.1 200 OK"
2026-03-23 20:33:55,650 - httpx - INFO - HTTP Request: HEAD https://www.strava.com/athletes/ivan.versteegh@icloud.com "HTTP/1.1 301 Moved Permanently"
2026-03-23 20:33:56,045 - httpx - INFO - HTTP Request: HEAD https://www.strava.com/athletes/23644 "HTTP/1.1 200 OK"
2026-03-23 20:33:57,077 - httpx - INFO - HTTP Request: HEAD https://forum.sublimetext.com/u/ivan.versteegh@icloud.com "HTTP/1.1 404 Not Found"
2026-03-23 20:33:57,911 - httpx - INFO - HTTP Request: HEAD https://ch.tetr.io/u/ivan.versteegh@icloud.com "HTTP/1.1 200 OK"
2026-03-23 20:33:59,006 - httpx - INFO - HTTP Request: HEAD https://www.themoviedb.org/u/ivan.versteegh@icloud.com "HTTP/1.1 404 Not Found"
2026-03-23 20:34:00,013 - httpx - INFO - HTTP Request: HEAD https://www.tiktok.com/@ivan.versteegh@icloud.com "HTTP/1.1 200 OK"
2026-03-23 20:34:01,173 - httpx - INFO - HTTP Request: HEAD https://profiles.topcoder.com/ivan.versteegh@icloud.com/ "HTTP/1.1 200 OK"
2026-03-23 20:34:02,366 - httpx - INFO - HTTP Request: HEAD https://topmate.io/ivan.versteegh@icloud.com "HTTP/1.1 404 Not Found"
2026-03-23 20:34:03,041 - httpx - INFO - HTTP Request: HEAD https://traktrain.com/ivan.versteegh@icloud.com "HTTP/1.1 404 Not Found"
2026-03-23 20:34:04,294 - httpx - INFO - HTTP Request: HEAD https://t.me/ivan.versteegh@icloud.com "HTTP/1.1 302 Found"
2026-03-23 20:34:05,162 - httpx - INFO - HTTP Request: HEAD https://telegram.org/ "HTTP/1.1 200 OK"
2026-03-23 20:34:05,713 - httpx - INFO - HTTP Request: HEAD https://tellonym.me/ivan.versteegh@icloud.com "HTTP/1.1 403 Forbidden"
2026-03-23 20:34:07,237 - httpx - INFO - HTTP Request: HEAD https://tellonym.me/ivan.versteegh@icloud.com "HTTP/1.1 403 Forbidden"
2026-03-23 20:34:08,105 - httpx - INFO - HTTP Request: HEAD https://tenor.com/users/ivan.versteegh@icloud.com "HTTP/1.1 404 Not Found"
2026-03-23 20:34:09,939 - httpx - INFO - HTTP Request: HEAD https://forums.terraria.org/index.php?search/42798315/&c[users]=ivan.versteegh@icloud.com&o=relevance "HTTP/1.1 404 Not Found"
2026-03-23 20:34:10,443 - httpx - INFO - HTTP Request: HEAD https://themeforest.net/user/ivan.versteegh@icloud.com "HTTP/1.1 403 Forbidden"
2026-03-23 20:34:11,644 - werkzeug - INFO - 127.0.0.1 - - [23/Mar/2026 20:34:11] "GET /api/history HTTP/1.1" 200 -
2026-03-23 20:34:11,653 - werkzeug - INFO - 127.0.0.1 - - [23/Mar/2026 20:34:11] "GET /api/archive?q=&tool= HTTP/1.1" 200 -
2026-03-23 20:34:11,955 - httpx - INFO - HTTP Request: HEAD https://themeforest.net/user/ivan.versteegh@icloud.com "HTTP/1.1 403 Forbidden"
2026-03-23 20:34:14,254 - werkzeug - INFO - 127.0.0.1 - - [23/Mar/2026 20:34:14] "GET /api/history HTTP/1.1" 200 -
2026-03-23 20:34:14,256 - werkzeug - INFO - 127.0.0.1 - - [23/Mar/2026 20:34:14] "GET /api/archive?q=&tool= HTTP/1.1" 200 -
2026-03-23 20:34:14,301 - httpx - INFO - HTTP Request: HEAD https://www.tnaflix.com/profile/ivan.versteegh@icloud.com "HTTP/1.1 404 Not Found"
2026-03-23 20:34:14,982 - httpx - INFO - HTTP Request: HEAD https://www.tradingview.com/u/ivan.versteegh@icloud.com/ "HTTP/1.1 204 No Content"
2026-03-23 20:34:15,646 - httpx - INFO - HTTP Request: HEAD https://www.trakt.tv/users/ivan.versteegh@icloud.com "HTTP/1.1 301 Moved Permanently"
2026-03-23 20:34:16,719 - httpx - INFO - HTTP Request: HEAD https://trakt.tv/users/ivan.versteegh@icloud.com "HTTP/1.1 404 Not Found"
2026-03-23 20:34:17,722 - httpx - INFO - HTTP Request: HEAD https://trashbox.ru/users/ivan.versteegh@icloud.com "HTTP/1.1 404 Not Found"
2026-03-23 20:34:18,982 - httpx - INFO - HTTP Request: HEAD https://traewelling.de/@ivan.versteegh@icloud.com "HTTP/1.1 404 Not Found"
2026-03-23 20:34:19,891 - httpx - INFO - HTTP Request: HEAD https://trello.com/ivan.versteegh@icloud.com "HTTP/1.1 200 OK"
2026-03-23 20:34:20,800 - httpx - INFO - HTTP Request: HEAD https://tryhackme.com/p/ivan.versteegh@icloud.com "HTTP/1.1 200 OK"
2026-03-23 20:34:22,147 - httpx - INFO - HTTP Request: HEAD https://tuna.voicemod.net/user/ivan.versteegh@icloud.com "HTTP/1.1 301 Moved Permanently"
2026-03-23 20:34:22,747 - httpx - INFO - HTTP Request: HEAD https://tuna.voicemod.net/user/ivan.versteegh@icloud.com/ "HTTP/1.1 500 Server Error"
2026-03-23 20:34:23,621 - httpx - INFO - HTTP Request: HEAD https://tweakers.net/gallery/ivan.versteegh@icloud.com "HTTP/1.1 403 Forbidden"
2026-03-23 20:34:24,829 - httpx - INFO - HTTP Request: HEAD https://tweakers.net/gallery/ivan.versteegh@icloud.com "HTTP/1.1 403 Forbidden"
2026-03-23 20:34:25,371 - httpx - INFO - HTTP Request: HEAD https://www.twitch.tv/ivan.versteegh@icloud.com "HTTP/1.1 405 Method Not Allowed"
2026-03-23 20:34:26,063 - httpx - INFO - HTTP Request: HEAD https://trovo.live/s/ivan.versteegh@icloud.com/ "HTTP/1.1 405 Method Not Allowed"
2026-03-23 20:34:26,795 - httpx - INFO - HTTP Request: HEAD https://x.com/ivan.versteegh@icloud.com "HTTP/1.1 403 Forbidden"
2026-03-23 20:34:27,974 - httpx - INFO - HTTP Request: HEAD https://x.com/ivan.versteegh@icloud.com "HTTP/1.1 403 Forbidden"
2026-03-23 20:34:28,655 - httpx - INFO - HTTP Request: HEAD https://data.typeracer.com/pit/profile?user=ivan.versteegh@icloud.com "HTTP/1.1 200 OK"
2026-03-23 20:34:29,279 - httpx - INFO - HTTP Request: HEAD https://ultimate-guitar.com/u/ivan.versteegh@icloud.com "HTTP/1.1 403 Forbidden"
2026-03-23 20:34:30,696 - httpx - INFO - HTTP Request: HEAD https://ultimate-guitar.com/u/ivan.versteegh@icloud.com "HTTP/1.1 403 Forbidden"
2026-03-23 20:34:31,369 - httpx - INFO - HTTP Request: HEAD https://unsplash.com/@ivan.versteegh@icloud.com "HTTP/1.1 307 Unauthorized"
2026-03-23 20:34:31,509 - httpx - INFO - HTTP Request: HEAD https://unsplash.com/.within.website?redir=%2F%40ivan.versteegh%40icloud.com "HTTP/1.1 401 Unauthorized"
2026-03-23 20:34:32,074 - httpx - INFO - HTTP Request: HEAD https://untappd.com/user/ivan.versteegh@icloud.com "HTTP/1.1 400 Bad Request"
2026-03-23 20:34:33,039 - httpx - INFO - HTTP Request: HEAD https://valorantforums.com/u/ivan.versteegh@icloud.com "HTTP/1.1 404 Not Found"
2026-03-23 20:34:34,242 - httpx - INFO - HTTP Request: HEAD https://vk.com/ivan.versteegh@icloud.com "HTTP/1.1 418 "
2026-03-23 20:34:34,760 - httpx - INFO - HTTP Request: HEAD https://vsco.co/ivan.versteegh@icloud.com "HTTP/1.1 403 Forbidden"
2026-03-23 20:34:35,902 - httpx - INFO - HTTP Request: HEAD https://vsco.co/ivan.versteegh@icloud.com "HTTP/1.1 403 Forbidden"
2026-03-23 20:34:37,366 - httpx - INFO - HTTP Request: HEAD https://velog.io/@ivan.versteegh@icloud.com/posts "HTTP/1.1 404 Not Found"
2026-03-23 20:34:38,306 - httpx - INFO - HTTP Request: HEAD https://forum.velomania.ru/member.php?username=ivan.versteegh@icloud.com "HTTP/1.1 200 OK"
2026-03-23 20:34:38,984 - httpx - INFO - HTTP Request: HEAD https://account.venmo.com/u/ivan.versteegh@icloud.com "HTTP/1.1 404 Not Found"
2026-03-23 20:34:39,681 - httpx - INFO - HTTP Request: HEAD https://vero.co/ivan.versteegh@icloud.com "HTTP/1.1 200 OK"
2026-03-23 20:34:40,429 - httpx - INFO - HTTP Request: HEAD https://vimeo.com/ivan.versteegh@icloud.com "HTTP/1.1 403 Forbidden"
2026-03-23 20:34:41,638 - werkzeug - INFO - 127.0.0.1 - - [23/Mar/2026 20:34:41] "GET /api/history HTTP/1.1" 200 -
2026-03-23 20:34:41,645 - werkzeug - INFO - 127.0.0.1 - - [23/Mar/2026 20:34:41] "GET /api/archive?q=&tool= HTTP/1.1" 200 -
2026-03-23 20:34:41,929 - httpx - INFO - HTTP Request: HEAD https://vimeo.com/ivan.versteegh@icloud.com "HTTP/1.1 403 Forbidden"
2026-03-23 20:34:42,555 - httpx - INFO - HTTP Request: HEAD https://www.virustotal.com/gui/user/ivan.versteegh@icloud.com "HTTP/1.1 200 OK"
2026-03-23 20:34:44,775 - httpx - INFO - HTTP Request: HEAD https://www.vlr.gg/user/ivan.versteegh@icloud.com "HTTP/1.1 404 Not Found"
2026-03-23 20:34:45,462 - httpx - INFO - HTTP Request: HEAD https://discourse.wicg.io/u/ivan.versteegh@icloud.com/summary "HTTP/1.1 404 Not Found"
2026-03-23 20:34:46,488 - httpx - INFO - HTTP Request: HEAD https://wakatime.com/@ivan.versteegh@icloud.com "HTTP/1.1 404 NOT FOUND"
2026-03-23 20:34:47,317 - httpx - INFO - HTTP Request: HEAD https://www.warriorforum.com/members/ivan.versteegh@icloud.com.html "HTTP/1.1 400 Bad Request"
2026-03-23 20:34:48,560 - httpx - INFO - HTTP Request: HEAD https://www.wattpad.com/user/ivan.versteegh@icloud.com "HTTP/1.1 404 Not Found"
2026-03-23 20:34:50,390 - httpx - INFO - HTTP Request: HEAD https://hosted.weblate.org/user/ivan.versteegh@icloud.com/ "HTTP/1.1 307 Temporary Redirect"
2026-03-23 20:34:50,610 - httpx - INFO - HTTP Request: HEAD https://hosted.weblate.org/.within.website/?redir=https://hosted.weblate.org/user/ivan.versteegh@icloud.com/ "HTTP/1.1 200 OK"
2026-03-23 20:34:51,544 - httpx - INFO - HTTP Request: HEAD http://www.wikidot.com/user:info/ivan.versteegh@icloud.com "HTTP/1.1 200 OK"
2026-03-23 20:34:52,670 - httpx - INFO - HTTP Request: HEAD https://en.wikipedia.org/wiki/Special:CentralAuth/ivan.versteegh@icloud.com?uselang=qqx "HTTP/1.1 403 Forbidden"
2026-03-23 20:34:53,807 - httpx - INFO - HTTP Request: HEAD https://en.wikipedia.org/wiki/Special:CentralAuth/ivan.versteegh@icloud.com?uselang=qqx "HTTP/1.1 403 Forbidden"
2026-03-23 20:34:55,523 - httpx - INFO - HTTP Request: HEAD https://community.windy.com/user/ivan.versteegh@icloud.com "HTTP/1.1 503 Service Unavailable"
2026-03-23 20:34:56,754 - httpx - INFO - HTTP Request: HEAD https://community.windy.com/user/ivan.versteegh@icloud.com "HTTP/1.1 503 Service Unavailable"
2026-03-23 20:34:58,419 - httpx - INFO - HTTP Request: HEAD https://community.wolfram.com/web/ivan.versteegh@icloud.com/home "HTTP/1.1 404 Not Found"
2026-03-23 20:34:59,718 - httpx - INFO - HTTP Request: HEAD https://profiles.wordpress.org/ivan.versteegh@icloud.com/ "HTTP/1.1 404 Not Found"
2026-03-23 20:35:00,802 - httpx - INFO - HTTP Request: HEAD https://www.wordnik.com/users/ivan.versteegh@icloud.com "HTTP/1.1 400 Bad Request"
2026-03-23 20:35:01,969 - httpx - INFO - HTTP Request: HEAD https://www.wykop.pl/ludzie/ivan.versteegh@icloud.com "HTTP/1.1 301 Moved Permanently"
2026-03-23 20:35:02,905 - httpx - INFO - HTTP Request: HEAD https://wykop.pl/ludzie/ivan.versteegh@icloud.com "HTTP/1.1 404 Not Found"
2026-03-23 20:35:04,830 - httpx - INFO - HTTP Request: HEAD https://xboxgamertag.com/search/ivan.versteegh@icloud.com "HTTP/1.1 404 Not Found"
2026-03-23 20:35:08,312 - httpx - INFO - HTTP Request: HEAD https://xvideos.com/profiles/ivan.versteegh@icloud.com "HTTP/1.1 301 Moved Permanently"
2026-03-23 20:35:09,292 - httpx - INFO - HTTP Request: HEAD https://www.xvideos.com/profiles/ivan.versteegh@icloud.com "HTTP/1.1 404 Not Found"
2026-03-23 20:35:10,763 - httpx - INFO - HTTP Request: HEAD https://music.yandex/users/ivan.versteegh@icloud.com/playlists "HTTP/1.1 302 Moved temporarily"
2026-03-23 20:35:11,642 - werkzeug - INFO - 127.0.0.1 - - [23/Mar/2026 20:35:11] "GET /api/history HTTP/1.1" 200 -
2026-03-23 20:35:11,646 - werkzeug - INFO - 127.0.0.1 - - [23/Mar/2026 20:35:11] "GET /api/archive?q=&tool= HTTP/1.1" 200 -
2026-03-23 20:35:12,408 - httpx - INFO - HTTP Request: HEAD https://music.yandex.ru/users/ivan.versteegh@icloud.com/playlists "HTTP/1.1 404 Not Found"
2026-03-23 20:35:13,457 - httpx - INFO - HTTP Request: HEAD https://www.younow.com/ivan.versteegh@icloud.com/ "HTTP/1.1 200 OK"
2026-03-23 20:35:14,043 - httpx - INFO - HTTP Request: HEAD https://youpic.com/photographer/ivan.versteegh@icloud.com/ "HTTP/1.1 404 "
2026-03-23 20:35:14,597 - httpx - INFO - HTTP Request: HEAD https://youporn.com/uservids/ivan.versteegh@icloud.com "HTTP/1.1 301 Moved Permanently"
2026-03-23 20:35:15,573 - httpx - INFO - HTTP Request: HEAD https://www.youporn.com/uservids/ivan.versteegh@icloud.com "HTTP/1.1 404 Not Found"
2026-03-23 20:35:16,143 - werkzeug - INFO - 127.0.0.1 - - [23/Mar/2026 20:35:16] "GET /api/history HTTP/1.1" 200 -
2026-03-23 20:35:16,152 - werkzeug - INFO - 127.0.0.1 - - [23/Mar/2026 20:35:16] "GET /api/archive?q=&tool= HTTP/1.1" 200 -
2026-03-23 20:35:16,586 - httpx - INFO - HTTP Request: HEAD https://www.youtube.com/@ivan.versteegh@icloud.com "HTTP/1.1 404 Not Found"
2026-03-23 20:35:17,351 - httpx - INFO - HTTP Request: HEAD https://akniga.org/profile/ivan.versteegh@icloud.com "HTTP/1.1 404 Not Found"
2026-03-23 20:35:17,610 - httpx - INFO - HTTP Request: HEAD http://www.authorstream.com/ivan.versteegh@icloud.com/ "HTTP/1.1 405 Method Not Allowed"
2026-03-23 20:35:18,295 - httpx - INFO - HTTP Request: HEAD https://www.babyblog.ru/user/ivan.versteegh@icloud.com "HTTP/1.1 403 Forbidden"
2026-03-23 20:35:19,504 - httpx - INFO - HTTP Request: HEAD https://www.babyblog.ru/user/ivan.versteegh@icloud.com "HTTP/1.1 403 Forbidden"
2026-03-23 20:35:20,622 - httpx - INFO - HTTP Request: HEAD https://www.couchsurfing.com/people/ivan.versteegh@icloud.com "HTTP/1.1 404 Not Found"
2026-03-23 20:35:22,037 - httpx - INFO - HTTP Request: HEAD https://d3.ru/user/ivan.versteegh@icloud.com/posts "HTTP/1.1 302 Found"
2026-03-23 20:35:23,469 - httpx - INFO - HTTP Request: HEAD https://d3.ru/user/ivan.versteegh@icloud.com/posts/ "HTTP/1.1 404 Not Found"
2026-03-23 20:35:25,147 - httpx - INFO - HTTP Request: HEAD https://www.dailykos.com/user/ivan.versteegh@icloud.com "HTTP/1.1 404 Not Found"
2026-03-23 20:35:25,616 - httpx - INFO - HTTP Request: HEAD http://dating.ru/ivan.versteegh@icloud.com "HTTP/1.1 301 Moved Permanently"
2026-03-23 20:35:26,556 - httpx - INFO - HTTP Request: HEAD https://dating.ru/ivan.versteegh@icloud.com "HTTP/1.1 301 Moved Permanently"
2026-03-23 20:35:26,799 - httpx - INFO - HTTP Request: HEAD https://dating.ru/ivan.versteegh@icloud.com/ "HTTP/1.1 404 Not Found"
2026-03-23 20:35:27,425 - httpx - INFO - HTTP Request: HEAD https://devrant.com/users/ivan.versteegh@icloud.com "HTTP/1.1 302 Found"
2026-03-23 20:35:27,582 - httpx - INFO - HTTP Request: HEAD https://devrant.com/ "HTTP/1.1 200 OK"
2026-03-23 20:35:28,670 - httpx - INFO - HTTP Request: HEAD https://www.drive2.ru/users/ivan.versteegh@icloud.com "HTTP/1.1 404 Not Found"
2026-03-23 20:35:29,336 - httpx - INFO - HTTP Request: HEAD https://egpu.io/forums/profile/ivan.versteegh@icloud.com/ "HTTP/1.1 403 Forbidden"
2026-03-23 20:35:30,495 - httpx - INFO - HTTP Request: HEAD https://egpu.io/forums/profile/ivan.versteegh@icloud.com/ "HTTP/1.1 403 Forbidden"
2026-03-23 20:35:32,889 - httpx - INFO - HTTP Request: HEAD https://community.eintracht.de/fans/ivan.versteegh@icloud.com "HTTP/1.1 500 Internal Server Error"
2026-03-23 20:35:33,510 - httpx - INFO - HTTP Request: HEAD https://www.fixya.com/users/ivan.versteegh@icloud.com "HTTP/1.1 403 Forbidden"
2026-03-23 20:35:35,025 - httpx - INFO - HTTP Request: HEAD https://www.fixya.com/users/ivan.versteegh@icloud.com "HTTP/1.1 403 Forbidden"
2026-03-23 20:35:36,264 - httpx - INFO - HTTP Request: HEAD https://www.fl.ru/users/ivan.versteegh@icloud.com "HTTP/1.1 404 Not Found"
2026-03-23 20:35:37,339 - httpx - INFO - HTTP Request: HEAD https://www.freecodecamp.org/ivan.versteegh@icloud.com "HTTP/1.1 404 Not Found"
2026-03-23 20:35:38,025 - httpx - INFO - HTTP Request: HEAD https://www.furaffinity.net/user/ivan.versteegh@icloud.com "HTTP/1.1 400 Bad Request"
2026-03-23 20:35:39,214 - httpx - INFO - HTTP Request: HEAD https://www.geocaching.com/p/default.aspx?u=ivan.versteegh@icloud.com "HTTP/1.1 404 Not Found"
2026-03-23 20:35:40,024 - httpx - INFO - HTTP Request: HEAD https://habr.com/ru/users/ivan.versteegh@icloud.com "HTTP/1.1 302 Found"
2026-03-23 20:35:40,358 - httpx - INFO - HTTP Request: HEAD https://habr.com/ru/users/ivan.versteegh@icloud.com/ "HTTP/1.1 404 Not Found"
2026-03-23 20:35:41,124 - httpx - INFO - HTTP Request: HEAD https://www.hackster.io/ivan.versteegh@icloud.com "HTTP/1.1 404 Not Found"
2026-03-23 20:35:41,638 - werkzeug - INFO - 127.0.0.1 - - [23/Mar/2026 20:35:41] "GET /api/history HTTP/1.1" 200 -
2026-03-23 20:35:41,642 - werkzeug - INFO - 127.0.0.1 - - [23/Mar/2026 20:35:41] "GET /api/archive?q=&tool= HTTP/1.1" 200 -
2026-03-23 20:35:42,619 - httpx - INFO - HTTP Request: HEAD https://www.hunting.ru/forum/members/?username=ivan.versteegh@icloud.com "HTTP/1.1 200 OK"
2026-03-23 20:35:43,127 - httpx - INFO - HTTP Request: HEAD http://forum.igromania.ru/member.php?username=ivan.versteegh@icloud.com "HTTP/1.1 200 OK"
2026-03-23 20:35:43,657 - httpx - INFO - HTTP Request: HEAD https://www.interpals.net/ivan.versteegh@icloud.com "HTTP/1.1 302 Found"
2026-03-23 20:35:43,833 - httpx - INFO - HTTP Request: HEAD https://www.interpals.net/ "HTTP/1.1 302 Found"
2026-03-23 20:35:44,006 - httpx - INFO - HTTP Request: HEAD https://www.interpals.net/ "HTTP/1.1 302 Found"
2026-03-23 20:35:44,189 - httpx - INFO - HTTP Request: HEAD https://www.interpals.net/ "HTTP/1.1 302 Found"
2026-03-23 20:35:44,362 - httpx - INFO - HTTP Request: HEAD https://www.interpals.net/ "HTTP/1.1 302 Found"
2026-03-23 20:35:44,538 - httpx - INFO - HTTP Request: HEAD https://www.interpals.net/ "HTTP/1.1 302 Found"
2026-03-23 20:35:44,716 - httpx - INFO - HTTP Request: HEAD https://www.interpals.net/ "HTTP/1.1 302 Found"
2026-03-23 20:35:44,886 - httpx - INFO - HTTP Request: HEAD https://www.interpals.net/ "HTTP/1.1 302 Found"
2026-03-23 20:35:45,062 - httpx - INFO - HTTP Request: HEAD https://www.interpals.net/ "HTTP/1.1 302 Found"
2026-03-23 20:35:45,239 - httpx - INFO - HTTP Request: HEAD https://www.interpals.net/ "HTTP/1.1 302 Found"
2026-03-23 20:35:45,729 - httpx - INFO - HTTP Request: HEAD https://www.interpals.net/ "HTTP/1.1 302 Found"
2026-03-23 20:35:45,904 - httpx - INFO - HTTP Request: HEAD https://www.interpals.net/ "HTTP/1.1 302 Found"
2026-03-23 20:35:46,085 - httpx - INFO - HTTP Request: HEAD https://www.interpals.net/ "HTTP/1.1 302 Found"
2026-03-23 20:35:46,274 - httpx - INFO - HTTP Request: HEAD https://www.interpals.net/ "HTTP/1.1 302 Found"
2026-03-23 20:35:46,448 - httpx - INFO - HTTP Request: HEAD https://www.interpals.net/ "HTTP/1.1 302 Found"
2026-03-23 20:35:47,017 - httpx - INFO - HTTP Request: HEAD https://www.interpals.net/ "HTTP/1.1 302 Found"
2026-03-23 20:35:47,429 - httpx - INFO - HTTP Request: HEAD https://www.interpals.net/ "HTTP/1.1 302 Found"
2026-03-23 20:35:47,604 - httpx - INFO - HTTP Request: HEAD https://www.interpals.net/ "HTTP/1.1 302 Found"
2026-03-23 20:35:47,782 - httpx - INFO - HTTP Request: HEAD https://www.interpals.net/ "HTTP/1.1 302 Found"
2026-03-23 20:35:48,082 - httpx - INFO - HTTP Request: HEAD https://www.interpals.net/ "HTTP/1.1 302 Found"
2026-03-23 20:35:48,249 - httpx - INFO - HTTP Request: HEAD https://www.interpals.net/ "HTTP/1.1 302 Found"
2026-03-23 20:35:49,397 - httpx - INFO - HTTP Request: HEAD https://irecommend.ru/users/ivan.versteegh@icloud.com "HTTP/1.1 404 Not Found"
2026-03-23 20:35:50,375 - httpx - INFO - HTTP Request: HEAD https://jbzd.com.pl/uzytkownik/ivan.versteegh@icloud.com "HTTP/1.1 404 Not Found"
2026-03-23 20:35:50,868 - httpx - INFO - HTTP Request: HEAD https://www.jeuxvideo.com/profil/ivan.versteegh@icloud.com "HTTP/1.1 403 Forbidden"
2026-03-23 20:35:52,368 - httpx - INFO - HTTP Request: HEAD https://www.jeuxvideo.com/profil/ivan.versteegh@icloud.com "HTTP/1.1 403 Forbidden"
2026-03-23 20:35:53,054 - httpx - INFO - HTTP Request: HEAD https://ko-fi.com/ivan.versteegh@icloud.com "HTTP/1.1 403 Forbidden"
2026-03-23 20:35:54,594 - httpx - INFO - HTTP Request: HEAD https://ko-fi.com/ivan.versteegh@icloud.com "HTTP/1.1 403 Forbidden"
2026-03-23 20:35:55,367 - httpx - INFO - HTTP Request: HEAD https://kwork.ru/user/ivan.versteegh@icloud.com "HTTP/1.1 404 Not Found"
2026-03-23 20:35:56,001 - httpx - INFO - HTTP Request: HEAD https://last.fm/user/ivan.versteegh@icloud.com "HTTP/1.1 301 Moved Permanently"
2026-03-23 20:35:56,101 - werkzeug - INFO - 127.0.0.1 - - [23/Mar/2026 20:35:56] "GET /api/history HTTP/1.1" 200 -
2026-03-23 20:35:56,107 - werkzeug - INFO - 127.0.0.1 - - [23/Mar/2026 20:35:56] "GET /api/archive?q=&tool= HTTP/1.1" 200 -
2026-03-23 20:35:57,363 - httpx - INFO - HTTP Request: HEAD https://www.last.fm/user/ivan.versteegh@icloud.com "HTTP/1.1 404 Not Found"
2026-03-23 20:35:58,387 - httpx - INFO - HTTP Request: HEAD https://forum.leasehackr.com/u/ivan.versteegh@icloud.com/summary/ "HTTP/1.1 404 Not Found"
2026-03-23 20:35:59,492 - httpx - INFO - HTTP Request: HEAD https://www.livelib.ru/reader/ivan.versteegh@icloud.com "HTTP/1.1 404 Not Found"
2026-03-23 20:36:00,334 - httpx - INFO - HTTP Request: HEAD https://mastodon.cloud/@ivan.versteegh@icloud.com "HTTP/1.1 200 OK"
2026-03-23 20:36:01,148 - httpx - INFO - HTTP Request: HEAD https://mastodon.social/@ivan.versteegh@icloud.com "HTTP/1.1 200 OK"
2026-03-23 20:36:02,879 - httpx - INFO - HTTP Request: HEAD https://mastodon.xyz/@ivan.versteegh@icloud.com "HTTP/1.1 200 OK"
2026-03-23 20:36:04,527 - httpx - INFO - HTTP Request: HEAD https://mstdn.social/@ivan.versteegh@icloud.com "HTTP/1.1 200 OK"
2026-03-23 20:36:06,023 - httpx - INFO - HTTP Request: HEAD https://www.mercadolivre.com.br/perfil/ivan.versteegh@icloud.com "HTTP/1.1 200 OK"
2026-03-23 20:36:06,560 - httpx - INFO - HTTP Request: HEAD https://www.minds.com/ivan.versteegh@icloud.com/ "HTTP/1.1 200 OK"
2026-03-23 20:36:07,125 - httpx - INFO - HTTP Request: HEAD https://moikrug.ru/ivan.versteegh@icloud.com "HTTP/1.1 301 Moved Permanently"
2026-03-23 20:36:07,803 - httpx - INFO - HTTP Request: HEAD https://career.habr.com/ivan.versteegh@icloud.com "HTTP/1.1 404 Not Found"
2026-03-23 20:36:09,855 - httpx - INFO - HTTP Request: HEAD https://mstdn.io/@ivan.versteegh@icloud.com "HTTP/1.1 200 OK"
2026-03-23 20:36:10,742 - httpx - INFO - HTTP Request: HEAD https://www.nairaland.com/ivan.versteegh@icloud.com "HTTP/1.1 403 Forbidden"
2026-03-23 20:36:11,642 - werkzeug - INFO - 127.0.0.1 - - [23/Mar/2026 20:36:11] "GET /api/archive?q=&tool= HTTP/1.1" 200 -
2026-03-23 20:36:11,651 - werkzeug - INFO - 127.0.0.1 - - [23/Mar/2026 20:36:11] "GET /api/history HTTP/1.1" 200 -
2026-03-23 20:36:12,355 - httpx - INFO - HTTP Request: HEAD https://www.nairaland.com/ivan.versteegh@icloud.com "HTTP/1.1 403 Forbidden"
2026-03-23 20:36:13,237 - httpx - INFO - HTTP Request: HEAD https://community.n8n.io/u/ivan.versteegh@icloud.com/summary "HTTP/1.1 404 Not Found"
2026-03-23 20:36:16,100 - httpx - INFO - HTTP Request: HEAD https://note.com/ivan.versteegh@icloud.com "HTTP/1.1 404 Not Found"
2026-03-23 20:36:16,649 - httpx - INFO - HTTP Request: HEAD https://www.npmjs.com/~ivan.versteegh@icloud.com "HTTP/1.1 403 Forbidden"
2026-03-23 20:36:18,102 - httpx - INFO - HTTP Request: HEAD https://www.npmjs.com/~ivan.versteegh@icloud.com "HTTP/1.1 403 Forbidden"
2026-03-23 20:36:20,260 - httpx - INFO - HTTP Request: HEAD https://www.opennet.ru/~ivan.versteegh@icloud.com "HTTP/1.1 200 OK"
2026-03-23 20:36:20,993 - httpx - INFO - HTTP Request: HEAD https://osu.ppy.sh/users/ivan.versteegh@icloud.com "HTTP/1.1 404 Not Found"
2026-03-23 20:36:26,032 - httpx - INFO - HTTP Request: HEAD https://php.ru/forum/members/?username=ivan.versteegh@icloud.com "HTTP/1.1 403 Forbidden"
2026-03-23 20:36:29,512 - httpx - INFO - HTTP Request: HEAD https://php.ru/forum/members/?username=ivan.versteegh@icloud.com "HTTP/1.1 403 Forbidden"
2026-03-23 20:36:30,222 - httpx - INFO - HTTP Request: HEAD https://pikabu.ru/@ivan.versteegh@icloud.com "HTTP/1.1 403 Forbidden"
2026-03-23 20:36:32,244 - httpx - INFO - HTTP Request: HEAD https://www.pinterest.com/ivan.versteegh@icloud.com/ "HTTP/1.1 200 OK"
2026-03-23 20:36:34,019 - httpx - INFO - HTTP Request: HEAD https://prog.hu/azonosito/info/ivan.versteegh@icloud.com "HTTP/1.1 429 Too Many Requests"
2026-03-23 20:36:35,247 - httpx - INFO - HTTP Request: HEAD https://prog.hu/azonosito/info/ivan.versteegh@icloud.com "HTTP/1.1 429 Too Many Requests"
2026-03-23 20:36:36,373 - httpx - INFO - HTTP Request: HEAD https://satsis.info/user/ivan.versteegh@icloud.com "HTTP/1.1 403 Forbidden"
2026-03-23 20:36:37,651 - httpx - INFO - HTTP Request: HEAD https://satsis.info/user/ivan.versteegh@icloud.com "HTTP/1.1 403 Forbidden"
2026-03-23 20:36:41,637 - werkzeug - INFO - 127.0.0.1 - - [23/Mar/2026 20:36:41] "GET /api/history HTTP/1.1" 200 -
2026-03-23 20:36:41,645 - werkzeug - INFO - 127.0.0.1 - - [23/Mar/2026 20:36:41] "GET /api/archive?q=&tool= HTTP/1.1" 200 -
2026-03-23 20:36:45,490 - httpx - INFO - HTTP Request: HEAD https://sessionize.com/ivan.versteegh@icloud.com "HTTP/1.1 404 Not Found"
2026-03-23 20:36:46,932 - httpx - INFO - HTTP Request: HEAD https://social.tchncs.de/@ivan.versteegh@icloud.com "HTTP/1.1 200 OK"
2026-03-23 20:36:47,741 - httpx - INFO - HTTP Request: HEAD https://spletnik.ru/user/ivan.versteegh@icloud.com "HTTP/1.1 404 Not Found"
2026-03-23 20:36:48,763 - httpx - INFO - HTTP Request: HEAD https://www.svidbook.ru/user/ivan.versteegh@icloud.com "HTTP/1.1 301 Moved Permanently"
2026-03-23 20:36:51,016 - httpx - INFO - HTTP Request: HEAD https://svidbook.ru/user/ivan.versteegh@icloud.com "HTTP/1.1 301 Moved Permanently"
2026-03-23 20:36:51,395 - httpx - INFO - HTTP Request: HEAD https://svidbook.ru "HTTP/1.1 200 OK"
2026-03-23 20:36:52,056 - httpx - INFO - HTTP Request: HEAD https://www.threads.net/@ivan.versteegh@icloud.com "HTTP/1.1 302 Found"
2026-03-23 20:36:52,263 - httpx - INFO - HTTP Request: HEAD https://www.threads.net/login/?next=https%3A%2F%2Fwww.threads.net%2F%40ivan.versteegh%40icloud.com%2F "HTTP/1.1 200 OK"
2026-03-23 20:36:52,937 - httpx - INFO - HTTP Request: HEAD https://www.toster.ru/user/ivan.versteegh@icloud.com/answers "HTTP/1.1 404 Not Found"
2026-03-23 20:36:53,885 - httpx - INFO - HTTP Request: HEAD http://uid.me/ivan.versteegh@icloud.com "HTTP/1.1 301 Moved Permanently"
2026-03-23 20:36:54,803 - httpx - INFO - HTTP Request: HEAD https://old.uid.me/ivan.versteegh@icloud.com "HTTP/1.1 404 Not Found"
2026-03-23 20:36:55,574 - httpx - INFO - HTTP Request: HEAD https://write.as/ivan.versteegh@icloud.com "HTTP/1.1 404 Not Found"
2026-03-23 20:36:56,543 - httpx - INFO - HTTP Request: HEAD https://xhamster.com/users/ivan.versteegh@icloud.com "HTTP/1.1 404 Not Found"
2026-03-23 20:36:57,773 - httpx - INFO - HTTP Request: HEAD https://www.znanylekarz.pl/ivan.versteegh@icloud.com "HTTP/1.1 404 Not Found"
2026-03-23 20:36:58,519 - httpx - INFO - HTTP Request: HEAD https://platzi.com/p/ivan.versteegh@icloud.com/ "HTTP/1.1 403 Forbidden"
2026-03-23 20:36:59,689 - httpx - INFO - HTTP Request: HEAD https://platzi.com/p/ivan.versteegh@icloud.com/ "HTTP/1.1 403 Forbidden"
2026-03-23 20:37:01,164 - httpx - INFO - HTTP Request: HEAD https://www.baby.ru/u/ivan.versteegh@icloud.com "HTTP/1.1 301 Moved Permanently"
2026-03-23 20:37:01,417 - httpx - INFO - HTTP Request: HEAD https://www.baby.ru/u/ivan.versteegh@icloud.com/ "HTTP/1.1 404 Not Found"
2026-03-23 20:37:02,123 - httpx - INFO - HTTP Request: HEAD https://wowhead.com/user=ivan.versteegh@icloud.com "HTTP/1.1 301 Found"
2026-03-23 20:37:02,886 - httpx - INFO - HTTP Request: HEAD https://www.wowhead.com/user=ivan.versteegh@icloud.com "HTTP/1.1 404 Not Found"
2026-03-23 20:37:03,718 - httpx - INFO - HTTP Request: HEAD https://addons.wago.io/user/ivan.versteegh@icloud.com "HTTP/1.1 404 Not Found"
2026-03-23 20:37:05,454 - httpx - INFO - HTTP Request: HEAD https://www.curseforge.com/members/ivan.versteegh@icloud.com/projects "HTTP/1.1 403 Forbidden"
2026-03-23 20:37:06,918 - httpx - INFO - HTTP Request: HEAD https://www.curseforge.com/members/ivan.versteegh@icloud.com/projects "HTTP/1.1 403 Forbidden"
2026-03-23 20:37:11,634 - werkzeug - INFO - 127.0.0.1 - - [23/Mar/2026 20:37:11] "GET /api/history HTTP/1.1" 200 -
2026-03-23 20:37:11,641 - werkzeug - INFO - 127.0.0.1 - - [23/Mar/2026 20:37:11] "GET /api/archive?q=&tool= HTTP/1.1" 200 -
2026-03-23 20:37:16,096 - werkzeug - INFO - 127.0.0.1 - - [23/Mar/2026 20:37:16] "GET /api/history HTTP/1.1" 200 -
2026-03-23 20:37:16,102 - werkzeug - INFO - 127.0.0.1 - - [23/Mar/2026 20:37:16] "GET /api/archive?q=&tool= HTTP/1.1" 200 -
2026-03-23 20:37:41,631 - werkzeug - INFO - 127.0.0.1 - - [23/Mar/2026 20:37:41] "GET /api/history HTTP/1.1" 200 -
2026-03-23 20:37:41,638 - werkzeug - INFO - 127.0.0.1 - - [23/Mar/2026 20:37:41] "GET /api/archive?q=&tool= HTTP/1.1" 200 -
2026-03-23 20:37:56,094 - werkzeug - INFO - 127.0.0.1 - - [23/Mar/2026 20:37:56] "GET /api/history HTTP/1.1" 200 -
2026-03-23 20:37:56,098 - werkzeug - INFO - 127.0.0.1 - - [23/Mar/2026 20:37:56] "GET /api/archive?q=&tool= HTTP/1.1" 200 -
2026-03-23 20:38:11,633 - werkzeug - INFO - 127.0.0.1 - - [23/Mar/2026 20:38:11] "GET /api/history HTTP/1.1" 200 -
2026-03-23 20:38:11,638 - werkzeug - INFO - 127.0.0.1 - - [23/Mar/2026 20:38:11] "GET /api/archive?q=&tool= HTTP/1.1" 200 -
2026-03-23 20:38:41,633 - werkzeug - INFO - 127.0.0.1 - - [23/Mar/2026 20:38:41] "GET /api/history HTTP/1.1" 200 -
2026-03-23 20:38:41,638 - werkzeug - INFO - 127.0.0.1 - - [23/Mar/2026 20:38:41] "GET /api/archive?q=&tool= HTTP/1.1" 200 -
2026-03-23 20:39:06,093 - werkzeug - INFO - 127.0.0.1 - - [23/Mar/2026 20:39:06] "GET /api/history HTTP/1.1" 200 -
2026-03-23 20:39:06,099 - werkzeug - INFO - 127.0.0.1 - - [23/Mar/2026 20:39:06] "GET /api/archive?q=&tool= HTTP/1.1" 200 -
2026-03-23 20:39:11,631 - werkzeug - INFO - 127.0.0.1 - - [23/Mar/2026 20:39:11] "GET /api/history HTTP/1.1" 200 -
2026-03-23 20:39:11,638 - werkzeug - INFO - 127.0.0.1 - - [23/Mar/2026 20:39:11] "GET /api/archive?q=&tool= HTTP/1.1" 200 -
2026-03-23 20:39:41,629 - werkzeug - INFO - 127.0.0.1 - - [23/Mar/2026 20:39:41] "GET /api/history HTTP/1.1" 200 -
2026-03-23 20:39:41,636 - werkzeug - INFO - 127.0.0.1 - - [23/Mar/2026 20:39:41] "GET /api/archive?q=&tool= HTTP/1.1" 200 -
2026-03-23 20:40:06,090 - werkzeug - INFO - 127.0.0.1 - - [23/Mar/2026 20:40:06] "GET /api/history HTTP/1.1" 200 -
2026-03-23 20:40:06,096 - werkzeug - INFO - 127.0.0.1 - - [23/Mar/2026 20:40:06] "GET /api/archive?q=&tool= HTTP/1.1" 200 -
2026-03-23 20:40:11,630 - werkzeug - INFO - 127.0.0.1 - - [23/Mar/2026 20:40:11] "GET /api/archive?q=&tool= HTTP/1.1" 200 -
2026-03-23 20:40:11,634 - werkzeug - INFO - 127.0.0.1 - - [23/Mar/2026 20:40:11] "GET /api/history HTTP/1.1" 200 -
2026-03-23 20:40:41,628 - werkzeug - INFO - 127.0.0.1 - - [23/Mar/2026 20:40:41] "GET /api/history HTTP/1.1" 200 -
2026-03-23 20:40:41,630 - werkzeug - INFO - 127.0.0.1 - - [23/Mar/2026 20:40:41] "GET /api/archive?q=&tool= HTTP/1.1" 200 -
2026-03-23 20:40:56,091 - werkzeug - INFO - 127.0.0.1 - - [23/Mar/2026 20:40:56] "GET /api/history HTTP/1.1" 200 -
2026-03-23 20:40:56,096 - werkzeug - INFO - 127.0.0.1 - - [23/Mar/2026 20:40:56] "GET /api/archive?q=&tool= HTTP/1.1" 200 -
2026-03-23 20:41:11,628 - werkzeug - INFO - 127.0.0.1 - - [23/Mar/2026 20:41:11] "GET /api/history HTTP/1.1" 200 -
2026-03-23 20:41:11,633 - werkzeug - INFO - 127.0.0.1 - - [23/Mar/2026 20:41:11] "GET /api/archive?q=&tool= HTTP/1.1" 200 -
2026-03-23 20:41:41,629 - werkzeug - INFO - 127.0.0.1 - - [23/Mar/2026 20:41:41] "GET /api/history HTTP/1.1" 200 -
2026-03-23 20:41:41,633 - werkzeug - INFO - 127.0.0.1 - - [23/Mar/2026 20:41:41] "GET /api/archive?q=&tool= HTTP/1.1" 200 -
2026-03-23 20:42:06,092 - werkzeug - INFO - 127.0.0.1 - - [23/Mar/2026 20:42:06] "GET /api/history HTTP/1.1" 200 -
2026-03-23 20:42:06,095 - werkzeug - INFO - 127.0.0.1 - - [23/Mar/2026 20:42:06] "GET /api/archive?q=&tool= HTTP/1.1" 200 -
2026-03-23 20:42:11,623 - werkzeug - INFO - 127.0.0.1 - - [23/Mar/2026 20:42:11] "GET /api/history HTTP/1.1" 200 -
2026-03-23 20:42:11,630 - werkzeug - INFO - 127.0.0.1 - - [23/Mar/2026 20:42:11] "GET /api/archive?q=&tool= HTTP/1.1" 200 -
2026-03-23 20:42:41,627 - werkzeug - INFO - 127.0.0.1 - - [23/Mar/2026 20:42:41] "GET /api/history HTTP/1.1" 200 -
2026-03-23 20:42:41,632 - werkzeug - INFO - 127.0.0.1 - - [23/Mar/2026 20:42:41] "GET /api/archive?q=&tool= HTTP/1.1" 200 -
2026-03-23 20:43:06,089 - werkzeug - INFO - 127.0.0.1 - - [23/Mar/2026 20:43:06] "GET /api/archive?q=&tool= HTTP/1.1" 200 -
2026-03-23 20:43:06,094 - werkzeug - INFO - 127.0.0.1 - - [23/Mar/2026 20:43:06] "GET /api/history HTTP/1.1" 200 -
2026-03-23 20:43:11,624 - werkzeug - INFO - 127.0.0.1 - - [23/Mar/2026 20:43:11] "GET /api/history HTTP/1.1" 200 -
2026-03-23 20:43:11,631 - werkzeug - INFO - 127.0.0.1 - - [23/Mar/2026 20:43:11] "GET /api/archive?q=&tool= HTTP/1.1" 200 -
2026-03-23 20:43:29,786 - werkzeug - INFO - 127.0.0.1 - - [23/Mar/2026 20:43:29] "POST /api/ai/summarize HTTP/1.1" 200 -
2026-03-23 20:43:39,978 - werkzeug - INFO - 127.0.0.1 - - [23/Mar/2026 20:43:39] "POST /api/ai/summarize HTTP/1.1" 200 -
2026-03-23 20:43:41,631 - werkzeug - INFO - 127.0.0.1 - - [23/Mar/2026 20:43:41] "GET /api/history HTTP/1.1" 200 -
2026-03-23 20:43:41,642 - werkzeug - INFO - 127.0.0.1 - - [23/Mar/2026 20:43:41] "GET /api/archive?q=&tool= HTTP/1.1" 200 -
2026-03-23 20:44:06,085 - werkzeug - INFO - 127.0.0.1 - - [23/Mar/2026 20:44:06] "GET /api/history HTTP/1.1" 200 -
2026-03-23 20:44:06,089 - werkzeug - INFO - 127.0.0.1 - - [23/Mar/2026 20:44:06] "GET /api/archive?q=&tool= HTTP/1.1" 200 -
2026-03-23 20:44:11,632 - werkzeug - INFO - 127.0.0.1 - - [23/Mar/2026 20:44:11] "GET /api/history HTTP/1.1" 200 -
2026-03-23 20:44:11,636 - werkzeug - INFO - 127.0.0.1 - - [23/Mar/2026 20:44:11] "GET /api/archive?q=&tool= HTTP/1.1" 200 -
2026-03-23 20:44:50,946 - werkzeug - INFO - 127.0.0.1 - - [23/Mar/2026 20:44:50] "GET /api/history HTTP/1.1" 200 -
2026-03-23 20:44:50,956 - werkzeug - INFO - 127.0.0.1 - - [23/Mar/2026 20:44:50] "GET /api/archive?q=&tool= HTTP/1.1" 200 -
2026-03-23 20:44:57,971 - werkzeug - INFO - 127.0.0.1 - - [23/Mar/2026 20:44:57] "GET /api/history HTTP/1.1" 200 -
2026-03-23 20:44:57,985 - werkzeug - INFO - 127.0.0.1 - - [23/Mar/2026 20:44:57] "GET /api/archive?q=&tool= HTTP/1.1" 200 -
2026-03-23 20:45:11,625 - werkzeug - INFO - 127.0.0.1 - - [23/Mar/2026 20:45:11] "GET /api/history HTTP/1.1" 200 -
2026-03-23 20:45:11,636 - werkzeug - INFO - 127.0.0.1 - - [23/Mar/2026 20:45:11] "GET /api/archive?q=&tool= HTTP/1.1" 200 -
2026-03-23 20:45:41,619 - werkzeug - INFO - 127.0.0.1 - - [23/Mar/2026 20:45:41] "GET /api/history HTTP/1.1" 200 -
2026-03-23 20:45:41,624 - werkzeug - INFO - 127.0.0.1 - - [23/Mar/2026 20:45:41] "GET /api/archive?q=&tool= HTTP/1.1" 200 -
2026-03-23 20:46:06,175 - werkzeug - INFO - 127.0.0.1 - - [23/Mar/2026 20:46:06] "GET /api/history HTTP/1.1" 200 -
2026-03-23 20:46:06,181 - werkzeug - INFO - 127.0.0.1 - - [23/Mar/2026 20:46:06] "GET /api/archive?q=&tool= HTTP/1.1" 200 -
2026-03-23 20:46:11,623 - werkzeug - INFO - 127.0.0.1 - - [23/Mar/2026 20:46:11] "GET /api/history HTTP/1.1" 200 -
2026-03-23 20:46:11,627 - werkzeug - INFO - 127.0.0.1 - - [23/Mar/2026 20:46:11] "GET /api/archive?q=&tool= HTTP/1.1" 200 -
2026-03-23 20:46:41,621 - werkzeug - INFO - 127.0.0.1 - - [23/Mar/2026 20:46:41] "GET /api/history HTTP/1.1" 200 -
2026-03-23 20:46:41,623 - werkzeug - INFO - 127.0.0.1 - - [23/Mar/2026 20:46:41] "GET /api/archive?q=&tool= HTTP/1.1" 200 -
2026-03-23 20:47:00,977 - werkzeug - INFO - 127.0.0.1 - - [23/Mar/2026 20:47:00] "GET /api/history HTTP/1.1" 200 -
2026-03-23 20:47:00,984 - werkzeug - INFO - 127.0.0.1 - - [23/Mar/2026 20:47:00] "GET /api/archive?q=&tool= HTTP/1.1" 200 -
2026-03-23 20:47:11,619 - werkzeug - INFO - 127.0.0.1 - - [23/Mar/2026 20:47:11] "GET /api/history HTTP/1.1" 200 -
2026-03-23 20:47:11,632 - werkzeug - INFO - 127.0.0.1 - - [23/Mar/2026 20:47:11] "GET /api/archive?q=&tool= HTTP/1.1" 200 -
2026-03-23 20:47:41,617 - werkzeug - INFO - 127.0.0.1 - - [23/Mar/2026 20:47:41] "GET /api/history HTTP/1.1" 200 -
2026-03-23 20:47:41,623 - werkzeug - INFO - 127.0.0.1 - - [23/Mar/2026 20:47:41] "GET /api/archive?q=&tool= HTTP/1.1" 200 -
2026-03-23 20:48:06,171 - werkzeug - INFO - 127.0.0.1 - - [23/Mar/2026 20:48:06] "GET /api/history HTTP/1.1" 200 -
2026-03-23 20:48:06,177 - werkzeug - INFO - 127.0.0.1 - - [23/Mar/2026 20:48:06] "GET /api/archive?q=&tool= HTTP/1.1" 200 -
2026-03-23 20:48:11,614 - werkzeug - INFO - 127.0.0.1 - - [23/Mar/2026 20:48:11] "GET /api/archive?q=&tool= HTTP/1.1" 200 -
2026-03-23 20:48:11,618 - werkzeug - INFO - 127.0.0.1 - - [23/Mar/2026 20:48:11] "GET /api/history HTTP/1.1" 200 -
2026-03-23 20:48:41,654 - werkzeug - INFO - 127.0.0.1 - - [23/Mar/2026 20:48:41] "GET /api/history HTTP/1.1" 200 -
2026-03-23 20:48:41,669 - werkzeug - INFO - 127.0.0.1 - - [23/Mar/2026 20:48:41] "GET /api/archive?q=&tool= HTTP/1.1" 200 -
2026-03-23 20:49:06,223 - werkzeug - INFO - 127.0.0.1 - - [23/Mar/2026 20:49:06] "GET /api/history HTTP/1.1" 200 -
2026-03-23 20:49:06,234 - werkzeug - INFO - 127.0.0.1 - - [23/Mar/2026 20:49:06] "GET /api/archive?q=&tool= HTTP/1.1" 200 -
2026-03-23 20:49:11,610 - werkzeug - INFO - 127.0.0.1 - - [23/Mar/2026 20:49:11] "GET /api/history HTTP/1.1" 200 -
2026-03-23 20:49:11,623 - werkzeug - INFO - 127.0.0.1 - - [23/Mar/2026 20:49:11] "GET /api/archive?q=&tool= HTTP/1.1" 200 -
2026-03-23 20:49:41,617 - werkzeug - INFO - 127.0.0.1 - - [23/Mar/2026 20:49:41] "GET /api/history HTTP/1.1" 200 -
2026-03-23 20:49:41,622 - werkzeug - INFO - 127.0.0.1 - - [23/Mar/2026 20:49:41] "GET /api/archive?q=&tool= HTTP/1.1" 200 -
2026-03-23 20:49:59,958 - werkzeug - INFO - 127.0.0.1 - - [23/Mar/2026 20:49:59] "GET /api/archive?q=&tool= HTTP/1.1" 200 -
2026-03-23 20:49:59,965 - werkzeug - INFO - 127.0.0.1 - - [23/Mar/2026 20:49:59] "GET /api/history HTTP/1.1" 200 -
2026-03-23 20:50:11,628 - werkzeug - INFO - 127.0.0.1 - - [23/Mar/2026 20:50:11] "GET /api/history HTTP/1.1" 200 -
2026-03-23 20:50:11,647 - werkzeug - INFO - 127.0.0.1 - - [23/Mar/2026 20:50:11] "GET /api/archive?q=&tool= HTTP/1.1" 200 -
2026-03-23 20:50:41,608 - werkzeug - INFO - 127.0.0.1 - - [23/Mar/2026 20:50:41] "GET /api/history HTTP/1.1" 200 -
2026-03-23 20:50:41,620 - werkzeug - INFO - 127.0.0.1 - - [23/Mar/2026 20:50:41] "GET /api/archive?q=&tool= HTTP/1.1" 200 -
2026-03-23 20:51:06,164 - werkzeug - INFO - 127.0.0.1 - - [23/Mar/2026 20:51:06] "GET /api/history HTTP/1.1" 200 -
2026-03-23 20:51:06,171 - werkzeug - INFO - 127.0.0.1 - - [23/Mar/2026 20:51:06] "GET /api/archive?q=&tool= HTTP/1.1" 200 -
2026-03-23 20:51:11,608 - werkzeug - INFO - 127.0.0.1 - - [23/Mar/2026 20:51:11] "GET /api/history HTTP/1.1" 200 -
2026-03-23 20:51:11,618 - werkzeug - INFO - 127.0.0.1 - - [23/Mar/2026 20:51:11] "GET /api/archive?q=&tool= HTTP/1.1" 200 -
2026-03-23 20:51:41,615 - werkzeug - INFO - 127.0.0.1 - - [23/Mar/2026 20:51:41] "GET /api/history HTTP/1.1" 200 -
2026-03-23 20:51:41,623 - werkzeug - INFO - 127.0.0.1 - - [23/Mar/2026 20:51:41] "GET /api/archive?q=&tool= HTTP/1.1" 200 -
2026-03-23 20:52:07,511 - werkzeug - INFO - 127.0.0.1 - - [23/Mar/2026 20:52:07] "GET /api/archive?q=&tool= HTTP/1.1" 200 -
2026-03-23 20:52:07,514 - werkzeug - INFO - 127.0.0.1 - - [23/Mar/2026 20:52:07] "GET /api/history HTTP/1.1" 200 -
2026-03-23 20:52:11,616 - werkzeug - INFO - 127.0.0.1 - - [23/Mar/2026 20:52:11] "GET /api/history HTTP/1.1" 200 -
2026-03-23 20:52:11,622 - werkzeug - INFO - 127.0.0.1 - - [23/Mar/2026 20:52:11] "GET /api/archive?q=&tool= HTTP/1.1" 200 -
2026-03-23 20:52:41,611 - werkzeug - INFO - 127.0.0.1 - - [23/Mar/2026 20:52:41] "GET /api/history HTTP/1.1" 200 -
2026-03-23 20:52:41,625 - werkzeug - INFO - 127.0.0.1 - - [23/Mar/2026 20:52:41] "GET /api/archive?q=&tool= HTTP/1.1" 200 -
2026-03-23 20:52:56,068 - werkzeug - INFO - 127.0.0.1 - - [23/Mar/2026 20:52:56] "GET /api/history HTTP/1.1" 200 -
2026-03-23 20:52:56,074 - werkzeug - INFO - 127.0.0.1 - - [23/Mar/2026 20:52:56] "GET /api/archive?q=&tool= HTTP/1.1" 200 -
2026-03-23 20:53:11,608 - werkzeug - INFO - 127.0.0.1 - - [23/Mar/2026 20:53:11] "GET /api/history HTTP/1.1" 200 -
2026-03-23 20:53:11,611 - werkzeug - INFO - 127.0.0.1 - - [23/Mar/2026 20:53:11] "GET /api/archive?q=&tool= HTTP/1.1" 200 -
2026-03-23 20:53:24,741 - werkzeug - INFO - 127.0.0.1 - - [23/Mar/2026 20:53:24] "POST /api/system/restart HTTP/1.1" 200 -
2026-03-23 20:53:34,369 - werkzeug - INFO - [31m[1mWARNING: This is a development server. Do not use it in a production deployment. Use a production WSGI server instead.[0m
 * Running on all addresses (0.0.0.0)
 * Running on http://127.0.0.1:5000
 * Running on http://10.2.0.2:5000
2026-03-23 20:53:34,370 - werkzeug - INFO - [33mPress CTRL+C to quit[0m
2026-03-23 20:53:35,106 - werkzeug - INFO - 127.0.0.1 - - [23/Mar/2026 20:53:35] "GET / HTTP/1.1" 200 -
2026-03-23 20:53:35,180 - werkzeug - INFO - 127.0.0.1 - - [23/Mar/2026 20:53:35] "[36mGET /static/style.css HTTP/1.1[0m" 304 -
2026-03-23 20:53:35,317 - werkzeug - INFO - 127.0.0.1 - - [23/Mar/2026 20:53:35] "GET /api/version HTTP/1.1" 200 -
2026-03-23 20:53:35,331 - werkzeug - INFO - 127.0.0.1 - - [23/Mar/2026 20:53:35] "GET /api/history HTTP/1.1" 200 -
2026-03-23 20:53:35,337 - werkzeug - INFO - 127.0.0.1 - - [23/Mar/2026 20:53:35] "GET /api/archive?q=&tool= HTTP/1.1" 200 -
2026-03-23 20:53:35,429 - werkzeug - INFO - 127.0.0.1 - - [23/Mar/2026 20:53:35] "GET /api/ai/status HTTP/1.1" 200 -
2026-03-23 20:54:05,317 - werkzeug - INFO - 127.0.0.1 - - [23/Mar/2026 20:54:05] "GET /api/history HTTP/1.1" 200 -
2026-03-23 20:54:05,323 - werkzeug - INFO - 127.0.0.1 - - [23/Mar/2026 20:54:05] "GET /api/archive?q=&tool= HTTP/1.1" 200 -
2026-03-23 20:54:06,166 - werkzeug - INFO - 127.0.0.1 - - [23/Mar/2026 20:54:06] "GET /api/history HTTP/1.1" 200 -
2026-03-23 20:54:06,170 - werkzeug - INFO - 127.0.0.1 - - [23/Mar/2026 20:54:06] "GET /api/archive?q=&tool= HTTP/1.1" 200 -
2026-03-23 20:54:10,628 - werkzeug - INFO - 127.0.0.1 - - [23/Mar/2026 20:54:10] "POST /api/hibp HTTP/1.1" 200 -
2026-03-23 20:54:35,314 - werkzeug - INFO - 127.0.0.1 - - [23/Mar/2026 20:54:35] "GET /api/history HTTP/1.1" 200 -
2026-03-23 20:54:35,320 - werkzeug - INFO - 127.0.0.1 - - [23/Mar/2026 20:54:35] "GET /api/archive?q=&tool= HTTP/1.1" 200 -
2026-03-23 20:54:56,065 - werkzeug - INFO - 127.0.0.1 - - [23/Mar/2026 20:54:56] "GET /api/history HTTP/1.1" 200 -
2026-03-23 20:54:56,069 - werkzeug - INFO - 127.0.0.1 - - [23/Mar/2026 20:54:56] "GET /api/archive?q=&tool= HTTP/1.1" 200 -
2026-03-23 20:55:09,605 - werkzeug - INFO - 127.0.0.1 - - [23/Mar/2026 20:55:09] "GET /api/archive?q=&tool= HTTP/1.1" 200 -
2026-03-23 20:55:09,610 - werkzeug - INFO - 127.0.0.1 - - [23/Mar/2026 20:55:09] "GET /api/history HTTP/1.1" 200 -
2026-03-23 20:55:39,261 - werkzeug - INFO - 127.0.0.1 - - [23/Mar/2026 20:55:39] "GET /api/history HTTP/1.1" 200 -
2026-03-23 20:55:39,264 - werkzeug - INFO - 127.0.0.1 - - [23/Mar/2026 20:55:39] "GET /api/archive?q=&tool= HTTP/1.1" 200 -
2026-03-23 20:56:06,106 - werkzeug - INFO - 127.0.0.1 - - [23/Mar/2026 20:56:06] "GET /api/history HTTP/1.1" 200 -
2026-03-23 20:56:06,114 - werkzeug - INFO - 127.0.0.1 - - [23/Mar/2026 20:56:06] "GET /api/archive?q=&tool= HTTP/1.1" 200 -
2026-03-23 20:56:06,123 - werkzeug - INFO - 127.0.0.1 - - [23/Mar/2026 20:56:06] "GET /api/history HTTP/1.1" 200 -
2026-03-23 20:56:06,128 - werkzeug - INFO - 127.0.0.1 - - [23/Mar/2026 20:56:06] "GET /api/archive?q=&tool= HTTP/1.1" 200 -
2026-03-23 20:56:46,184 - werkzeug - INFO - 127.0.0.1 - - [23/Mar/2026 20:56:46] "GET /api/history HTTP/1.1" 200 -
2026-03-23 20:56:46,194 - werkzeug - INFO - 127.0.0.1 - - [23/Mar/2026 20:56:46] "GET /api/archive?q=&tool= HTTP/1.1" 200 -
2026-03-23 20:56:56,160 - werkzeug - INFO - 127.0.0.1 - - [23/Mar/2026 20:56:56] "GET /api/history HTTP/1.1" 200 -
2026-03-23 20:56:56,172 - werkzeug - INFO - 127.0.0.1 - - [23/Mar/2026 20:56:56] "GET /api/archive?q=&tool= HTTP/1.1" 200 -
2026-03-23 20:57:06,103 - werkzeug - INFO - 127.0.0.1 - - [23/Mar/2026 20:57:06] "GET /api/history HTTP/1.1" 200 -
2026-03-23 20:57:06,107 - werkzeug - INFO - 127.0.0.1 - - [23/Mar/2026 20:57:06] "GET /api/archive?q=&tool= HTTP/1.1" 200 -
2026-03-23 20:57:56,060 - werkzeug - INFO - 127.0.0.1 - - [23/Mar/2026 20:57:56] "GET /api/history HTTP/1.1" 200 -
2026-03-23 20:57:56,064 - werkzeug - INFO - 127.0.0.1 - - [23/Mar/2026 20:57:56] "GET /api/archive?q=&tool= HTTP/1.1" 200 -
2026-03-23 20:57:56,101 - werkzeug - INFO - 127.0.0.1 - - [23/Mar/2026 20:57:56] "GET /api/history HTTP/1.1" 200 -
2026-03-23 20:57:56,105 - werkzeug - INFO - 127.0.0.1 - - [23/Mar/2026 20:57:56] "GET /api/archive?q=&tool= HTTP/1.1" 200 -
2026-03-23 20:58:56,059 - werkzeug - INFO - 127.0.0.1 - - [23/Mar/2026 20:58:56] "GET /api/history HTTP/1.1" 200 -
2026-03-23 20:58:56,063 - werkzeug - INFO - 127.0.0.1 - - [23/Mar/2026 20:58:56] "GET /api/archive?q=&tool= HTTP/1.1" 200 -
2026-03-23 20:58:56,097 - werkzeug - INFO - 127.0.0.1 - - [23/Mar/2026 20:58:56] "GET /api/history HTTP/1.1" 200 -
2026-03-23 20:58:56,104 - werkzeug - INFO - 127.0.0.1 - - [23/Mar/2026 20:58:56] "GET /api/archive?q=&tool= HTTP/1.1" 200 -
2026-03-23 20:59:56,060 - werkzeug - INFO - 127.0.0.1 - - [23/Mar/2026 20:59:56] "GET /api/history HTTP/1.1" 200 -
2026-03-23 20:59:56,064 - werkzeug - INFO - 127.0.0.1 - - [23/Mar/2026 20:59:56] "GET /api/archive?q=&tool= HTTP/1.1" 200 -
2026-03-23 20:59:56,094 - werkzeug - INFO - 127.0.0.1 - - [23/Mar/2026 20:59:56] "GET /api/history HTTP/1.1" 200 -
2026-03-23 20:59:56,099 - werkzeug - INFO - 127.0.0.1 - - [23/Mar/2026 20:59:56] "GET /api/archive?q=&tool= HTTP/1.1" 200 -
2026-03-23 21:00:07,277 - werkzeug - INFO - 127.0.0.1 - - [23/Mar/2026 21:00:07] "GET /api/history HTTP/1.1" 200 -
2026-03-23 21:00:07,286 - werkzeug - INFO - 127.0.0.1 - - [23/Mar/2026 21:00:07] "GET /api/archive?q=&tool= HTTP/1.1" 200 -
2026-03-23 21:00:35,304 - werkzeug - INFO - 127.0.0.1 - - [23/Mar/2026 21:00:35] "GET /api/history HTTP/1.1" 200 -
2026-03-23 21:00:35,309 - werkzeug - INFO - 127.0.0.1 - - [23/Mar/2026 21:00:35] "GET /api/archive?q=&tool= HTTP/1.1" 200 -
2026-03-23 21:00:56,051 - werkzeug - INFO - 127.0.0.1 - - [23/Mar/2026 21:00:56] "GET /api/history HTTP/1.1" 200 -
2026-03-23 21:00:56,058 - werkzeug - INFO - 127.0.0.1 - - [23/Mar/2026 21:00:56] "GET /api/archive?q=&tool= HTTP/1.1" 200 -
2026-03-23 21:01:05,303 - werkzeug - INFO - 127.0.0.1 - - [23/Mar/2026 21:01:05] "GET /api/history HTTP/1.1" 200 -
2026-03-23 21:01:05,307 - werkzeug - INFO - 127.0.0.1 - - [23/Mar/2026 21:01:05] "GET /api/archive?q=&tool= HTTP/1.1" 200 -
2026-03-23 21:01:35,308 - werkzeug - INFO - 127.0.0.1 - - [23/Mar/2026 21:01:35] "GET /api/history HTTP/1.1" 200 -
2026-03-23 21:01:35,313 - werkzeug - INFO - 127.0.0.1 - - [23/Mar/2026 21:01:35] "GET /api/archive?q=&tool= HTTP/1.1" 200 -
2026-03-23 21:01:56,053 - werkzeug - INFO - 127.0.0.1 - - [23/Mar/2026 21:01:56] "GET /api/history HTTP/1.1" 200 -
2026-03-23 21:01:56,058 - werkzeug - INFO - 127.0.0.1 - - [23/Mar/2026 21:01:56] "GET /api/archive?q=&tool= HTTP/1.1" 200 -
2026-03-23 21:02:05,301 - werkzeug - INFO - 127.0.0.1 - - [23/Mar/2026 21:02:05] "GET /api/history HTTP/1.1" 200 -
2026-03-23 21:02:05,306 - werkzeug - INFO - 127.0.0.1 - - [23/Mar/2026 21:02:05] "GET /api/archive?q=&tool= HTTP/1.1" 200 -
2026-03-23 21:02:35,299 - werkzeug - INFO - 127.0.0.1 - - [23/Mar/2026 21:02:35] "GET /api/history HTTP/1.1" 200 -
2026-03-23 21:02:35,301 - werkzeug - INFO - 127.0.0.1 - - [23/Mar/2026 21:02:35] "GET /api/archive?q=&tool= HTTP/1.1" 200 -
2026-03-23 21:02:56,398 - werkzeug - INFO - 127.0.0.1 - - [23/Mar/2026 21:02:56] "GET /api/history HTTP/1.1" 200 -
2026-03-23 21:02:56,406 - werkzeug - INFO - 127.0.0.1 - - [23/Mar/2026 21:02:56] "GET /api/archive?q=&tool= HTTP/1.1" 200 -
2026-03-23 21:03:05,309 - werkzeug - INFO - 127.0.0.1 - - [23/Mar/2026 21:03:05] "GET /api/archive?q=&tool= HTTP/1.1" 200 -
2026-03-23 21:03:05,321 - werkzeug - INFO - 127.0.0.1 - - [23/Mar/2026 21:03:05] "GET /api/history HTTP/1.1" 200 -
2026-03-23 21:03:35,297 - werkzeug - INFO - 127.0.0.1 - - [23/Mar/2026 21:03:35] "GET /api/history HTTP/1.1" 200 -
2026-03-23 21:03:35,302 - werkzeug - INFO - 127.0.0.1 - - [23/Mar/2026 21:03:35] "GET /api/archive?q=&tool= HTTP/1.1" 200 -
2026-03-23 21:04:05,297 - werkzeug - INFO - 127.0.0.1 - - [23/Mar/2026 21:04:05] "GET /api/history HTTP/1.1" 200 -
2026-03-23 21:04:05,306 - werkzeug - INFO - 127.0.0.1 - - [23/Mar/2026 21:04:05] "GET /api/archive?q=&tool= HTTP/1.1" 200 -
2026-03-23 21:04:06,047 - werkzeug - INFO - 127.0.0.1 - - [23/Mar/2026 21:04:06] "GET /api/history HTTP/1.1" 200 -
2026-03-23 21:04:06,051 - werkzeug - INFO - 127.0.0.1 - - [23/Mar/2026 21:04:06] "GET /api/archive?q=&tool= HTTP/1.1" 200 -
2026-03-23 21:04:32,141 - werkzeug - INFO - 127.0.0.1 - - [23/Mar/2026 21:04:32] "POST /api/system/restart HTTP/1.1" 200 -
2026-03-23 21:04:40,420 - werkzeug - INFO - [31m[1mWARNING: This is a development server. Do not use it in a production deployment. Use a production WSGI server instead.[0m
 * Running on all addresses (0.0.0.0)
 * Running on http://127.0.0.1:5000
 * Running on http://10.2.0.2:5000
2026-03-23 21:04:40,421 - werkzeug - INFO - [33mPress CTRL+C to quit[0m
2026-03-23 21:04:40,450 - werkzeug - INFO - 127.0.0.1 - - [23/Mar/2026 21:04:40] "GET / HTTP/1.1" 200 -
2026-03-23 21:04:40,497 - werkzeug - INFO - 127.0.0.1 - - [23/Mar/2026 21:04:40] "[36mGET /static/style.css HTTP/1.1[0m" 304 -
2026-03-23 21:04:40,633 - werkzeug - INFO - 127.0.0.1 - - [23/Mar/2026 21:04:40] "GET /api/version HTTP/1.1" 200 -
2026-03-23 21:04:40,643 - werkzeug - INFO - 127.0.0.1 - - [23/Mar/2026 21:04:40] "GET /api/history HTTP/1.1" 200 -
2026-03-23 21:04:40,652 - werkzeug - INFO - 127.0.0.1 - - [23/Mar/2026 21:04:40] "GET /api/archive?q=&tool= HTTP/1.1" 200 -
2026-03-23 21:04:40,757 - werkzeug - INFO - 127.0.0.1 - - [23/Mar/2026 21:04:40] "GET /api/ai/status HTTP/1.1" 200 -
2026-03-23 21:05:06,049 - werkzeug - INFO - 127.0.0.1 - - [23/Mar/2026 21:05:06] "GET /api/history HTTP/1.1" 200 -
2026-03-23 21:05:06,054 - werkzeug - INFO - 127.0.0.1 - - [23/Mar/2026 21:05:06] "GET /api/archive?q=&tool= HTTP/1.1" 200 -
2026-03-23 21:05:08,316 - werkzeug - INFO - 127.0.0.1 - - [23/Mar/2026 21:05:08] "POST /api/hibp HTTP/1.1" 200 -
2026-03-23 21:05:10,628 - werkzeug - INFO - 127.0.0.1 - - [23/Mar/2026 21:05:10] "GET /api/history HTTP/1.1" 200 -
2026-03-23 21:05:10,633 - werkzeug - INFO - 127.0.0.1 - - [23/Mar/2026 21:05:10] "GET /api/archive?q=&tool= HTTP/1.1" 200 -
2026-03-23 21:05:37,401 - werkzeug - INFO - 127.0.0.1 - - [23/Mar/2026 21:05:37] "POST /api/system/restart HTTP/1.1" 200 -
2026-03-23 21:05:45,591 - werkzeug - INFO - [31m[1mWARNING: This is a development server. Do not use it in a production deployment. Use a production WSGI server instead.[0m
 * Running on all addresses (0.0.0.0)
 * Running on http://127.0.0.1:5000
 * Running on http://10.2.0.2:5000
2026-03-23 21:05:45,591 - werkzeug - INFO - [33mPress CTRL+C to quit[0m
2026-03-23 21:05:45,641 - werkzeug - INFO - 127.0.0.1 - - [23/Mar/2026 21:05:45] "GET / HTTP/1.1" 200 -
2026-03-23 21:05:45,685 - werkzeug - INFO - 127.0.0.1 - - [23/Mar/2026 21:05:45] "[36mGET /static/style.css HTTP/1.1[0m" 304 -
2026-03-23 21:05:45,697 - werkzeug - INFO - 127.0.0.1 - - [23/Mar/2026 21:05:45] "GET /api/version HTTP/1.1" 200 -
2026-03-23 21:05:45,714 - werkzeug - INFO - 127.0.0.1 - - [23/Mar/2026 21:05:45] "GET /api/history HTTP/1.1" 200 -
2026-03-23 21:05:45,723 - werkzeug - INFO - 127.0.0.1 - - [23/Mar/2026 21:05:45] "GET /api/archive?q=&tool= HTTP/1.1" 200 -
2026-03-23 21:05:45,744 - werkzeug - INFO - 127.0.0.1 - - [23/Mar/2026 21:05:45] "GET /api/ai/status HTTP/1.1" 200 -
2026-03-23 21:05:53,449 - werkzeug - INFO - 127.0.0.1 - - [23/Mar/2026 21:05:53] "POST /api/hibp HTTP/1.1" 200 -
2026-03-23 21:06:03,290 - werkzeug - INFO - 127.0.0.1 - - [23/Mar/2026 21:06:03] "GET /api/history HTTP/1.1" 200 -
2026-03-23 21:06:03,295 - werkzeug - INFO - 127.0.0.1 - - [23/Mar/2026 21:06:03] "GET /api/archive?q=&tool= HTTP/1.1" 200 -
2026-03-23 21:06:15,706 - werkzeug - INFO - 127.0.0.1 - - [23/Mar/2026 21:06:15] "GET /api/history HTTP/1.1" 200 -
2026-03-23 21:06:15,710 - werkzeug - INFO - 127.0.0.1 - - [23/Mar/2026 21:06:15] "GET /api/archive?q=&tool= HTTP/1.1" 200 -
2026-03-23 21:06:45,739 - werkzeug - INFO - 127.0.0.1 - - [23/Mar/2026 21:06:45] "GET /api/history HTTP/1.1" 200 -
2026-03-23 21:06:45,746 - werkzeug - INFO - 127.0.0.1 - - [23/Mar/2026 21:06:45] "GET /api/archive?q=&tool= HTTP/1.1" 200 -
2026-03-23 21:06:56,139 - werkzeug - INFO - 127.0.0.1 - - [23/Mar/2026 21:06:56] "GET /api/history HTTP/1.1" 200 -
2026-03-23 21:06:56,146 - werkzeug - INFO - 127.0.0.1 - - [23/Mar/2026 21:06:56] "GET /api/archive?q=&tool= HTTP/1.1" 200 -
2026-03-23 21:07:15,702 - werkzeug - INFO - 127.0.0.1 - - [23/Mar/2026 21:07:15] "GET /api/history HTTP/1.1" 200 -
2026-03-23 21:07:15,710 - werkzeug - INFO - 127.0.0.1 - - [23/Mar/2026 21:07:15] "GET /api/archive?q=&tool= HTTP/1.1" 200 -
2026-03-23 21:07:45,703 - werkzeug - INFO - 127.0.0.1 - - [23/Mar/2026 21:07:45] "GET /api/history HTTP/1.1" 200 -
2026-03-23 21:07:45,708 - werkzeug - INFO - 127.0.0.1 - - [23/Mar/2026 21:07:45] "GET /api/archive?q=&tool= HTTP/1.1" 200 -
2026-03-23 21:07:56,084 - werkzeug - INFO - 127.0.0.1 - - [23/Mar/2026 21:07:56] "GET /api/history HTTP/1.1" 200 -
2026-03-23 21:07:56,089 - werkzeug - INFO - 127.0.0.1 - - [23/Mar/2026 21:07:56] "GET /api/archive?q=&tool= HTTP/1.1" 200 -
2026-03-23 21:08:15,708 - werkzeug - INFO - 127.0.0.1 - - [23/Mar/2026 21:08:15] "GET /api/archive?q=&tool= HTTP/1.1" 200 -
2026-03-23 21:08:15,711 - werkzeug - INFO - 127.0.0.1 - - [23/Mar/2026 21:08:15] "GET /api/history HTTP/1.1" 200 -
2026-03-23 21:08:32,902 - httpx - INFO - HTTP Request: GET https://www.facebook.com/zuck "HTTP/1.1 200 OK"
2026-03-23 21:08:33,984 - httpx - INFO - HTTP Request: GET https://www.instagram.com/instagram "HTTP/1.1 200 OK"
2026-03-23 21:08:35,191 - httpx - INFO - HTTP Request: GET https://twitter.com/elonmusk "HTTP/1.1 301 Moved Permanently"
2026-03-23 21:08:35,867 - httpx - INFO - HTTP Request: GET https://x.com/elonmusk "HTTP/1.1 200 OK"
2026-03-23 21:08:37,341 - httpx - INFO - HTTP Request: GET https://www.tiktok.com/@tiktok "HTTP/1.1 200 OK"
2026-03-23 21:08:38,141 - httpx - INFO - HTTP Request: GET https://www.youtube.com/@youtube "HTTP/1.1 200 OK"
2026-03-23 21:08:40,308 - httpx - INFO - HTTP Request: GET https://www.linkedin.com/in/satyanadella "HTTP/1.1 200 OK"
2026-03-23 21:08:40,999 - httpx - INFO - HTTP Request: GET https://www.snapchat.com/add/snapchat "HTTP/1.1 308 Permanent Redirect"
2026-03-23 21:08:41,274 - httpx - INFO - HTTP Request: GET https://www.snapchat.com/@snapchat "HTTP/1.1 404 Not Found"
2026-03-23 21:08:43,275 - httpx - INFO - HTTP Request: GET https://www.reddit.com/user/spez "HTTP/1.1 301 Moved Permanently"
2026-03-23 21:08:45,701 - werkzeug - INFO - 127.0.0.1 - - [23/Mar/2026 21:08:45] "GET /api/history HTTP/1.1" 200 -
2026-03-23 21:08:45,706 - werkzeug - INFO - 127.0.0.1 - - [23/Mar/2026 21:08:45] "GET /api/archive?q=&tool= HTTP/1.1" 200 -
2026-03-23 21:08:45,835 - httpx - INFO - HTTP Request: GET https://www.reddit.com/user/spez/ "HTTP/1.1 302 Found"
2026-03-23 21:08:46,963 - httpx - INFO - HTTP Request: GET https://www.reddit.com/user/spez/?rdt=38152 "HTTP/1.1 403 Blocked"
2026-03-23 21:08:47,989 - httpx - INFO - HTTP Request: GET https://www.pinterest.com/youtube "HTTP/1.1 301 Moved Permanently"
2026-03-23 21:08:48,323 - httpx - INFO - HTTP Request: GET https://www.pinterest.com/youtube/ "HTTP/1.1 200 OK"
2026-03-23 21:08:49,296 - httpx - INFO - HTTP Request: GET https://nytimes.tumblr.com "HTTP/1.1 403 Forbidden"
2026-03-23 21:08:49,911 - httpx - INFO - HTTP Request: GET https://www.twitch.tv/twitch "HTTP/1.1 200 OK"
2026-03-23 21:08:50,662 - httpx - INFO - HTTP Request: GET https://discord.com/users/discord "HTTP/1.1 200 OK"
2026-03-23 21:08:51,981 - httpx - INFO - HTTP Request: GET https://steamcommunity.com/id/glowe "HTTP/1.1 200 OK"
2026-03-23 21:08:52,718 - httpx - INFO - HTTP Request: GET https://open.spotify.com/user/spotify "HTTP/1.1 200 OK"
2026-03-23 21:08:53,411 - httpx - INFO - HTTP Request: GET https://soundcloud.com/soundcloud "HTTP/1.1 403 Forbidden"
2026-03-23 21:08:54,541 - httpx - INFO - HTTP Request: GET https://github.com/torvalds "HTTP/1.1 200 OK"
2026-03-23 21:08:55,565 - httpx - INFO - HTTP Request: GET https://gitlab.com/gitlab "HTTP/1.1 200 OK"
2026-03-23 21:08:56,460 - httpx - INFO - HTTP Request: GET https://bitbucket.org/bitbucket "HTTP/1.1 301 Moved Permanently"
2026-03-23 21:08:56,685 - httpx - INFO - HTTP Request: GET https://bitbucket.org/bitbucket/ "HTTP/1.1 404 Not Found"
2026-03-23 21:08:57,269 - httpx - INFO - HTTP Request: GET https://medium.com/@medium "HTTP/1.1 403 Forbidden"
2026-03-23 21:08:57,859 - httpx - INFO - HTTP Request: GET https://www.quora.com/profile/quora "HTTP/1.1 403 Forbidden"
2026-03-23 21:08:58,586 - httpx - INFO - HTTP Request: GET https://vimeo.com/vimeo "HTTP/1.1 403 Forbidden"
2026-03-23 21:08:59,670 - httpx - INFO - HTTP Request: GET https://www.flickr.com/people/flickr "HTTP/1.1 200 OK"
2026-03-23 21:09:00,669 - httpx - INFO - HTTP Request: GET https://www.behance.net/behance "HTTP/1.1 302 Found"
2026-03-23 21:09:00,803 - httpx - INFO - HTTP Request: GET https://www.behance.net/behance/moodboards "HTTP/1.1 200 OK"
2026-03-23 21:09:02,221 - httpx - INFO - HTTP Request: GET https://dribbble.com/dribbble "HTTP/1.1 200 OK"
2026-03-23 21:09:03,158 - httpx - INFO - HTTP Request: GET https://keybase.io/keybase "HTTP/1.1 302 Found"
2026-03-23 21:09:03,423 - httpx - INFO - HTTP Request: GET https://keybase.io/team/keybase "HTTP/1.1 200 OK"
2026-03-23 21:09:04,268 - httpx - INFO - HTTP Request: GET https://mastodon.social/@mastodon "HTTP/1.1 200 OK"
2026-03-23 21:09:06,083 - werkzeug - INFO - 127.0.0.1 - - [23/Mar/2026 21:09:06] "GET /api/history HTTP/1.1" 200 -
2026-03-23 21:09:06,087 - werkzeug - INFO - 127.0.0.1 - - [23/Mar/2026 21:09:06] "GET /api/archive?q=&tool= HTTP/1.1" 200 -
2026-03-23 21:09:06,134 - httpx - INFO - HTTP Request: GET https://www.threads.net/@threads "HTTP/1.1 301 Moved Permanently"
2026-03-23 21:09:06,895 - httpx - INFO - HTTP Request: GET https://www.threads.com/@threads "HTTP/1.1 200 OK"
2026-03-23 21:09:08,774 - httpx - INFO - HTTP Request: GET https://vk.com/vk "HTTP/1.1 200 OK"
2026-03-23 21:09:09,942 - httpx - INFO - HTTP Request: GET https://t.me/durov "HTTP/1.1 200 OK"
2026-03-23 21:09:10,442 - httpx - INFO - HTTP Request: GET https://cash.app/$cashapp "HTTP/1.1 403 Forbidden"
2026-03-23 21:09:11,192 - httpx - INFO - HTTP Request: GET https://venmo.com/venmo "HTTP/1.1 302 Moved Temporarily"
2026-03-23 21:09:11,869 - httpx - INFO - HTTP Request: GET https://account.venmo.com/venmo "HTTP/1.1 307 Temporary Redirect"
2026-03-23 21:09:12,106 - httpx - INFO - HTTP Request: GET https://account.venmo.com/u/venmo "HTTP/1.1 200 OK"
2026-03-23 21:09:13,519 - httpx - INFO - HTTP Request: GET https://www.deviantart.com/deviantart "HTTP/1.1 301 Moved Permanently"
2026-03-23 21:09:14,407 - httpx - INFO - HTTP Request: GET https://www.deviantart.com/team "HTTP/1.1 200 OK"
2026-03-23 21:09:15,699 - werkzeug - INFO - 127.0.0.1 - - [23/Mar/2026 21:09:15] "GET /api/history HTTP/1.1" 200 -
2026-03-23 21:09:15,707 - werkzeug - INFO - 127.0.0.1 - - [23/Mar/2026 21:09:15] "GET /api/archive?q=&tool= HTTP/1.1" 200 -
2026-03-23 21:09:16,911 - httpx - INFO - HTTP Request: GET https://imgur.com/user/imgur "HTTP/1.1 200 OK"
2026-03-23 21:09:17,523 - httpx - INFO - HTTP Request: GET https://leetcode.com/leetcode "HTTP/1.1 403 Forbidden"
2026-03-23 21:09:18,502 - httpx - INFO - HTTP Request: GET https://replit.com/@replit "HTTP/1.1 200 OK"
2026-03-23 21:09:20,478 - httpx - INFO - HTTP Request: GET https://codepen.io/codepen "HTTP/1.1 403 Forbidden"
2026-03-23 21:09:21,072 - httpx - INFO - HTTP Request: GET https://stackoverflow.com/users/-1/stackoverflow "HTTP/1.1 403 Forbidden"
2026-03-23 21:09:22,288 - httpx - INFO - HTTP Request: GET https://www.goodreads.com/goodreads "HTTP/1.1 301 Moved Permanently"
2026-03-23 21:09:22,905 - httpx - INFO - HTTP Request: GET https://www.goodreads.com/user/show/9164959-corrine "HTTP/1.1 200 OK"
2026-03-23 21:09:24,544 - httpx - INFO - HTTP Request: GET https://myanimelist.net/profile/myanimelist "HTTP/1.1 200 OK"
2026-03-23 21:09:25,772 - httpx - INFO - HTTP Request: GET https://www.last.fm/user/last.fm "HTTP/1.1 404 Not Found"
2026-03-23 21:09:26,573 - httpx - INFO - HTTP Request: GET https://letterboxd.com/letterboxd "HTTP/1.1 404 Not Found"
2026-03-23 21:09:27,284 - httpx - INFO - HTTP Request: GET https://www.patreon.com/patreon "HTTP/1.1 403 Forbidden"
2026-03-23 21:09:27,920 - httpx - INFO - HTTP Request: GET https://www.kaggle.com/test "HTTP/1.1 200 OK"
2026-03-23 21:09:28,454 - werkzeug - INFO - 127.0.0.1 - - [23/Mar/2026 21:09:28] "GET /api/platform-health HTTP/1.1" 200 -
2026-03-23 21:09:28,547 - httpx - INFO - HTTP Request: GET https://www.artstation.com/artstation "HTTP/1.1 403 Forbidden"
2026-03-23 21:09:29,556 - httpx - INFO - HTTP Request: GET https://www.strava.com/athletes/strava "HTTP/1.1 301 Moved Permanently"
2026-03-23 21:09:29,970 - httpx - INFO - HTTP Request: GET https://www.strava.com/athletes/235951 "HTTP/1.1 200 OK"
2026-03-23 21:09:30,847 - httpx - INFO - HTTP Request: GET https://vsco.co/vsco "HTTP/1.1 403 Forbidden"
2026-03-23 21:09:31,715 - httpx - INFO - HTTP Request: GET https://psnprofiles.com/psn "HTTP/1.1 403 Forbidden"
2026-03-23 21:09:32,811 - httpx - INFO - HTTP Request: GET https://www.roblox.com/users/roblox "HTTP/1.1 404 Not Found"
2026-03-23 21:09:33,639 - httpx - INFO - HTTP Request: GET https://www.fiverr.com/fiverr "HTTP/1.1 403 Forbidden"
2026-03-23 21:09:34,677 - httpx - INFO - HTTP Request: GET https://500px.com/500px "HTTP/1.1 200 OK"
2026-03-23 21:09:36,447 - httpx - INFO - HTTP Request: GET https://linktr.ee/linktree "HTTP/1.1 200 OK"
2026-03-23 21:09:37,335 - httpx - INFO - HTTP Request: GET https://carrd.carrd.co "HTTP/1.1 404 Not Found"
2026-03-23 21:09:38,093 - httpx - INFO - HTTP Request: GET https://wix.wixsite.com "HTTP/1.1 404 Not Found"
2026-03-23 21:09:38,792 - httpx - INFO - HTTP Request: GET https://wordpress.wordpress.com "HTTP/1.1 200 OK"
2026-03-23 21:09:39,750 - httpx - INFO - HTTP Request: GET https://blogger.blogspot.com "HTTP/1.1 404 Not Found"
2026-03-23 21:09:41,035 - httpx - INFO - HTTP Request: GET https://wa.me/wa.me "HTTP/1.1 302 Found"
2026-03-23 21:09:42,057 - httpx - INFO - HTTP Request: GET https://api.whatsapp.com/resolve/?deeplink=%2Fwa.me&not_found=1 "HTTP/1.1 404 Not Found"
2026-03-23 21:09:45,711 - werkzeug - INFO - 127.0.0.1 - - [23/Mar/2026 21:09:45] "GET /api/history HTTP/1.1" 200 -
2026-03-23 21:09:45,717 - werkzeug - INFO - 127.0.0.1 - - [23/Mar/2026 21:09:45] "GET /api/archive?q=&tool= HTTP/1.1" 200 -
2026-03-23 21:09:56,138 - werkzeug - INFO - 127.0.0.1 - - [23/Mar/2026 21:09:56] "GET /api/history HTTP/1.1" 200 -
2026-03-23 21:09:56,146 - werkzeug - INFO - 127.0.0.1 - - [23/Mar/2026 21:09:56] "GET /api/archive?q=&tool= HTTP/1.1" 200 -
2026-03-23 21:10:21,323 - werkzeug - INFO - 127.0.0.1 - - [23/Mar/2026 21:10:21] "GET /api/history HTTP/1.1" 200 -
2026-03-23 21:10:21,326 - werkzeug - INFO - 127.0.0.1 - - [23/Mar/2026 21:10:21] "GET /api/archive?q=&tool= HTTP/1.1" 200 -
2026-03-23 21:10:47,625 - werkzeug - INFO - 127.0.0.1 - - [23/Mar/2026 21:10:47] "GET /api/history HTTP/1.1" 200 -
2026-03-23 21:10:47,627 - werkzeug - INFO - 127.0.0.1 - - [23/Mar/2026 21:10:47] "GET /api/archive?q=&tool= HTTP/1.1" 200 -
2026-03-23 21:10:56,034 - werkzeug - INFO - 127.0.0.1 - - [23/Mar/2026 21:10:56] "GET /api/history HTTP/1.1" 200 -
2026-03-23 21:10:56,040 - werkzeug - INFO - 127.0.0.1 - - [23/Mar/2026 21:10:56] "GET /api/archive?q=&tool= HTTP/1.1" 200 -
2026-03-23 21:11:54,633 - werkzeug - INFO - 127.0.0.1 - - [23/Mar/2026 21:11:54] "GET /api/history HTTP/1.1" 200 -
2026-03-23 21:11:54,637 - werkzeug - INFO - 127.0.0.1 - - [23/Mar/2026 21:11:54] "GET /api/archive?q=&tool= HTTP/1.1" 200 -
2026-03-23 21:11:56,035 - werkzeug - INFO - 127.0.0.1 - - [23/Mar/2026 21:11:56] "GET /api/history HTTP/1.1" 200 -
2026-03-23 21:11:56,039 - werkzeug - INFO - 127.0.0.1 - - [23/Mar/2026 21:11:56] "GET /api/archive?q=&tool= HTTP/1.1" 200 -
2026-03-23 21:13:04,686 - werkzeug - INFO - 127.0.0.1 - - [23/Mar/2026 21:13:04] "GET /api/history HTTP/1.1" 200 -
2026-03-23 21:13:04,692 - werkzeug - INFO - 127.0.0.1 - - [23/Mar/2026 21:13:04] "GET /api/archive?q=&tool= HTTP/1.1" 200 -
2026-03-23 21:13:04,695 - werkzeug - INFO - 127.0.0.1 - - [23/Mar/2026 21:13:04] "GET /api/history HTTP/1.1" 200 -
2026-03-23 21:13:04,698 - werkzeug - INFO - 127.0.0.1 - - [23/Mar/2026 21:13:04] "GET /api/archive?q=&tool= HTTP/1.1" 200 -
2026-03-23 21:13:56,624 - werkzeug - INFO - 127.0.0.1 - - [23/Mar/2026 21:13:56] "GET /api/history HTTP/1.1" 200 -
2026-03-23 21:13:56,629 - werkzeug - INFO - 127.0.0.1 - - [23/Mar/2026 21:13:56] "GET /api/history HTTP/1.1" 200 -
2026-03-23 21:13:56,634 - werkzeug - INFO - 127.0.0.1 - - [23/Mar/2026 21:13:56] "GET /api/archive?q=&tool= HTTP/1.1" 200 -
2026-03-23 21:13:56,638 - werkzeug - INFO - 127.0.0.1 - - [23/Mar/2026 21:13:56] "GET /api/archive?q=&tool= HTTP/1.1" 200 -
2026-03-23 21:15:03,376 - werkzeug - INFO - 127.0.0.1 - - [23/Mar/2026 21:15:03] "GET /api/history HTTP/1.1" 200 -
2026-03-23 21:15:03,381 - werkzeug - INFO - 127.0.0.1 - - [23/Mar/2026 21:15:03] "GET /api/archive?q=&tool= HTTP/1.1" 200 -
2026-03-23 21:15:03,386 - werkzeug - INFO - 127.0.0.1 - - [23/Mar/2026 21:15:03] "GET /api/history HTTP/1.1" 200 -
2026-03-23 21:15:03,390 - werkzeug - INFO - 127.0.0.1 - - [23/Mar/2026 21:15:03] "GET /api/archive?q=&tool= HTTP/1.1" 200 -
2026-03-23 21:15:56,036 - werkzeug - INFO - 127.0.0.1 - - [23/Mar/2026 21:15:56] "GET /api/history HTTP/1.1" 200 -
2026-03-23 21:15:56,039 - werkzeug - INFO - 127.0.0.1 - - [23/Mar/2026 21:15:56] "GET /api/archive?q=&tool= HTTP/1.1" 200 -
2026-03-23 21:15:56,066 - werkzeug - INFO - 127.0.0.1 - - [23/Mar/2026 21:15:56] "GET /api/history HTTP/1.1" 200 -
2026-03-23 21:15:56,069 - werkzeug - INFO - 127.0.0.1 - - [23/Mar/2026 21:15:56] "GET /api/archive?q=&tool= HTTP/1.1" 200 -
2026-03-23 21:17:16,072 - werkzeug - INFO - 127.0.0.1 - - [23/Mar/2026 21:17:16] "GET /api/archive?q=&tool= HTTP/1.1" 200 -
2026-03-23 21:17:16,076 - werkzeug - INFO - 127.0.0.1 - - [23/Mar/2026 21:17:16] "GET /api/history HTTP/1.1" 200 -
2026-03-23 21:17:16,080 - werkzeug - INFO - 127.0.0.1 - - [23/Mar/2026 21:17:16] "GET /api/history HTTP/1.1" 200 -
2026-03-23 21:17:16,083 - werkzeug - INFO - 127.0.0.1 - - [23/Mar/2026 21:17:16] "GET /api/archive?q=&tool= HTTP/1.1" 200 -
2026-03-23 21:17:56,160 - werkzeug - INFO - 127.0.0.1 - - [23/Mar/2026 21:17:56] "GET /api/history HTTP/1.1" 200 -
2026-03-23 21:17:56,166 - werkzeug - INFO - 127.0.0.1 - - [23/Mar/2026 21:17:56] "GET /api/archive?q=&tool= HTTP/1.1" 200 -
2026-03-23 21:17:56,172 - werkzeug - INFO - 127.0.0.1 - - [23/Mar/2026 21:17:56] "GET /api/history HTTP/1.1" 200 -
2026-03-23 21:17:56,180 - werkzeug - INFO - 127.0.0.1 - - [23/Mar/2026 21:17:56] "GET /api/archive?q=&tool= HTTP/1.1" 200 -
2026-03-23 21:19:16,167 - werkzeug - INFO - 127.0.0.1 - - [23/Mar/2026 21:19:16] "GET /api/history HTTP/1.1" 200 -
2026-03-23 21:19:16,171 - werkzeug - INFO - 127.0.0.1 - - [23/Mar/2026 21:19:16] "GET /api/archive?q=&tool= HTTP/1.1" 200 -
2026-03-23 21:19:16,175 - werkzeug - INFO - 127.0.0.1 - - [23/Mar/2026 21:19:16] "GET /api/history HTTP/1.1" 200 -
2026-03-23 21:19:16,181 - werkzeug - INFO - 127.0.0.1 - - [23/Mar/2026 21:19:16] "GET /api/archive?q=&tool= HTTP/1.1" 200 -
2026-03-23 21:20:05,260 - werkzeug - INFO - 127.0.0.1 - - [23/Mar/2026 21:20:05] "GET /api/history HTTP/1.1" 200 -
2026-03-23 21:20:05,263 - werkzeug - INFO - 127.0.0.1 - - [23/Mar/2026 21:20:05] "GET /api/archive?q=&tool= HTTP/1.1" 200 -
2026-03-23 21:20:05,672 - werkzeug - INFO - 127.0.0.1 - - [23/Mar/2026 21:20:05] "GET /api/history HTTP/1.1" 200 -
2026-03-23 21:20:05,685 - werkzeug - INFO - 127.0.0.1 - - [23/Mar/2026 21:20:05] "GET /api/archive?q=&tool= HTTP/1.1" 200 -
2026-03-23 21:20:56,154 - werkzeug - INFO - 127.0.0.1 - - [23/Mar/2026 21:20:56] "GET /api/history HTTP/1.1" 200 -
2026-03-23 21:20:56,160 - werkzeug - INFO - 127.0.0.1 - - [23/Mar/2026 21:20:56] "GET /api/archive?q=&tool= HTTP/1.1" 200 -
2026-03-23 21:20:56,208 - werkzeug - INFO - 127.0.0.1 - - [23/Mar/2026 21:20:56] "GET /api/history HTTP/1.1" 200 -
2026-03-23 21:20:56,211 - werkzeug - INFO - 127.0.0.1 - - [23/Mar/2026 21:20:56] "GET /api/archive?q=&tool= HTTP/1.1" 200 -
2026-03-23 21:22:07,703 - werkzeug - INFO - 127.0.0.1 - - [23/Mar/2026 21:22:07] "GET /api/history HTTP/1.1" 200 -
2026-03-23 21:22:07,710 - werkzeug - INFO - 127.0.0.1 - - [23/Mar/2026 21:22:07] "GET /api/archive?q=&tool= HTTP/1.1" 200 -
2026-03-23 21:22:07,715 - werkzeug - INFO - 127.0.0.1 - - [23/Mar/2026 21:22:07] "GET /api/history HTTP/1.1" 200 -
2026-03-23 21:22:07,719 - werkzeug - INFO - 127.0.0.1 - - [23/Mar/2026 21:22:07] "GET /api/archive?q=&tool= HTTP/1.1" 200 -
2026-03-23 21:22:56,154 - werkzeug - INFO - 127.0.0.1 - - [23/Mar/2026 21:22:56] "GET /api/archive?q=&tool= HTTP/1.1" 200 -
2026-03-23 21:22:56,158 - werkzeug - INFO - 127.0.0.1 - - [23/Mar/2026 21:22:56] "GET /api/history HTTP/1.1" 200 -
2026-03-23 21:22:56,162 - werkzeug - INFO - 127.0.0.1 - - [23/Mar/2026 21:22:56] "GET /api/history HTTP/1.1" 200 -
2026-03-23 21:22:56,165 - werkzeug - INFO - 127.0.0.1 - - [23/Mar/2026 21:22:56] "GET /api/archive?q=&tool= HTTP/1.1" 200 -
2026-03-23 21:23:56,745 - werkzeug - INFO - 127.0.0.1 - - [23/Mar/2026 21:23:56] "GET /api/history HTTP/1.1" 200 -
2026-03-23 21:23:56,770 - werkzeug - INFO - 127.0.0.1 - - [23/Mar/2026 21:23:56] "GET /api/archive?q=&tool= HTTP/1.1" 200 -
2026-03-23 21:23:57,107 - werkzeug - INFO - 127.0.0.1 - - [23/Mar/2026 21:23:57] "GET /api/history HTTP/1.1" 200 -
2026-03-23 21:23:57,111 - werkzeug - INFO - 127.0.0.1 - - [23/Mar/2026 21:23:57] "GET /api/archive?q=&tool= HTTP/1.1" 200 -
2026-03-23 21:24:36,440 - werkzeug - INFO - 127.0.0.1 - - [23/Mar/2026 21:24:36] "GET /api/history HTTP/1.1" 200 -
2026-03-23 21:24:36,476 - werkzeug - INFO - 127.0.0.1 - - [23/Mar/2026 21:24:36] "GET /api/archive?q=&tool= HTTP/1.1" 200 -
2026-03-23 21:24:45,767 - werkzeug - INFO - 127.0.0.1 - - [23/Mar/2026 21:24:45] "GET /api/history HTTP/1.1" 200 -
2026-03-23 21:24:45,771 - werkzeug - INFO - 127.0.0.1 - - [23/Mar/2026 21:24:45] "GET /api/archive?q=&tool= HTTP/1.1" 200 -
2026-03-23 21:24:56,103 - werkzeug - INFO - 127.0.0.1 - - [23/Mar/2026 21:24:56] "GET /api/history HTTP/1.1" 200 -
2026-03-23 21:24:56,109 - werkzeug - INFO - 127.0.0.1 - - [23/Mar/2026 21:24:56] "GET /api/archive?q=&tool= HTTP/1.1" 200 -
2026-03-23 21:25:15,766 - werkzeug - INFO - 127.0.0.1 - - [23/Mar/2026 21:25:15] "GET /api/history HTTP/1.1" 200 -
2026-03-23 21:25:15,769 - werkzeug - INFO - 127.0.0.1 - - [23/Mar/2026 21:25:15] "GET /api/archive?q=&tool= HTTP/1.1" 200 -
2026-03-23 21:25:45,765 - werkzeug - INFO - 127.0.0.1 - - [23/Mar/2026 21:25:45] "GET /api/history HTTP/1.1" 200 -
2026-03-23 21:25:45,769 - werkzeug - INFO - 127.0.0.1 - - [23/Mar/2026 21:25:45] "GET /api/archive?q=&tool= HTTP/1.1" 200 -
2026-03-23 21:26:03,848 - werkzeug - INFO - 127.0.0.1 - - [23/Mar/2026 21:26:03] "GET /api/history HTTP/1.1" 200 -
2026-03-23 21:26:03,859 - werkzeug - INFO - 127.0.0.1 - - [23/Mar/2026 21:26:03] "GET /api/archive?q=&tool= HTTP/1.1" 200 -
2026-03-23 21:26:15,765 - werkzeug - INFO - 127.0.0.1 - - [23/Mar/2026 21:26:15] "GET /api/history HTTP/1.1" 200 -
2026-03-23 21:26:15,770 - werkzeug - INFO - 127.0.0.1 - - [23/Mar/2026 21:26:15] "GET /api/archive?q=&tool= HTTP/1.1" 200 -
2026-03-23 21:26:45,763 - werkzeug - INFO - 127.0.0.1 - - [23/Mar/2026 21:26:45] "GET /api/history HTTP/1.1" 200 -
2026-03-23 21:26:45,768 - werkzeug - INFO - 127.0.0.1 - - [23/Mar/2026 21:26:45] "GET /api/archive?q=&tool= HTTP/1.1" 200 -
2026-03-23 21:27:06,100 - werkzeug - INFO - 127.0.0.1 - - [23/Mar/2026 21:27:06] "GET /api/history HTTP/1.1" 200 -
2026-03-23 21:27:06,107 - werkzeug - INFO - 127.0.0.1 - - [23/Mar/2026 21:27:06] "GET /api/archive?q=&tool= HTTP/1.1" 200 -
2026-03-23 21:27:15,762 - werkzeug - INFO - 127.0.0.1 - - [23/Mar/2026 21:27:15] "GET /api/history HTTP/1.1" 200 -
2026-03-23 21:27:15,767 - werkzeug - INFO - 127.0.0.1 - - [23/Mar/2026 21:27:15] "GET /api/archive?q=&tool= HTTP/1.1" 200 -
2026-03-23 21:27:45,759 - werkzeug - INFO - 127.0.0.1 - - [23/Mar/2026 21:27:45] "GET /api/history HTTP/1.1" 200 -
2026-03-23 21:27:45,762 - werkzeug - INFO - 127.0.0.1 - - [23/Mar/2026 21:27:45] "GET /api/archive?q=&tool= HTTP/1.1" 200 -
2026-03-23 21:27:50,449 - werkzeug - INFO - 127.0.0.1 - - [23/Mar/2026 21:27:50] "POST /api/email/crossvalidated HTTP/1.1" 200 -
2026-03-23 21:27:51,148 - httpx - INFO - HTTP Request: GET https://id.atlassian.com/login "HTTP/1.1 200 OK"
2026-03-23 21:27:51,261 - httpx - INFO - HTTP Request: HEAD https://www.1337x.to/user/ivan.versteegh@gmail.com/ "HTTP/1.1 403 Forbidden"
2026-03-23 21:27:52,362 - httpx - INFO - HTTP Request: GET https://en.gravatar.com/a81b9c098c4a0527e28aab460579a3c1.json "HTTP/1.1 404 Not Found"
2026-03-23 21:27:52,868 - httpx - INFO - HTTP Request: HEAD https://www.1337x.to/user/ivan.versteegh@gmail.com/ "HTTP/1.1 403 Forbidden"
2026-03-23 21:27:52,904 - httpx - INFO - HTTP Request: POST https://auth.voxmedia.com/chorus_auth/email_valid.json "HTTP/1.1 500 Domain Not Found"
2026-03-23 21:27:53,519 - httpx - INFO - HTTP Request: HEAD https://2dimensions.com/a/ivan.versteegh@gmail.com "HTTP/1.1 301 Moved Permanently"
2026-03-23 21:27:53,638 - httpx - INFO - HTTP Request: GET https://public-api.wordpress.com/rest/v1.1/users/ivan.versteegh@gmail.com/auth-options?http_envelope=1&locale=fr "HTTP/1.1 200 OK"
2026-03-23 21:27:54,363 - httpx - INFO - HTTP Request: GET https://about.me/signup "HTTP/1.1 200 OK"
2026-03-23 21:27:54,580 - httpx - INFO - HTTP Request: POST https://about.me/n/signup "HTTP/1.1 302 Found"
2026-03-23 21:27:54,732 - httpx - INFO - HTTP Request: GET https://about.me/n "HTTP/1.1 404 Not Found"
2026-03-23 21:27:54,900 - httpx - INFO - HTTP Request: HEAD http://rive.app/a/ivan.versteegh@gmail.com "HTTP/1.1 301 Moved Permanently"
2026-03-23 21:27:55,637 - httpx - INFO - HTTP Request: HEAD https://rive.app/a/ivan.versteegh@gmail.com "HTTP/1.1 404 Not Found"
2026-03-23 21:27:56,186 - httpx - INFO - HTTP Request: POST https://www.amocrm.com/account/check_login.php "HTTP/1.1 301 Moved Permanently"
2026-03-23 21:27:56,943 - httpx - INFO - HTTP Request: HEAD https://www.7cups.com/@ivan.versteegh@gmail.com "HTTP/1.1 404 Not Found"
2026-03-23 21:27:57,158 - httpx - INFO - HTTP Request: GET https://www.kommo.com/account/check_login.php "HTTP/1.1 405 Method Not Allowed"
2026-03-23 21:27:58,201 - httpx - INFO - HTTP Request: GET https://axonaut.com/onboarding/?email=ivan.versteegh@gmail.com "HTTP/1.1 200 OK"
2026-03-23 21:27:58,844 - httpx - INFO - HTTP Request: HEAD https://apclips.com/ivan.versteegh@gmail.com "HTTP/1.1 403 Forbidden"
2026-03-23 21:27:59,025 - httpx - INFO - HTTP Request: POST https://api.hubspot.com/login-api/v1/login "HTTP/1.1 400 Bad Request"
2026-03-23 21:27:59,963 - httpx - INFO - HTTP Request: HEAD https://apclips.com/ivan.versteegh@gmail.com "HTTP/1.1 403 Forbidden"
2026-03-23 21:28:00,743 - httpx - INFO - HTTP Request: HEAD https://about.me/ivan.versteegh@gmail.com "HTTP/1.1 404 Not Found"
2026-03-23 21:28:00,883 - httpx - INFO - HTTP Request: POST https://accounts.insightly.com/signup/isemailvalid "HTTP/1.1 200 OK"
2026-03-23 21:28:01,427 - httpx - INFO - HTTP Request: GET https://www.nimble.com/lib/register.php?email=ivan.versteegh@gmail.com "HTTP/1.1 403 Forbidden"
2026-03-23 21:28:01,566 - httpx - INFO - HTTP Request: HEAD https://independent.academia.edu/ivan.versteegh@gmail.com "HTTP/1.1 404 Not Found"
2026-03-23 21:28:02,607 - httpx - INFO - HTTP Request: GET https://register.nocrm.io/register/check_trial_duplicate?email=ivan.versteegh@gmail.com "HTTP/1.1 404 Not Found"
2026-03-23 21:28:03,244 - httpx - INFO - HTTP Request: HEAD https://admireme.vip/ivan.versteegh@gmail.com "HTTP/1.1 404 Not Found"
2026-03-23 21:28:03,275 - httpx - INFO - HTTP Request: POST https://app.nutshell.com/auth "HTTP/1.1 200 OK"
2026-03-23 21:28:03,894 - httpx - INFO - HTTP Request: POST https://app.pipedrive.com/signup-service/start "HTTP/1.1 403 Forbidden"
2026-03-23 21:28:04,456 - httpx - INFO - HTTP Request: HEAD https://airbit.com/ivan.versteegh@gmail.com "HTTP/1.1 404 Not Found"
2026-03-23 21:28:05,265 - httpx - INFO - HTTP Request: HEAD https://www.airliners.net/user/ivan.versteegh@gmail.com/profile/photos "HTTP/1.1 404 Not Found"
2026-03-23 21:28:05,328 - httpx - INFO - HTTP Request: POST https://focus.teamleader.eu/app/emails/availability "HTTP/1.1 200 OK"
2026-03-23 21:28:06,205 - httpx - INFO - HTTP Request: HEAD https://www.allthingsworn.com/profile/ivan.versteegh@gmail.com "HTTP/1.1 403 Forbidden"
2026-03-23 21:28:06,305 - werkzeug - INFO - 127.0.0.1 - - [23/Mar/2026 21:28:06] "GET /api/history HTTP/1.1" 200 -
2026-03-23 21:28:06,310 - werkzeug - INFO - 127.0.0.1 - - [23/Mar/2026 21:28:06] "GET /api/archive?q=&tool= HTTP/1.1" 200 -
2026-03-23 21:28:07,391 - httpx - INFO - HTTP Request: GET https://accounts.zoho.com/register "HTTP/1.1 200 "
2026-03-23 21:28:07,825 - httpx - INFO - HTTP Request: HEAD https://www.allthingsworn.com/profile/ivan.versteegh@gmail.com "HTTP/1.1 403 Forbidden"
2026-03-23 21:28:08,955 - httpx - INFO - HTTP Request: HEAD https://allmylinks.com/ivan.versteegh@gmail.com "HTTP/1.1 404 Not Found"
2026-03-23 21:28:10,120 - httpx - INFO - HTTP Request: POST https://accounts.zoho.com/signin/v2/lookup/ivan.versteegh@gmail.com "HTTP/1.1 200 "
2026-03-23 21:28:10,181 - httpx - INFO - HTTP Request: HEAD https://aniworld.to/user/profil/ivan.versteegh@gmail.com "HTTP/1.1 400 Bad Request"
2026-03-23 21:28:10,725 - httpx - INFO - HTTP Request: GET https://www.buymeacoffee.com/ "HTTP/1.1 301 Moved Permanently"
2026-03-23 21:28:10,753 - httpx - INFO - HTTP Request: HEAD https://anilist.co/user/ivan.versteegh@gmail.com/ "HTTP/1.1 200 OK"
2026-03-23 21:28:11,386 - httpx - INFO - HTTP Request: GET https://buymeacoffee.com/ "HTTP/1.1 200 OK"
2026-03-23 21:28:12,000 - httpx - INFO - HTTP Request: HEAD https://developer.apple.com/forums/profile/ivan.versteegh@gmail.com "HTTP/1.1 404 Not Found"
2026-03-23 21:28:13,047 - httpx - INFO - HTTP Request: HEAD https://discussions.apple.com/profile/ivan.versteegh@gmail.com "HTTP/1.1 404 Not Found"
2026-03-23 21:28:13,730 - httpx - INFO - HTTP Request: HEAD https://www.aparat.com/ivan.versteegh@gmail.com/ "HTTP/1.0 504 Gateway Timeout"
2026-03-23 21:28:14,246 - httpx - INFO - HTTP Request: HEAD https://archiveofourown.org/users/ivan.versteegh@gmail.com "HTTP/1.1 403 Forbidden"
2026-03-23 21:28:14,252 - httpx - INFO - HTTP Request: GET https://www.babeshows.co.uk/member.php "HTTP/1.1 403 Forbidden"
2026-03-23 21:28:15,656 - httpx - INFO - HTTP Request: HEAD https://archiveofourown.org/users/ivan.versteegh@gmail.com "HTTP/1.1 403 Forbidden"
2026-03-23 21:28:15,763 - werkzeug - INFO - 127.0.0.1 - - [23/Mar/2026 21:28:15] "GET /api/history HTTP/1.1" 200 -
2026-03-23 21:28:15,768 - werkzeug - INFO - 127.0.0.1 - - [23/Mar/2026 21:28:15] "GET /api/archive?q=&tool= HTTP/1.1" 200 -
2026-03-23 21:28:15,982 - httpx - INFO - HTTP Request: GET https://www.badeggsonline.com/beo2-forum/member.php "HTTP/1.1 202 Accepted"
2026-03-23 21:28:16,562 - httpx - INFO - HTTP Request: HEAD https://archive.org/details/@ivan.versteegh@gmail.com "HTTP/1.1 200 OK"
2026-03-23 21:28:16,903 - httpx - INFO - HTTP Request: GET https://bios-mods.com/forum/member.php "HTTP/1.1 302 Found"
2026-03-23 21:28:17,212 - httpx - INFO - HTTP Request: GET https://bios-mods.com/forum/index.php "HTTP/1.1 200 OK"
2026-03-23 21:28:17,560 - httpx - INFO - HTTP Request: POST https://bios-mods.com/forum/xmlhttp.php?action=email_availability "HTTP/1.1 200 OK"
2026-03-23 21:28:17,646 - httpx - INFO - HTTP Request: HEAD https://forum.arduino.cc/u/ivan.versteegh@gmail.com/summary "HTTP/1.1 404 Not Found"
2026-03-23 21:28:18,184 - httpx - INFO - HTTP Request: HEAD https://www.artstation.com/ivan.versteegh@gmail.com "HTTP/1.1 403 Forbidden"
2026-03-23 21:28:18,763 - httpx - INFO - HTTP Request: GET https://biotechnologyforums.com/member.php "HTTP/1.1 302 Moved Temporarily"
2026-03-23 21:28:19,198 - httpx - INFO - HTTP Request: GET https://biotechnologyforums.com/index.php "HTTP/1.1 200 OK"
2026-03-23 21:28:19,591 - httpx - INFO - HTTP Request: POST https://biotechnologyforums.com/xmlhttp.php?action=email_availability "HTTP/1.1 200 OK"
2026-03-23 21:28:19,601 - httpx - INFO - HTTP Request: HEAD https://www.artstation.com/ivan.versteegh@gmail.com "HTTP/1.1 403 Forbidden"
2026-03-23 21:28:19,948 - httpx - INFO - HTTP Request: GET http://blackworldforum.com/member.php "HTTP/1.1 500 Internal Server Error"
2026-03-23 21:28:20,598 - httpx - INFO - HTTP Request: HEAD https://asciinema.org/~ivan.versteegh@gmail.com "HTTP/1.1 404 Not Found"
2026-03-23 21:28:21,475 - httpx - INFO - HTTP Request: HEAD https://ask.fedoraproject.org/u/ivan.versteegh@gmail.com "HTTP/1.1 301 Moved Permanently"
2026-03-23 21:28:22,244 - httpx - INFO - HTTP Request: GET https://forum.blitzortung.org/member.php "HTTP/1.1 302 Found"
2026-03-23 21:28:22,313 - httpx - INFO - HTTP Request: HEAD https://discussion.fedoraproject.org/askfedora/u/ivan.versteegh@gmail.com "HTTP/1.1 404 Not Found"
2026-03-23 21:28:22,592 - httpx - INFO - HTTP Request: GET https://forum.blitzortung.org/index.php "HTTP/1.1 200 OK"
2026-03-23 21:28:23,089 - httpx - INFO - HTTP Request: POST https://forum.blitzortung.org/xmlhttp.php?action=email_availability "HTTP/1.1 200 OK"
2026-03-23 21:28:23,443 - httpx - INFO - HTTP Request: GET http://bluegrassrivals.com/forum/member.php "HTTP/1.1 403 Forbidden"
2026-03-23 21:28:23,956 - httpx - INFO - HTTP Request: HEAD https://atcoder.jp/users/ivan.versteegh@gmail.com "HTTP/1.1 404 Not Found"
2026-03-23 21:28:24,254 - httpx - INFO - HTTP Request: GET https://discussion.cambridge-mt.com/member.php "HTTP/1.1 403 Forbidden"
2026-03-23 21:28:24,606 - httpx - INFO - HTTP Request: HEAD https://vjudge.net/user/ivan.versteegh@gmail.com "HTTP/1.1 404 Not Found"
2026-03-23 21:28:25,077 - httpx - INFO - HTTP Request: GET https://www.clashfarmer.com/forum/member.php "HTTP/1.1 302 Found"
2026-03-23 21:28:25,263 - httpx - INFO - HTTP Request: GET https://www.clashfarmer.com/forum/index.php "HTTP/1.1 301 Moved Permanently"
2026-03-23 21:28:25,271 - httpx - INFO - HTTP Request: HEAD https://audiojungle.net/user/ivan.versteegh@gmail.com "HTTP/1.1 404 Not Found"
2026-03-23 21:28:25,605 - httpx - INFO - HTTP Request: GET http://www.clashfarmer.com/forum/ "HTTP/1.1 301 Moved Permanently"
2026-03-23 21:28:26,060 - httpx - INFO - HTTP Request: GET https://www.clashfarmer.com/forum/ "HTTP/1.1 200 OK"
2026-03-23 21:28:26,416 - httpx - INFO - HTTP Request: HEAD https://www.autofrage.net/nutzer/ivan.versteegh@gmail.com "HTTP/1.1 404 Not Found"
2026-03-23 21:28:26,429 - httpx - INFO - HTTP Request: POST https://www.clashfarmer.com/forum/xmlhttp.php?action=email_availability "HTTP/1.1 200 OK"
2026-03-23 21:28:27,150 - httpx - INFO - HTTP Request: GET https://forum.codeigniter.com/member.php "HTTP/1.1 403 Forbidden"
2026-03-23 21:28:27,512 - httpx - INFO - HTTP Request: HEAD https://www.avizo.cz/ivan.versteegh@gmail.com/ "HTTP/1.1 301 Moved Permanently"
2026-03-23 21:28:27,740 - httpx - INFO - HTTP Request: HEAD https://www.avizo.cz/uzivatel/ivan "HTTP/1.1 301 Moved Permanently"
2026-03-23 21:28:28,388 - httpx - INFO - HTTP Request: HEAD https://www.avizo.cz/uzivatel/ivan/ "HTTP/1.1 200 OK"
2026-03-23 21:28:28,707 - httpx - INFO - HTTP Request: GET https://www.cpaelites.com/member.php "HTTP/1.1 403 Forbidden"
2026-03-23 21:28:29,287 - httpx - INFO - HTTP Request: HEAD https://skillsprofile.skillbuilder.aws/user/ivan.versteegh@gmail.com/ "HTTP/1.1 308 Permanent Redirect"
2026-03-23 21:28:29,738 - httpx - INFO - HTTP Request: HEAD https://skillsprofile.skillbuilder.aws/user/ivan.versteegh@gmail.com "HTTP/1.1 200 OK"
2026-03-23 21:28:30,634 - httpx - INFO - HTTP Request: GET https://www.cpahero.com/member.php "HTTP/1.1 301 Moved Permanently"
2026-03-23 21:28:31,006 - httpx - INFO - HTTP Request: HEAD https://www.bandcamp.com/ivan.versteegh@gmail.com "HTTP/1.1 301 Moved Permanently"
2026-03-23 21:28:31,696 - httpx - INFO - HTTP Request: HEAD https://bandcamp.com/ivan.versteegh@gmail.com "HTTP/1.1 404 Not Found"
2026-03-23 21:28:32,197 - httpx - INFO - HTTP Request: GET https://cpahero.com/member.php "HTTP/1.1 404 Not Found"
2026-03-23 21:28:34,069 - httpx - INFO - HTTP Request: HEAD https://www.bazar.cz/ivan.versteegh@gmail.com/ "HTTP/1.1 404 Not Found"
2026-03-23 21:28:36,156 - httpx - INFO - HTTP Request: HEAD https://www.behance.net/ivan.versteegh@gmail.com "HTTP/1.1 404 Not Found"
2026-03-23 21:28:36,434 - httpx - INFO - HTTP Request: GET https://demonforums.net/member.php "HTTP/1.1 403 Forbidden"
2026-03-23 21:28:37,123 - httpx - INFO - HTTP Request: HEAD https://bezuzyteczna.pl/uzytkownicy/ivan.versteegh@gmail.com "HTTP/1.1 404 Not Found"
2026-03-23 21:28:37,732 - httpx - INFO - HTTP Request: HEAD https://www.biggerpockets.com/users/ivan.versteegh@gmail.com "HTTP/1.1 403 Forbidden"
2026-03-23 21:28:37,771 - httpx - INFO - HTTP Request: GET https://drachenhort.user.stunet.tu-freiberg.de/member.php "HTTP/1.1 404 Not Found"
2026-03-23 21:28:38,302 - httpx - INFO - HTTP Request: GET https://forum.kodi.tv/member.php "HTTP/1.1 403 Forbidden"
2026-03-23 21:28:38,855 - httpx - INFO - HTTP Request: HEAD https://www.biggerpockets.com/users/ivan.versteegh@gmail.com "HTTP/1.1 403 Forbidden"
2026-03-23 21:28:38,911 - httpx - INFO - HTTP Request: GET https://community.mybb.com/member.php "HTTP/1.1 200 OK"
2026-03-23 21:28:39,423 - httpx - INFO - HTTP Request: HEAD https://forum.dangerousthings.com/u/ivan.versteegh@gmail.com "HTTP/1.1 404 Not Found"
2026-03-23 21:28:40,388 - httpx - INFO - HTTP Request: HEAD https://bitbucket.org/ivan.versteegh@gmail.com/ "HTTP/1.1 404 Not Found"
2026-03-23 21:28:41,316 - httpx - INFO - HTTP Request: GET https://forum.ndemiccreations.com/member.php "HTTP/1.1 301 Moved Permanently"
2026-03-23 21:28:41,331 - httpx - INFO - HTTP Request: HEAD https://community.bitwarden.com/u/ivan.versteegh@gmail.com/summary "HTTP/1.1 404 Not Found"
2026-03-23 21:28:41,515 - httpx - INFO - HTTP Request: GET https://forum.ndemiccreations.com/ "HTTP/1.1 200 OK"
2026-03-23 21:28:42,266 - httpx - INFO - HTTP Request: POST https://forum.ndemiccreations.com/xmlhttp.php?action=email_availability "HTTP/1.1 200 OK"
2026-03-23 21:28:42,298 - httpx - INFO - HTTP Request: HEAD https://www.blipfoto.com/ivan.versteegh@gmail.com "HTTP/1.1 404 Not Found"
2026-03-23 21:28:44,149 - httpx - INFO - HTTP Request: GET https://forums.nextpvr.com/member.php "HTTP/1.1 302 Found"
2026-03-23 21:28:44,493 - httpx - INFO - HTTP Request: GET https://forums.nextpvr.com/index.php "HTTP/1.1 200 OK"
2026-03-23 21:28:44,653 - httpx - INFO - HTTP Request: POST https://forums.nextpvr.com/xmlhttp.php?action=email_availability "HTTP/1.1 200 OK"
2026-03-23 21:28:45,534 - httpx - INFO - HTTP Request: GET https://onlinesequencer.net/forum/member.php "HTTP/1.1 302 Found"
2026-03-23 21:28:45,762 - werkzeug - INFO - 127.0.0.1 - - [23/Mar/2026 21:28:45] "GET /api/history HTTP/1.1" 200 -
2026-03-23 21:28:45,768 - werkzeug - INFO - 127.0.0.1 - - [23/Mar/2026 21:28:45] "GET /api/archive?q=&tool= HTTP/1.1" 200 -
2026-03-23 21:28:46,268 - httpx - INFO - HTTP Request: HEAD https://blitztactics.com/ivan.versteegh@gmail.com "HTTP/1.1 404 Not Found"
2026-03-23 21:28:47,243 - httpx - INFO - HTTP Request: GET https://thecardboard.org/board/member.php "HTTP/1.1 302 Found"
2026-03-23 21:28:47,442 - httpx - INFO - HTTP Request: HEAD https://bsky.app/profile/ivan.versteegh@gmail.com.bsky.social "HTTP/1.1 404 Not Found"
2026-03-23 21:28:47,537 - httpx - INFO - HTTP Request: GET https://thecardboard.org/board/index.php "HTTP/1.1 200 OK"
2026-03-23 21:28:47,689 - httpx - INFO - HTTP Request: POST https://thecardboard.org/board/xmlhttp.php?action=email_availability "HTTP/1.1 200 OK"
2026-03-23 21:28:48,591 - httpx - INFO - HTTP Request: HEAD https://pt.bongacams.com/profile/ivan.versteegh@gmail.com "HTTP/1.1 403 Forbidden"
2026-03-23 21:28:49,065 - httpx - INFO - HTTP Request: GET https://forums.therian-guide.com/member.php "HTTP/1.1 429 Too Many Requests"
2026-03-23 21:28:49,406 - httpx - INFO - HTTP Request: GET http://www.thevapingforum.com/member.php "HTTP/1.1 302 Found"
2026-03-23 21:28:50,006 - httpx - INFO - HTTP Request: GET https://www.hugedomains.com/domain_profile.cfm?d=thevapingforum.com "HTTP/1.1 200 OK"
2026-03-23 21:28:50,079 - httpx - INFO - HTTP Request: HEAD https://pt.bongacams.com/profile/ivan.versteegh@gmail.com "HTTP/1.1 403 Forbidden"
2026-03-23 21:28:50,592 - httpx - INFO - HTTP Request: HEAD https://www.bookcrossing.com/mybookshelf/ivan.versteegh@gmail.com/ "HTTP/1.1 403 Forbidden"
2026-03-23 21:28:51,545 - httpx - INFO - HTTP Request: POST https://www.coroflot.com/home/signup_email_check "HTTP/1.1 200 OK"
2026-03-23 21:28:52,086 - httpx - INFO - HTTP Request: POST https://www.freelancer.com/api/users/0.1/users/check?compact=true&new_errors=true "HTTP/1.1 403 Forbidden"
2026-03-23 21:28:52,312 - httpx - INFO - HTTP Request: HEAD https://www.bookcrossing.com/mybookshelf/ivan.versteegh@gmail.com/ "HTTP/1.1 403 Forbidden"
2026-03-23 21:28:53,045 - httpx - INFO - HTTP Request: GET https://www.seoclerks.com "HTTP/1.1 200 OK"
2026-03-23 21:28:53,338 - httpx - INFO - HTTP Request: HEAD https://boardgamegeek.com/user/ivan.versteegh@gmail.com "HTTP/1.1 403 Forbidden"
2026-03-23 21:28:53,593 - httpx - INFO - HTTP Request: POST https://www.seoclerks.com/signup/check "HTTP/1.1 200 OK"
2026-03-23 21:28:54,623 - httpx - INFO - HTTP Request: GET https://www.diigo.com/sign-up?plan=free "HTTP/1.1 200 OK"
2026-03-23 21:28:54,752 - httpx - INFO - HTTP Request: HEAD https://boardgamegeek.com/user/ivan.versteegh@gmail.com "HTTP/1.1 403 Forbidden"
2026-03-23 21:28:54,793 - httpx - INFO - HTTP Request: GET https://www.diigo.com/user_mana2/check_email?email=ivan.versteegh%40gmail.com "HTTP/1.1 403 Forbidden"
2026-03-23 21:28:55,271 - httpx - INFO - HTTP Request: HEAD https://community.brave.com/u/ivan.versteegh@gmail.com/ "HTTP/1.1 301 Moved Permanently"
2026-03-23 21:28:55,390 - httpx - INFO - HTTP Request: GET https://fr.quora.com "HTTP/1.1 403 Forbidden"
2026-03-23 21:28:55,988 - httpx - INFO - HTTP Request: GET https://accounts.google.com/signup/v2/webcreateaccount?continue=https%3A%2F%2Faccounts.google.com%2FManageAccount%3Fnc%3D1&gmb=exp&biz=false&flowName=GlifWebSignIn&flowEntry=SignUp "HTTP/1.1 302 Moved Temporarily"
2026-03-23 21:28:56,224 - httpx - INFO - HTTP Request: GET https://accounts.google.com/signup/v2?continue=https%3A%2F%2Faccounts.google.com%2FManageAccount%3Fnc%3D1&gmb=exp&biz=false&flowName=GlifWebSignIn&flowEntry=SignUp "HTTP/1.1 302 Moved Temporarily"
2026-03-23 21:28:56,405 - httpx - INFO - HTTP Request: HEAD https://community.brave.app/u/ivan.versteegh@gmail.com/ "HTTP/1.1 404 Not Found"
2026-03-23 21:28:56,429 - httpx - INFO - HTTP Request: GET https://accounts.google.com/lifecycle/flows/signup?biz=false&continue=https%3A%2F%2Faccounts.google.com%2FManageAccount%3Fnc%3D1&flowEntry=SignUp&flowName=GlifWebSignIn&gmb=exp&dsh=S1359028693%3A1774297736289743 "HTTP/1.1 302 Found"
2026-03-23 21:28:56,608 - httpx - INFO - HTTP Request: GET https://accounts.google.com/lifecycle/steps/signup/name?continue=https://accounts.google.com/ManageAccount?nc%3D1&dsh=S1359028693:1774297736289743&flowEntry=SignUp&flowName=GlifWebSignIn&TL=AHU8sQskonF117oY4gA_-zd05xlWSle4slcTtqI-sev3CUWxO1iuTGcqQ-o9HMIo "HTTP/1.1 200 OK"
2026-03-23 21:28:57,180 - httpx - INFO - HTTP Request: HEAD https://bugcrowd.com/ivan.versteegh@gmail.com "HTTP/1.1 404 Not Found"
2026-03-23 21:28:57,690 - httpx - INFO - HTTP Request: HEAD https://buymeacoff.ee/ivan.versteegh@gmail.com "HTTP/1.1 301 Moved Permanently"
2026-03-23 21:28:58,246 - httpx - INFO - HTTP Request: HEAD https://buymeacoffee.com/ivan.versteegh@gmail.com "HTTP/1.1 404 Not Found"
2026-03-23 21:28:58,384 - httpx - INFO - HTTP Request: POST https://www.laposte.fr/authentification "HTTP/1.1 403 Forbidden"
2026-03-23 21:28:58,780 - httpx - INFO - HTTP Request: HEAD https://buzzfeed.com/ivan.versteegh@gmail.com "HTTP/1.1 301 Moved Permanently"
2026-03-23 21:28:59,558 - httpx - INFO - HTTP Request: POST https://account.mail.ru/api/v1/user/password/restore "HTTP/1.1 200 OK"
2026-03-23 21:29:00,413 - httpx - INFO - HTTP Request: HEAD https://www.buzzfeed.com/ivan.versteegh@gmail.com "HTTP/1.1 404 Not Found"
2026-03-23 21:29:01,261 - httpx - INFO - HTTP Request: HEAD https://forum.cfx.re/u/ivan.versteegh@gmail.com/summary "HTTP/1.1 404 Not Found"
2026-03-23 21:29:01,629 - httpx - INFO - HTTP Request: GET https://api.protonmail.ch/pks/lookup?op=index&search=ivan.versteegh@gmail.com "HTTP/1.1 200 OK"
2026-03-23 21:29:01,902 - httpx - INFO - HTTP Request: HEAD https://www.cgtrader.com/ivan.versteegh@gmail.com "HTTP/1.1 301 Moved Permanently"
2026-03-23 21:29:02,217 - httpx - INFO - HTTP Request: HEAD https://www.cgtrader.com/not_found "HTTP/1.1 404 Not Found"
2026-03-23 21:29:02,636 - httpx - INFO - HTTP Request: GET https://login.yahoo.com "HTTP/1.1 200 OK"
2026-03-23 21:29:02,972 - httpx - INFO - HTTP Request: POST https://login.yahoo.com/?.src=fpctx&.intl=ca&.lang=en-CA&.done=https%3A%2F%2Fca.yahoo.com "HTTP/1.1 429 Too Many Requests"
2026-03-23 21:29:03,084 - httpx - INFO - HTTP Request: HEAD https://www.cnet.com/profiles/ivan.versteegh@gmail.com/ "HTTP/1.1 404 Not Found"
2026-03-23 21:29:04,039 - httpx - INFO - HTTP Request: POST https://ello.co/api/v2/availability "HTTP/1.1 202 Accepted"
2026-03-23 21:29:04,830 - httpx - INFO - HTTP Request: HEAD https://cssbattle.dev/player/ivan.versteegh@gmail.com "HTTP/1.1 403 Forbidden"
2026-03-23 21:29:05,681 - httpx - INFO - HTTP Request: GET https://identity-api.flickr.com/migration?email=ivan.versteegh@gmail.com "HTTP/1.1 200 OK"
2026-03-23 21:29:05,946 - httpx - INFO - HTTP Request: HEAD https://cssbattle.dev/player/ivan.versteegh@gmail.com "HTTP/1.1 403 Forbidden"
2026-03-23 21:29:06,102 - werkzeug - INFO - 127.0.0.1 - - [23/Mar/2026 21:29:06] "GET /api/history HTTP/1.1" 200 -
2026-03-23 21:29:06,111 - werkzeug - INFO - 127.0.0.1 - - [23/Mar/2026 21:29:06] "GET /api/archive?q=&tool= HTTP/1.1" 200 -
2026-03-23 21:29:06,328 - httpx - INFO - HTTP Request: POST https://account.komoot.com/v1/signin "HTTP/1.1 301 Moved Permanently"
2026-03-23 21:29:06,788 - httpx - INFO - HTTP Request: HEAD https://ctan.org/author/ivan.versteegh@gmail.com "HTTP/1.1 404 404"
2026-03-23 21:29:07,655 - httpx - INFO - HTTP Request: GET https://www.komoot.com/v1/signin "HTTP/1.1 404 Not Found"
2026-03-23 21:29:07,687 - httpx - INFO - HTTP Request: HEAD https://caddy.community/u/ivan.versteegh@gmail.com/summary "HTTP/1.1 404 Not Found"
2026-03-23 21:29:08,413 - httpx - INFO - HTTP Request: HEAD https://community.cartalk.com/u/ivan.versteegh@gmail.com/summary "HTTP/1.1 404 Not Found"
2026-03-23 21:29:09,946 - httpx - INFO - HTTP Request: POST https://id.rambler.ru/jsonrpc "HTTP/1.1 200 OK"
2026-03-23 21:29:10,163 - httpx - INFO - HTTP Request: HEAD https://career.habr.com/ivan.versteegh@gmail.com "HTTP/1.1 404 Not Found"
2026-03-23 21:29:10,877 - httpx - INFO - HTTP Request: POST https://www.sporcle.com/auth/ajax/verify.php "HTTP/1.1 403 Forbidden"
2026-03-23 21:29:11,565 - httpx - INFO - HTTP Request: POST https://www.caringbridge.org/signin "HTTP/1.1 405 Method Not Allowed"
2026-03-23 21:29:12,840 - httpx - INFO - HTTP Request: POST https://www.7cups.com/listener/CreateAccount.php "HTTP/1.1 403 Forbidden"
2026-03-23 21:29:15,762 - werkzeug - INFO - 127.0.0.1 - - [23/Mar/2026 21:29:15] "GET /api/archive?q=&tool= HTTP/1.1" 200 -
2026-03-23 21:29:15,769 - werkzeug - INFO - 127.0.0.1 - - [23/Mar/2026 21:29:15] "GET /api/history HTTP/1.1" 200 -
2026-03-23 21:29:16,093 - httpx - INFO - HTTP Request: HEAD https://cash.app/$ivan.versteegh@gmail.com "HTTP/1.1 403 Forbidden"
2026-03-23 21:29:17,229 - httpx - INFO - HTTP Request: HEAD https://cash.app/$ivan.versteegh@gmail.com "HTTP/1.1 403 Forbidden"
2026-03-23 21:29:18,613 - httpx - INFO - HTTP Request: HEAD https://www.championat.com/user/ivan.versteegh@gmail.com "HTTP/1.1 404 Not Found"
2026-03-23 21:29:22,878 - httpx - INFO - HTTP Request: HEAD https://profil.chatujme.cz/ivan.versteegh@gmail.com "HTTP/1.1 404 Not Found"
2026-03-23 21:29:23,342 - httpx - INFO - HTTP Request: HEAD https://chaturbate.com/ivan.versteegh@gmail.com "HTTP/1.1 403 Forbidden"
2026-03-23 21:29:24,872 - httpx - INFO - HTTP Request: HEAD https://chaturbate.com/ivan.versteegh@gmail.com "HTTP/1.1 403 Forbidden"
2026-03-23 21:29:25,595 - httpx - INFO - HTTP Request: HEAD https://www.chess.com/member/ivan.versteegh@gmail.com "HTTP/1.1 404 Not Found"
2026-03-23 21:29:26,422 - httpx - INFO - HTTP Request: HEAD https://choice.community/u/ivan.versteegh@gmail.com/summary "HTTP/1.1 404 Not Found"
2026-03-23 21:29:27,062 - httpx - INFO - HTTP Request: HEAD https://clapperapp.com/ivan.versteegh@gmail.com "HTTP/1.1 301 Found"
2026-03-23 21:29:28,312 - httpx - INFO - HTTP Request: HEAD https://www.clapperapp.com/ivan.versteegh@gmail.com "HTTP/1.1 400 Bad Request"
2026-03-23 21:29:28,866 - httpx - INFO - HTTP Request: HEAD https://community.cloudflare.com/u/ivan.versteegh@gmail.com "HTTP/1.1 403 Forbidden"
2026-03-23 21:29:30,266 - httpx - INFO - HTTP Request: HEAD https://community.cloudflare.com/u/ivan.versteegh@gmail.com "HTTP/1.1 403 Forbidden"
2026-03-23 21:29:30,863 - httpx - INFO - HTTP Request: HEAD https://www.clozemaster.com/players/ivan.versteegh@gmail.com "HTTP/1.1 302 Found"
2026-03-23 21:29:31,148 - httpx - INFO - HTTP Request: HEAD https://www.clozemaster.com/dashboard "HTTP/1.1 200 OK"
2026-03-23 21:29:32,832 - httpx - INFO - HTTP Request: HEAD https://www.clubhouse.com/@ivan.versteegh@gmail.com "HTTP/1.1 404 Not Found"
2026-03-23 21:29:33,358 - httpx - INFO - HTTP Request: HEAD https://codesnippets.fandom.com/wiki/User:ivan.versteegh@gmail.com "HTTP/1.1 403 Forbidden"
2026-03-23 21:29:34,145 - httpx - INFO - HTTP Request: GET https://www.last.fm/join "HTTP/1.1 200 OK"
2026-03-23 21:29:34,859 - httpx - INFO - HTTP Request: HEAD https://codesnippets.fandom.com/wiki/User:ivan.versteegh@gmail.com "HTTP/1.1 403 Forbidden"
2026-03-23 21:29:34,989 - httpx - INFO - HTTP Request: POST https://www.last.fm/join/partial/validate "HTTP/1.1 200 OK"
2026-03-23 21:29:36,072 - httpx - INFO - HTTP Request: HEAD https://codeberg.org/ivan.versteegh@gmail.com "HTTP/1.1 404 Not Found"
2026-03-23 21:29:36,083 - httpx - INFO - HTTP Request: GET https://www.smule.com/user/check_email "HTTP/1.1 403 Forbidden"
2026-03-23 21:29:36,846 - httpx - INFO - HTTP Request: GET https://soundcloud.com/octobersveryown "HTTP/1.1 307 Temporary Redirect"
2026-03-23 21:29:37,026 - httpx - INFO - HTTP Request: HEAD https://www.codecademy.com/profiles/ivan.versteegh@gmail.com "HTTP/1.1 200 OK"
2026-03-23 21:29:37,827 - httpx - INFO - HTTP Request: HEAD https://www.codechef.com/users/ivan.versteegh@gmail.com "HTTP/1.1 302 Found"
2026-03-23 21:29:38,287 - httpx - INFO - HTTP Request: GET https://m.soundcloud.com/octobersveryown "HTTP/1.1 200 OK"
2026-03-23 21:29:38,289 - httpx - INFO - HTTP Request: HEAD https://www.codechef.com/ "HTTP/1.1 200 OK"
2026-03-23 21:29:38,908 - httpx - INFO - HTTP Request: HEAD https://codeforces.com/profile/ivan.versteegh@gmail.com "HTTP/1.1 403 Forbidden"
2026-03-23 21:29:39,147 - httpx - INFO - HTTP Request: GET https://spclient.wg.spotify.com/signup/public/v1/account?validate=1&email=ivan.versteegh%40gmail.com "HTTP/1.1 200 OK"
2026-03-23 21:29:39,872 - httpx - INFO - HTTP Request: GET https://www.tunefind.com/user/join "HTTP/1.1 404 Not Found"
2026-03-23 21:29:40,507 - httpx - INFO - HTTP Request: GET https://rocketreach.co/v1/validateEmail?email_address=ivan.versteegh@gmail.com "HTTP/1.1 403 Forbidden"
2026-03-23 21:29:40,664 - httpx - INFO - HTTP Request: HEAD https://codeforces.com/profile/ivan.versteegh@gmail.com "HTTP/1.1 403 Forbidden"
2026-03-23 21:29:41,272 - httpx - INFO - HTTP Request: GET https://venmo.com/signup/email "HTTP/1.1 302 Moved Temporarily"
2026-03-23 21:29:41,555 - httpx - INFO - HTTP Request: HEAD https://codepen.io/ivan.versteegh@gmail.com "HTTP/1.1 403 Forbidden"
2026-03-23 21:29:42,092 - httpx - INFO - HTTP Request: GET https://account.venmo.com/signup/email "HTTP/1.1 307 Temporary Redirect"
2026-03-23 21:29:42,338 - httpx - INFO - HTTP Request: GET http://account.venmo.com/signup "HTTP/1.1 301 Moved Permanently"
2026-03-23 21:29:43,011 - httpx - INFO - HTTP Request: GET https://venmo.com/signup "HTTP/1.1 200 OK"
2026-03-23 21:29:43,092 - httpx - INFO - HTTP Request: HEAD https://codepen.io/ivan.versteegh@gmail.com "HTTP/1.1 403 Forbidden"
2026-03-23 21:29:43,935 - httpx - INFO - HTTP Request: GET https://www.pornhub.com/signup "HTTP/1.1 200 OK"
2026-03-23 21:29:44,154 - httpx - INFO - HTTP Request: HEAD https://profile.codersrank.io/user/ivan.versteegh@gmail.com/ "HTTP/1.1 200 OK"
2026-03-23 21:29:44,713 - httpx - INFO - HTTP Request: POST https://www.pornhub.com/user/create_account_check?token=MTc3NDI5Nzc4NNVq145JGgO3dwefISmhfqsvM-ewSilsL-fZnNSPlTQR3uQIA_8PpNe8Iw9KzBA6JtwJXnlqhHpxS0fKNQJesdg. "HTTP/1.1 404 Not Found"
2026-03-23 21:29:44,806 - httpx - INFO - HTTP Request: HEAD https://coderwall.com/ivan.versteegh@gmail.com "HTTP/1.1 404 Not Found"
2026-03-23 21:29:45,763 - werkzeug - INFO - 127.0.0.1 - - [23/Mar/2026 21:29:45] "GET /api/history HTTP/1.1" 200 -
2026-03-23 21:29:45,770 - werkzeug - INFO - 127.0.0.1 - - [23/Mar/2026 21:29:45] "GET /api/archive?q=&tool= HTTP/1.1" 200 -
2026-03-23 21:29:46,841 - httpx - INFO - HTTP Request: HEAD https://codesandbox.io/u/ivan.versteegh@gmail.com "HTTP/1.1 200 OK"
2026-03-23 21:29:46,941 - httpx - INFO - HTTP Request: GET https://redtube.com/register "HTTP/1.1 301 Moved Permanently"
2026-03-23 21:29:47,441 - httpx - INFO - HTTP Request: HEAD https://www.codewars.com/users/ivan.versteegh@gmail.com "HTTP/1.1 404 Not Found"
2026-03-23 21:29:48,441 - httpx - INFO - HTTP Request: HEAD https://codolio.com/profile/ivan.versteegh@gmail.com "HTTP/1.1 200 OK"
2026-03-23 21:29:48,767 - httpx - INFO - HTTP Request: GET https://www.redtube.com/register "HTTP/1.1 200 OK"
2026-03-23 21:29:49,031 - httpx - INFO - HTTP Request: HEAD https://coinvote.cc/profile/ivan.versteegh@gmail.com "HTTP/1.1 410 Gone"
2026-03-23 21:29:49,639 - httpx - INFO - HTTP Request: HEAD https://www.colourlovers.com/lover/ivan.versteegh@gmail.com "HTTP/1.1 403 Forbidden"
2026-03-23 21:29:50,684 - httpx - INFO - HTTP Request: GET https://www.xnxx.com "HTTP/1.1 200 OK"
2026-03-23 21:29:51,265 - httpx - INFO - HTTP Request: HEAD https://www.colourlovers.com/lover/ivan.versteegh@gmail.com "HTTP/1.1 403 Forbidden"
2026-03-23 21:29:51,442 - httpx - INFO - HTTP Request: GET https://www.xnxx.com/account/checkemail?email=ivan.versteegh%40gmail.com "HTTP/1.1 200 OK"
2026-03-23 21:29:52,280 - httpx - INFO - HTTP Request: HEAD https://www.coroflot.com/ivan.versteegh@gmail.com "HTTP/1.1 404 Not Found"
2026-03-23 21:29:52,815 - httpx - INFO - HTTP Request: HEAD https://cplusplus.com/user/ivan.versteegh@gmail.com "HTTP/1.1 200 OK"
2026-03-23 21:29:53,046 - httpx - INFO - HTTP Request: GET https://www.xvideos.com/account/checkemail?email=ivan.versteegh%40gmail.com "HTTP/1.1 200 OK"
2026-03-23 21:29:53,813 - httpx - INFO - HTTP Request: HEAD https://www.cracked.com/members/ivan.versteegh@gmail.com/ "HTTP/1.1 301 Moved Permanently"
2026-03-23 21:29:54,315 - httpx - INFO - HTTP Request: HEAD http://test-pools-06.cracked.com/members/ivan.versteegh@gmail.com "HTTP/1.1 301 Moved Permanently"
2026-03-23 21:29:54,644 - httpx - INFO - HTTP Request: HEAD https://www.cracked.com/members/ivan.versteegh@gmail.com "HTTP/1.1 302 Moved Temporarily"
2026-03-23 21:29:54,746 - httpx - INFO - HTTP Request: POST https://sm-prod2.any.do/check_email "HTTP/1.1 200 OK"
2026-03-23 21:29:54,916 - httpx - INFO - HTTP Request: HEAD https://www.cracked.com/ "HTTP/1.1 200 OK"
2026-03-23 21:29:55,417 - httpx - INFO - HTTP Request: GET https://www.evernote.com/Login.action "HTTP/1.1 302 Found"
2026-03-23 21:29:55,913 - httpx - INFO - HTTP Request: GET https://www.evernote.com/login?targetUrl= "HTTP/1.1 302 Found"
2026-03-23 21:29:56,612 - httpx - INFO - HTTP Request: GET https://accounts.evernote.com/auth/authorize?build_type=web&client_consumer_key=en-web&client_id=4c45c94e-1391-4fee-8e8f-6a58903673dc&code_challenge=uSP2pdl5Cscacbsf17B4tra9AF_2dRT4PpTLZUMfrb0&code_challenge_method=S256&oauth_provider=email%3Alogin&redirect_uri=https%3A%2F%2Fwww.evernote.com%2Flogin&response_type=code&state=104ca34ef26c92918b8e6339f243e8d1d00470f638a29f80b9ea3db73a78322b&local_storage_id&ignore_session "HTTP/1.1 302 Found"
2026-03-23 21:29:56,728 - httpx - INFO - HTTP Request: GET https://accounts.evernote.com/login "HTTP/1.1 200 OK"
2026-03-23 21:29:58,651 - httpx - INFO - HTTP Request: GET https://www.eventbrite.com/signin/?referrer=%2F "HTTP/1.1 200 OK"
2026-03-23 21:29:59,230 - httpx - INFO - HTTP Request: POST https://www.eventbrite.com/api/v3/users/lookup/ "HTTP/1.1 200 OK"
2026-03-23 21:30:00,041 - httpx - INFO - HTTP Request: HEAD https://cracked.sh/ivan.versteegh@gmail.com "HTTP/1.1 404 Not Found"
2026-03-23 21:30:00,492 - httpx - INFO - HTTP Request: GET https://account.samsung.com/accounts/v1/Samsung_com_FR/signUp "HTTP/1.1 302 Found"
2026-03-23 21:30:00,758 - httpx - INFO - HTTP Request: HEAD https://www.credly.com/users/ivan.versteegh@gmail.com "HTTP/1.1 404 Not Found"
2026-03-23 21:30:01,659 - httpx - INFO - HTTP Request: GET https://v3.account.samsung.com/membership/intro "HTTP/1.1 404 Not Found"
2026-03-23 21:30:01,922 - httpx - INFO - HTTP Request: HEAD https://crowdin.com/profile/ivan.versteegh@gmail.com "HTTP/1.1 404 Not Found"
2026-03-23 21:30:02,272 - httpx - INFO - HTTP Request: GET https://www.codecademy.com/register?redirect=%2F "HTTP/1.1 403 Forbidden"
2026-03-23 21:30:02,687 - httpx - INFO - HTTP Request: GET https://codepen.io/accounts/signup/user/free "HTTP/1.1 403 Forbidden"
2026-03-23 21:30:03,044 - werkzeug - INFO - 127.0.0.1 - - [23/Mar/2026 21:30:03] "GET /api/history HTTP/1.1" 200 -
2026-03-23 21:30:03,050 - werkzeug - INFO - 127.0.0.1 - - [23/Mar/2026 21:30:03] "GET /api/archive?q=&tool= HTTP/1.1" 200 -
2026-03-23 21:30:03,696 - httpx - INFO - HTTP Request: POST https://devrant.com/api/users "HTTP/1.1 200 OK"
2026-03-23 21:30:04,126 - httpx - INFO - HTTP Request: HEAD https://cryptohack.org/user/ivan.versteegh@gmail.com/ "HTTP/1.1 302 FOUND"
2026-03-23 21:30:04,337 - httpx - INFO - HTTP Request: HEAD https://cryptohack.org/ "HTTP/1.1 200 OK"
2026-03-23 21:30:04,458 - httpx - INFO - HTTP Request: GET https://github.com/join "HTTP/1.1 302 Found"
2026-03-23 21:30:04,723 - httpx - INFO - HTTP Request: GET https://github.com/signup "HTTP/1.1 200 OK"
2026-03-23 21:30:05,279 - httpx - INFO - HTTP Request: HEAD https://community.cryptomator.org/u/ivan.versteegh@gmail.com "HTTP/1.1 404 Not Found"
2026-03-23 21:30:06,391 - httpx - INFO - HTTP Request: POST https://replit.com/data/user/exists "HTTP/1.1 403 Forbidden"
2026-03-23 21:30:06,394 - httpx - INFO - HTTP Request: HEAD https://cults3d.com/en/users/ivan.versteegh@gmail.com/creations "HTTP/1.1 404 Not Found"
2026-03-23 21:30:07,276 - httpx - INFO - HTTP Request: GET https://teamtreehouse.com/subscribe/new?trial=yes "HTTP/1.1 200 OK"
2026-03-23 21:30:07,318 - httpx - INFO - HTTP Request: HEAD https://cyberdefenders.org/p/ivan.versteegh@gmail.com "HTTP/1.1 301 Moved Permanently"
2026-03-23 21:30:07,625 - httpx - INFO - HTTP Request: HEAD https://cyberdefenders.org/p/ivan.versteegh@gmail.com/ "HTTP/1.1 404 Not Found"
2026-03-23 21:30:07,773 - httpx - INFO - HTTP Request: POST https://teamtreehouse.com/account/email_address "HTTP/1.1 200 OK"
2026-03-23 21:30:08,389 - httpx - INFO - HTTP Request: HEAD https://dev.to/ivan.versteegh@gmail.com "HTTP/1.1 404 Not Found"
2026-03-23 21:30:09,209 - httpx - INFO - HTTP Request: POST https://www.vrbo.com/auth/aam/v3/status "HTTP/1.1 429 Too Many Requests"
2026-03-23 21:30:09,728 - httpx - INFO - HTTP Request: HEAD https://dmoj.ca/user/ivan.versteegh@gmail.com "HTTP/1.1 404 Not Found"
2026-03-23 21:30:10,403 - httpx - INFO - HTTP Request: GET https://www.amazon.com/ap/signin?openid.pape.max_auth_age=0&openid.return_to=https%3A%2F%2Fwww.amazon.com%2F%3F_encoding%3DUTF8%26ref_%3Dnav_ya_signin&openid.identity=http%3A%2F%2Fspecs.openid.net%2Fauth%2F2.0%2Fidentifier_select&openid.assoc_handle=usflex&openid.mode=checkid_setup&openid.claimed_id=http%3A%2F%2Fspecs.openid.net%2Fauth%2F2.0%2Fidentifier_select&openid.ns=http%3A%2F%2Fspecs.openid.net%2Fauth%2F2.0& "HTTP/1.1 200 OK"
2026-03-23 21:30:10,614 - httpx - INFO - HTTP Request: HEAD https://www.dailymotion.com/ivan.versteegh@gmail.com "HTTP/1.1 404 Not Found"
2026-03-23 21:30:11,004 - httpx - INFO - HTTP Request: POST https://www.amazon.com/ap/signin/ "HTTP/1.1 200 OK"
2026-03-23 21:30:12,133 - httpx - INFO - HTTP Request: HEAD https://gallog.dcinside.com/ivan.versteegh@gmail.com "HTTP/1.1 404 Not Found"
2026-03-23 21:30:12,474 - httpx - INFO - HTTP Request: POST https://www.armurerie-auxerre.com/customer/Email/email/ "HTTP/1.1 404 Not Found"
2026-03-23 21:30:12,818 - httpx - INFO - HTTP Request: HEAD https://www.dealabs.com/profile/ivan.versteegh@gmail.com "HTTP/1.1 200 OK"
2026-03-23 21:30:13,597 - httpx - INFO - HTTP Request: HEAD https://www.deviantart.com/ivan.versteegh@gmail.com "HTTP/1.1 404 Not Found"
2026-03-23 21:30:14,169 - httpx - INFO - HTTP Request: GET https://commande.dominos.fr/eStore/fr/Signup "HTTP/1.1 403 Forbidden"
2026-03-23 21:30:14,348 - httpx - INFO - HTTP Request: HEAD https://forums.digitalspy.com/profile/ivan.versteegh@gmail.com "HTTP/1.1 404 Not Found"
2026-03-23 21:30:14,849 - httpx - INFO - HTTP Request: HEAD https://www.discogs.com/user/ivan.versteegh@gmail.com "HTTP/1.1 403 Forbidden"
2026-03-23 21:30:15,247 - httpx - INFO - HTTP Request: GET https://commande.dominos.fr/eStore/fr/Signup/IsEmailAvailable?email=ivan.versteegh%40gmail.com "HTTP/1.1 403 Forbidden"
2026-03-23 21:30:15,754 - werkzeug - INFO - 127.0.0.1 - - [23/Mar/2026 21:30:15] "GET /api/history HTTP/1.1" 200 -
2026-03-23 21:30:15,760 - werkzeug - INFO - 127.0.0.1 - - [23/Mar/2026 21:30:15] "GET /api/archive?q=&tool= HTTP/1.1" 200 -
2026-03-23 21:30:16,328 - httpx - INFO - HTTP Request: HEAD https://www.discogs.com/user/ivan.versteegh@gmail.com "HTTP/1.1 403 Forbidden"
2026-03-23 21:30:16,520 - httpx - INFO - HTTP Request: GET https://www.ebay.com/signin/ "HTTP/1.1 301 Moved Permanently"
2026-03-23 21:30:17,671 - httpx - INFO - HTTP Request: GET https://signin.ebay.com/signin/ "HTTP/1.1 307 Temporary Redirect"
2026-03-23 21:30:18,069 - httpx - INFO - HTTP Request: HEAD https://discord.com "HTTP/1.1 200 OK"
2026-03-23 21:30:18,098 - httpx - INFO - HTTP Request: GET https://www.ebay.com/splashui/captcha?ap=1&appName=orch&ru=https%3A%2F%2Fsignin.ebay.com%2Fsignin%2F&iid=93b02bb5-82b9-438c-b9a3-c01acb62c10c&iim=eMTQ2LjG&iia=ILcwLjE5tl&iiz=SNQOC41OQ**QRk "HTTP/1.1 200 OK"
2026-03-23 21:30:20,061 - httpx - INFO - HTTP Request: POST https://account.envato.com/api/validate_email "HTTP/1.1 403 Forbidden"
2026-03-23 21:30:21,098 - httpx - INFO - HTTP Request: HEAD https://discords.com/api-v2/bio/details/ivan.versteegh@gmail.com "HTTP/1.1 500 Internal Server Error"
2026-03-23 21:30:21,212 - httpx - INFO - HTTP Request: GET https://sso.garmin.com/sso/createNewAccount?service=https%3A%2F%2Fwww.garmin.com%2Ffr-FR%2Faccount%2Fprofile%2F&webhost=https%3A%2F%2Fwww.garmin.com%2Ffr-FR%2Faccount%2Fcreate%2F&source=https%3A%2F%2Fwww.garmin.com%2Ffr-FR%2Faccount%2Fcreate%2F&redirectAfterAccountLoginUrl=https%3A%2F%2Fwww.garmin.com%2Ffr-FR%2Faccount%2Fprofile%2F&redirectAfterAccountCreationUrl=https%3A%2F%2Fwww.garmin.com%2Ffr-FR%2Faccount%2Fprofile%2F&gauthHost=https%3A%2F%2Fsso.garmin.com%2Fsso&id=js__app__create__gauth-widget&cssUrl=https%3A%2F%2Fwww.garmin.com%2Faccount%2Fui%2Fcss%2Fcreate-account-v1.12.3-min.css&clientId=ACCOUNT_MANAGEMENT_CENTER&rememberMeShown=true&rememberMeChecked=undefined&createAccountShown=true&openCreateAccount=true&displayNameShown=false&consumeServiceTicket=true&initialFocus=true&embedWidget=false&generateExtraServiceTicket=true&generateTwoExtraServiceTickets=false&generateNoServiceTicket=false&globalOptInShown=true&globalOptInChecked=false&mobile=false&connectLegalTerms=false&showTermsOfUse=false&showPrivacyPolicy=false&showConnectLegalAge=false&locationPromptShown=false&showPassword=true&useCustomHeader=false&mfaRequired=false&rememberMyDeviceShown=false&rememberMyDeviceChecked=false "HTTP/1.1 403 Forbidden"
2026-03-23 21:30:22,680 - httpx - INFO - HTTP Request: POST https://www.naturabuy.fr/includes/ajax/register.php "HTTP/1.1 200 OK"
2026-03-23 21:30:22,684 - httpx - INFO - HTTP Request: HEAD https://discuss.elastic.co/u/ivan.versteegh@gmail.com "HTTP/1.1 404 Not Found"
2026-03-23 21:30:23,207 - httpx - INFO - HTTP Request: GET https://www.tunefind.com/user/join "HTTP/1.1 403 Forbidden"
2026-03-23 21:30:23,880 - httpx - INFO - HTTP Request: GET https://accounts.snapchat.com "HTTP/1.1 301 Moved Permanently"
2026-03-23 21:30:23,940 - httpx - INFO - HTTP Request: HEAD https://www.diskusjon.no "HTTP/1.1 200 OK"
2026-03-23 21:30:24,028 - httpx - INFO - HTTP Request: GET https://accounts.snapchat.com/accounts/v2/login "HTTP/1.1 308 Permanent Redirect"
2026-03-23 21:30:24,192 - httpx - INFO - HTTP Request: GET https://accounts.snapchat.com/v2/login "HTTP/1.1 200 OK"
2026-03-23 21:30:24,501 - httpx - INFO - HTTP Request: HEAD https://disqus.com/ivan.versteegh@gmail.com "HTTP/1.1 404 NOT FOUND"
2026-03-23 21:30:25,033 - httpx - INFO - HTTP Request: GET https://crevado.com "HTTP/1.1 404 Not Found"
2026-03-23 21:30:25,577 - httpx - INFO - HTTP Request: HEAD https://hub.docker.com/u/ivan.versteegh@gmail.com/ "HTTP/1.1 404 Not Found"
2026-03-23 21:30:25,661 - httpx - INFO - HTTP Request: POST https://discord.com/api/v8/auth/register "HTTP/1.1 400 Bad Request"
2026-03-23 21:30:26,191 - httpx - INFO - HTTP Request: HEAD https://dribbble.com/ivan.versteegh@gmail.com "HTTP/1.1 404 Not Found"
2026-03-23 21:30:26,377 - httpx - INFO - HTTP Request: POST https://www.fanpop.com/login/superlogin "HTTP/1.1 403 Forbidden"
2026-03-23 21:30:26,936 - httpx - INFO - HTTP Request: HEAD https://www.duolingo.com/profile/ivan.versteegh@gmail.com "HTTP/1.1 200 OK"
2026-03-23 21:30:27,889 - httpx - INFO - HTTP Request: GET https://imgur.com/register?redirect=%2Fuser "HTTP/1.1 200 OK"
2026-03-23 21:30:28,461 - httpx - INFO - HTTP Request: HEAD https://community.eintracht.de/fans/ivan.versteegh@gmail.com "HTTP/1.1 500 Internal Server Error"
2026-03-23 21:30:28,706 - httpx - INFO - HTTP Request: POST https://imgur.com/signin/ajax_email_available "HTTP/1.1 412 Precondition Failed"
2026-03-23 21:30:29,371 - httpx - INFO - HTTP Request: HEAD https://forums.envato.com/u/ivan.versteegh@gmail.com "HTTP/1.1 301 Moved Permanently"
2026-03-23 21:30:29,409 - httpx - INFO - HTTP Request: GET https://www.instagram.com/accounts/emailsignup/ "HTTP/1.1 200 OK"
2026-03-23 21:30:30,178 - httpx - INFO - HTTP Request: HEAD https://help.author.envato.com/hc/en-us "HTTP/1.1 403 Forbidden"
2026-03-23 21:30:31,342 - httpx - INFO - HTTP Request: HEAD https://forums.envato.com/u/ivan.versteegh@gmail.com "HTTP/1.1 301 Moved Permanently"
2026-03-23 21:30:31,704 - httpx - INFO - HTTP Request: HEAD https://help.author.envato.com/hc/en-us "HTTP/1.1 403 Forbidden"
2026-03-23 21:30:31,807 - httpx - INFO - HTTP Request: GET https://www.ok.ru/dk?st.cmd=anonymMain&st.accRecovery=on&st.error=errors.password.wrong&st.email=ivan.versteegh@gmail.com "HTTP/1.1 301 "
2026-03-23 21:30:32,390 - httpx - INFO - HTTP Request: HEAD https://www.erome.com/ivan.versteegh@gmail.com "HTTP/1.1 404 Not Found"
2026-03-23 21:30:33,195 - httpx - INFO - HTTP Request: GET https://ok.ru/dk?st.cmd=anonymMain&st.accRecovery=on&st.error=errors.password.wrong&st.email=ivan.versteegh@gmail.com "HTTP/1.1 200 "
2026-03-23 21:30:33,333 - httpx - INFO - HTTP Request: HEAD https://www.exophase.com/user/ivan.versteegh@gmail.com/ "HTTP/1.1 403 Forbidden"
2026-03-23 21:30:33,662 - httpx - INFO - HTTP Request: GET https://www.ok.ru/dk?st.cmd=anonymRecoveryAfterFailedLogin&st._aid=LeftColumn_Login_ForgotPassword "HTTP/1.1 301 "
2026-03-23 21:30:33,920 - httpx - INFO - HTTP Request: GET https://ok.ru/dk?st.cmd=anonymRecoveryAfterFailedLogin&st._aid=LeftColumn_Login_ForgotPassword "HTTP/1.1 302 "
2026-03-23 21:30:34,706 - httpx - INFO - HTTP Request: GET https://ok.ru/dk?st.cmd=anonymRecoveryStart "HTTP/1.1 200 "
2026-03-23 21:30:34,837 - httpx - INFO - HTTP Request: HEAD https://www.exophase.com/user/ivan.versteegh@gmail.com/ "HTTP/1.1 403 Forbidden"
2026-03-23 21:30:35,685 - httpx - INFO - HTTP Request: POST https://api.parler.com/v2/login/new "HTTP/1.1 301 Moved Permanently"
2026-03-23 21:30:36,759 - httpx - INFO - HTTP Request: HEAD https://www.eyeem.com/u/ivan.versteegh@gmail.com "HTTP/1.1 301 Moved Permanently"
2026-03-23 21:30:36,873 - httpx - INFO - HTTP Request: GET https://app.parler.com "HTTP/1.1 302 Found"
2026-03-23 21:30:37,204 - httpx - INFO - HTTP Request: GET http://app.parler.com/?start=web_92848fd78d3fdbbce1f580e37863ee85 "HTTP/1.1 301 Moved Permanently"
2026-03-23 21:30:37,433 - httpx - INFO - HTTP Request: GET https://app.parler.com/?start=web_92848fd78d3fdbbce1f580e37863ee85 "HTTP/1.1 200 OK"
2026-03-23 21:30:37,762 - httpx - INFO - HTTP Request: HEAD https://www.freepik.com/photos "HTTP/1.1 403 Forbidden"
2026-03-23 21:30:38,537 - httpx - INFO - HTTP Request: POST https://www.patreon.com/api/email/available?json-api-version=1.0&include=%5B%5D "HTTP/1.1 404 Not Found"
2026-03-23 21:30:39,096 - httpx - INFO - HTTP Request: GET https://www.pinterest.com/_ngjs/resource/EmailExistsResource/get/?source_url=%2F&data=%7B%22options%22%3A+%7B%22email%22%3A+%22ivan.versteegh%40gmail.com%22%7D%2C+%22context%22%3A+%7B%7D%7D "HTTP/1.1 403 Forbidden"
2026-03-23 21:30:39,106 - httpx - INFO - HTTP Request: HEAD https://www.eyeem.com/u/ivan.versteegh@gmail.com "HTTP/1.1 301 Moved Permanently"
2026-03-23 21:30:39,240 - httpx - INFO - HTTP Request: HEAD https://www.freepik.com/photos "HTTP/1.1 403 Forbidden"
2026-03-23 21:30:40,194 - httpx - INFO - HTTP Request: POST https://www.plurk.com/Users/isEmailFound "HTTP/1.1 200 OK"
2026-03-23 21:30:40,982 - httpx - INFO - HTTP Request: HEAD https://fameswap.com/user/ivan.versteegh@gmail.com "HTTP/1.1 403 Forbidden"
2026-03-23 21:30:41,083 - httpx - INFO - HTTP Request: GET https://accounts.snapchat.com "HTTP/1.1 301 Moved Permanently"
2026-03-23 21:30:41,231 - httpx - INFO - HTTP Request: GET https://accounts.snapchat.com/accounts/v2/login "HTTP/1.1 308 Permanent Redirect"
2026-03-23 21:30:41,396 - httpx - INFO - HTTP Request: GET https://accounts.snapchat.com/v2/login "HTTP/1.1 200 OK"
2026-03-23 21:30:42,111 - httpx - INFO - HTTP Request: HEAD https://fameswap.com/user/ivan.versteegh@gmail.com "HTTP/1.1 403 Forbidden"
2026-03-23 21:30:42,950 - httpx - INFO - HTTP Request: HEAD https://www.fandom.com/u/ivan.versteegh@gmail.com "HTTP/1.1 403 Forbidden"
2026-03-23 21:30:43,296 - httpx - INFO - HTTP Request: GET https://www.strava.com/register/free?cta=sign-up&element=button&source=website_show "HTTP/1.1 200 OK"
2026-03-23 21:30:43,994 - httpx - INFO - HTTP Request: GET https://www.strava.com/athletes/email_unique?email=ivan.versteegh%40gmail.com "HTTP/1.1 404 Not Found"
2026-03-23 21:30:45,164 - httpx - INFO - HTTP Request: POST https://www.taringa.net/api/auth/availability/email "HTTP/1.1 200 OK"
2026-03-23 21:30:45,501 - httpx - INFO - HTTP Request: HEAD https://www.fandom.com/u/ivan.versteegh@gmail.com "HTTP/1.1 403 Forbidden"
2026-03-23 21:30:45,685 - httpx - INFO - HTTP Request: GET https://api.tellonym.me/accounts/check?email=ivan.versteegh%40gmail.com&errorMessage=&limit=25 "HTTP/1.1 403 Forbidden"
2026-03-23 21:30:45,752 - werkzeug - INFO - 127.0.0.1 - - [23/Mar/2026 21:30:45] "GET /api/history HTTP/1.1" 200 -
2026-03-23 21:30:45,759 - werkzeug - INFO - 127.0.0.1 - - [23/Mar/2026 21:30:45] "GET /api/archive?q=&tool= HTTP/1.1" 200 -
2026-03-23 21:30:45,900 - httpx - INFO - HTTP Request: HEAD https://www.fanpop.com/fans/ivan.versteegh@gmail.com "HTTP/1.1 403 Forbidden"
2026-03-23 21:30:47,372 - httpx - INFO - HTTP Request: GET https://www.tumblr.com/ "HTTP/1.1 403 Forbidden"
2026-03-23 21:30:47,413 - httpx - INFO - HTTP Request: HEAD https://www.fanpop.com/fans/ivan.versteegh@gmail.com "HTTP/1.1 403 Forbidden"
2026-03-23 21:30:47,953 - httpx - INFO - HTTP Request: GET https://api.twitter.com/i/users/email_available.json?email=ivan.versteegh%40gmail.com "HTTP/1.1 200 OK"
2026-03-23 21:30:48,568 - httpx - INFO - HTTP Request: GET https://api.vsco.co/2.0/users/email?email=ivan.versteegh@gmail.com "HTTP/1.1 403 Forbidden"
2026-03-23 21:30:49,392 - httpx - INFO - HTTP Request: HEAD https://www.finanzfrage.net/nutzer/ivan.versteegh@gmail.com "HTTP/1.1 404 Not Found"
2026-03-23 21:30:49,491 - httpx - INFO - HTTP Request: GET https://www.wattpad.com "HTTP/1.1 200 OK"
2026-03-23 21:30:49,744 - httpx - INFO - HTTP Request: GET https://www.wattpad.com/api/v3/users/validate?email=ivan.versteegh%40gmail.com "HTTP/1.1 200 OK"
2026-03-23 21:30:50,046 - httpx - INFO - HTTP Request: HEAD https://www.flickr.com/people/ivan.versteegh@gmail.com "HTTP/1.1 404 Not Found"
2026-03-23 21:30:50,841 - httpx - INFO - HTTP Request: GET https://www.xing.com/start/signup?registration=1 "HTTP/1.1 200 OK"
2026-03-23 21:30:51,011 - httpx - INFO - HTTP Request: HEAD https://my.flightradar24.com/ivan.versteegh@gmail.com "HTTP/1.1 200 OK"
2026-03-23 21:30:51,288 - httpx - INFO - HTTP Request: POST https://www.xing.com/welcome/api/signup/validate "HTTP/1.1 404 Not Found"
2026-03-23 21:30:51,657 - httpx - INFO - HTTP Request: HEAD https://flipboard.com/@ivan.versteegh@gmail.com "HTTP/1.1 404 Not Found"
2026-03-23 21:30:52,289 - httpx - INFO - HTTP Request: POST https://auth.services.adobe.com/signin/v1/authenticationstate "HTTP/1.1 401 Unauthorized"
2026-03-23 21:30:53,077 - httpx - INFO - HTTP Request: HEAD https://www.rusfootball.info/user/ivan.versteegh@gmail.com/ "HTTP/1.1 200 OK"
2026-03-23 21:30:53,127 - httpx - INFO - HTTP Request: POST https://archive.org/account/signup "HTTP/1.1 200 OK"
2026-03-23 21:30:53,662 - httpx - INFO - HTTP Request: POST https://hub.docker.com/v2/users/signup/ "HTTP/1.1 404 Not Found"
2026-03-23 21:30:53,683 - httpx - INFO - HTTP Request: HEAD https://fortnitetracker.com/profile/all/ivan.versteegh@gmail.com "HTTP/1.1 403 Forbidden"
2026-03-23 21:30:55,195 - httpx - INFO - HTTP Request: HEAD https://fortnitetracker.com/profile/all/ivan.versteegh@gmail.com "HTTP/1.1 403 Forbidden"
2026-03-23 21:30:55,503 - httpx - INFO - HTTP Request: POST https://api.accounts.firefox.com/v1/account/status "HTTP/1.1 200 OK"
2026-03-23 21:30:56,067 - httpx - INFO - HTTP Request: GET https://issuu.com/call/signup/check-email/ivan.versteegh@gmail.com "HTTP/1.1 503 Service Unavailable"
2026-03-23 21:30:56,080 - httpx - INFO - HTTP Request: HEAD https://www.forumophilia.com/profile.php?mode=viewprofile&u=ivan.versteegh@gmail.com "HTTP/1.1 200 OK"
2026-03-23 21:30:56,751 - httpx - INFO - HTTP Request: HEAD https://fosstodon.org/@ivan.versteegh@gmail.com "HTTP/1.1 200 OK"
2026-03-23 21:30:57,083 - httpx - INFO - HTTP Request: GET https://lastpass.com/create_account.php?check=avail&skipcontent=1&mistype=1&username=ivan.versteegh%40gmail.com "HTTP/1.1 200 OK"
2026-03-23 21:30:57,954 - httpx - INFO - HTTP Request: HEAD https://framapiaf.org/@ivan.versteegh@gmail.com "HTTP/1.1 200 OK"
2026-03-23 21:30:58,496 - httpx - INFO - HTTP Request: HEAD https://www.freelancer.com/u/ivan.versteegh@gmail.com "HTTP/1.1 403 Forbidden"
2026-03-23 21:30:58,668 - httpx - INFO - HTTP Request: GET https://outlook.office365.com/autodiscover/autodiscover.json/v1.0/161398034473658191225836305427@gmail.com?Protocol=Autodiscoverv1 "HTTP/1.1 302 Found"
2026-03-23 21:30:58,906 - httpx - INFO - HTTP Request: GET https://outlook.office365.com/autodiscover/autodiscover.json/v1.0/ivan.versteegh@gmail.com?Protocol=Autodiscoverv1 "HTTP/1.1 200 OK"
2026-03-23 21:30:59,800 - httpx - INFO - HTTP Request: HEAD https://api.bodybuilding.com/profile/email/ivan.versteegh@gmail.com "HTTP/1.1 404 Not Found"
2026-03-23 21:30:59,939 - httpx - INFO - HTTP Request: HEAD https://www.freelancer.com/u/ivan.versteegh@gmail.com "HTTP/1.1 403 Forbidden"
2026-03-23 21:31:00,547 - httpx - INFO - HTTP Request: GET https://www.blablacar.fr/register "HTTP/1.1 403 Forbidden"
2026-03-23 21:31:01,399 - httpx - INFO - HTTP Request: HEAD https://freesound.org/people/ivan.versteegh@gmail.com/ "HTTP/1.1 404 Not Found"
2026-03-23 21:31:01,874 - httpx - INFO - HTTP Request: HEAD https://gitlab.gnome.org/ivan.versteegh@gmail.com "HTTP/1.1 406 Not Acceptable"
2026-03-23 21:31:04,092 - httpx - INFO - HTTP Request: HEAD https://www.gaiaonline.com/profiles/ivan.versteegh@gmail.com "HTTP/1.1 200 OK"
2026-03-23 21:31:04,755 - httpx - INFO - HTTP Request: HEAD https://www.gamespot.com/profile/ivan.versteegh@gmail.com/ "HTTP/1.1 403 Forbidden"
2026-03-23 21:31:06,095 - werkzeug - INFO - 127.0.0.1 - - [23/Mar/2026 21:31:06] "GET /api/history HTTP/1.1" 200 -
2026-03-23 21:31:06,100 - werkzeug - INFO - 127.0.0.1 - - [23/Mar/2026 21:31:06] "GET /api/archive?q=&tool= HTTP/1.1" 200 -
2026-03-23 21:31:06,386 - httpx - INFO - HTTP Request: HEAD https://www.gamespot.com/profile/ivan.versteegh@gmail.com/ "HTTP/1.1 403 Forbidden"
2026-03-23 21:31:07,327 - httpx - INFO - HTTP Request: HEAD https://gamefaqs.gamespot.com/community/ivan.versteegh@gmail.com "HTTP/1.1 403 Forbidden"
2026-03-23 21:31:08,943 - httpx - INFO - HTTP Request: HEAD https://gamefaqs.gamespot.com/community/ivan.versteegh@gmail.com "HTTP/1.1 403 Forbidden"
2026-03-23 21:31:09,828 - httpx - INFO - HTTP Request: HEAD https://auth.geeksforgeeks.org/user/ivan.versteegh@gmail.com "HTTP/1.1 302 Found"
2026-03-23 21:31:10,479 - httpx - INFO - HTTP Request: HEAD https://www.geeksforgeeks.org/user/ivan.versteegh@gmail.com/ "HTTP/1.1 301 Moved Permanently"
2026-03-23 21:31:11,114 - httpx - INFO - HTTP Request: HEAD https://www.geeksforgeeks.org/profile/ivan.versteegh@gmail.com "HTTP/1.1 200 OK"
2026-03-23 21:31:15,753 - werkzeug - INFO - 127.0.0.1 - - [23/Mar/2026 21:31:15] "GET /api/archive?q=&tool= HTTP/1.1" 200 -
2026-03-23 21:31:15,758 - werkzeug - INFO - 127.0.0.1 - - [23/Mar/2026 21:31:15] "GET /api/history HTTP/1.1" 200 -
2026-03-23 21:31:18,284 - httpx - INFO - HTTP Request: HEAD https://genius.com/ivan.versteegh@gmail.com "HTTP/1.1 301 Moved Permanently"
2026-03-23 21:31:18,745 - httpx - INFO - HTTP Request: HEAD http://genius.it/ivan.versteegh@gmail.com "HTTP/1.1 405 Method Not Allowed"
2026-03-23 21:31:19,818 - httpx - INFO - HTTP Request: HEAD https://www.gesundheitsfrage.net/nutzer/ivan.versteegh@gmail.com "HTTP/1.1 404 Not Found"
2026-03-23 21:31:21,402 - httpx - INFO - HTTP Request: HEAD https://www.getmyuni.com/user/ivan.versteegh@gmail.com "HTTP/1.1 404 Not Found"
2026-03-23 21:31:21,993 - httpx - INFO - HTTP Request: HEAD https://www.giantbomb.com/profile/ivan.versteegh@gmail.com/ "HTTP/1.1 301 Moved Permanently"
2026-03-23 21:31:22,511 - httpx - INFO - HTTP Request: HEAD https://giantbomb.com/profile/ivan.versteegh@gmail.com/ "HTTP/1.1 403 Forbidden"
2026-03-23 21:31:23,640 - httpx - INFO - HTTP Request: HEAD https://www.giantbomb.com/profile/ivan.versteegh@gmail.com/ "HTTP/1.1 301 Moved Permanently"
2026-03-23 21:31:25,467 - httpx - INFO - HTTP Request: HEAD https://giantbomb.com/profile/ivan.versteegh@gmail.com/ "HTTP/1.1 403 Forbidden"
2026-03-23 21:31:26,218 - httpx - INFO - HTTP Request: HEAD https://giphy.com/ivan.versteegh@gmail.com "HTTP/1.1 404 Not Found"
2026-03-23 21:31:28,233 - httpx - INFO - HTTP Request: HEAD https://www.github.com/ivan.versteegh@gmail.com "HTTP/1.1 301 Moved Permanently"
2026-03-23 21:31:28,850 - httpx - INFO - HTTP Request: HEAD https://github.com/ivan.versteegh@gmail.com "HTTP/1.1 404 Not Found"
2026-03-23 21:31:29,575 - httpx - INFO - HTTP Request: HEAD https://warframe.market/profile/ivan.versteegh@gmail.com "HTTP/1.1 302 Found"
2026-03-23 21:31:29,699 - httpx - INFO - HTTP Request: HEAD https://warframe.market/error/404 "HTTP/1.1 403 Forbidden"
2026-03-23 21:31:31,578 - httpx - INFO - HTTP Request: HEAD https://warframe.market/profile/ivan.versteegh@gmail.com "HTTP/1.1 302 Found"
2026-03-23 21:31:31,700 - httpx - INFO - HTTP Request: HEAD https://warframe.market/error/404 "HTTP/1.1 403 Forbidden"
2026-03-23 21:31:32,682 - httpx - INFO - HTTP Request: HEAD https://gitlab.com/ivan.versteegh@gmail.com "HTTP/1.1 302 Found"
2026-03-23 21:31:32,811 - httpx - INFO - HTTP Request: HEAD https://gitlab.com/users/sign_in "HTTP/1.1 403 Forbidden"
2026-03-23 21:31:34,433 - httpx - INFO - HTTP Request: HEAD https://gitlab.com/ivan.versteegh@gmail.com "HTTP/1.1 302 Found"
2026-03-23 21:31:34,569 - httpx - INFO - HTTP Request: HEAD https://gitlab.com/users/sign_in "HTTP/1.1 403 Forbidden"
2026-03-23 21:31:38,863 - httpx - INFO - HTTP Request: HEAD https://gitee.com/ivan.versteegh@gmail.com "HTTP/1.1 404 Not Found"
2026-03-23 21:31:39,509 - httpx - INFO - HTTP Request: HEAD https://www.goodreads.com/ivan.versteegh@gmail.com "HTTP/1.1 404 Not Found"
2026-03-23 21:31:41,221 - httpx - INFO - HTTP Request: HEAD https://play.google.com/store/apps/developer?id=ivan.versteegh@gmail.com "HTTP/1.1 404 Not Found"
2026-03-23 21:31:41,927 - httpx - INFO - HTTP Request: HEAD https://plugins.gradle.org/u/ivan.versteegh@gmail.com "HTTP/1.1 404 Not Found"
2026-03-23 21:31:42,519 - httpx - INFO - HTTP Request: HEAD https://www.grailed.com/ivan.versteegh@gmail.com "HTTP/1.1 403 Forbidden"
2026-03-23 21:31:43,652 - httpx - INFO - HTTP Request: HEAD https://www.grailed.com/ivan.versteegh@gmail.com "HTTP/1.1 403 Forbidden"
2026-03-23 21:31:44,196 - httpx - INFO - HTTP Request: HEAD http://en.gravatar.com/ivan.versteegh@gmail.com "HTTP/1.1 301 Moved Permanently"
2026-03-23 21:31:44,823 - httpx - INFO - HTTP Request: HEAD https://en.gravatar.com/ivan.versteegh@gmail.com "HTTP/1.1 302 Found"
2026-03-23 21:31:45,700 - httpx - INFO - HTTP Request: HEAD https://gravatar.com/ivan.versteegh@gmail.com "HTTP/1.1 404 Not Found"
2026-03-23 21:31:45,827 - werkzeug - INFO - 127.0.0.1 - - [23/Mar/2026 21:31:45] "GET /api/history HTTP/1.1" 200 -
2026-03-23 21:31:45,837 - werkzeug - INFO - 127.0.0.1 - - [23/Mar/2026 21:31:45] "GET /api/archive?q=&tool= HTTP/1.1" 200 -
2026-03-23 21:31:46,405 - httpx - INFO - HTTP Request: HEAD https://www.gumroad.com/ivan.versteegh@gmail.com "HTTP/1.1 301 Moved Permanently"
2026-03-23 21:31:48,831 - httpx - INFO - HTTP Request: HEAD https://gumroad.com/ivan.versteegh@gmail.com "HTTP/1.1 404 Not Found"
2026-03-23 21:31:50,333 - httpx - INFO - HTTP Request: HEAD https://www.gutefrage.net/nutzer/ivan.versteegh@gmail.com "HTTP/1.1 404 Not Found"
2026-03-23 21:31:51,400 - httpx - INFO - HTTP Request: HEAD https://forum.hackthebox.com/u/ivan.versteegh@gmail.com "HTTP/1.1 404 Not Found"
2026-03-23 21:31:52,338 - httpx - INFO - HTTP Request: HEAD https://hackaday.io/ivan.versteegh@gmail.com "HTTP/1.1 404 Not Found"
2026-03-23 21:31:53,022 - httpx - INFO - HTTP Request: HEAD https://hackenproof.com/hackers/ivan.versteegh@gmail.com "HTTP/1.1 403 Forbidden"
2026-03-23 21:31:54,609 - httpx - INFO - HTTP Request: HEAD https://hackenproof.com/hackers/ivan.versteegh@gmail.com "HTTP/1.1 403 Forbidden"
2026-03-23 21:31:56,168 - httpx - INFO - HTTP Request: HEAD https://hackerearth.com/@ivan.versteegh@gmail.com "HTTP/1.1 302 Moved Temporarily"
2026-03-23 21:31:58,010 - httpx - INFO - HTTP Request: HEAD https://www.hackerearth.com/@ivan.versteegh@gmail.com "HTTP/1.1 404 Not Found"
2026-03-23 21:31:58,823 - httpx - INFO - HTTP Request: HEAD https://news.ycombinator.com/user?id=ivan.versteegh@gmail.com "HTTP/1.1 405 Not Allowed"
2026-03-23 21:31:59,749 - httpx - INFO - HTTP Request: HEAD https://hackerone.com/ivan.versteegh@gmail.com "HTTP/1.1 404 Not Found"
2026-03-23 21:32:00,439 - httpx - INFO - HTTP Request: HEAD https://hackerrank.com/ivan.versteegh@gmail.com "HTTP/1.1 301 Moved Permanently"
2026-03-23 21:32:01,492 - httpx - INFO - HTTP Request: HEAD https://www.hackerrank.com/ivan.versteegh@gmail.com "HTTP/1.1 404 Not Found"
2026-03-23 21:32:01,744 - werkzeug - INFO - 127.0.0.1 - - [23/Mar/2026 21:32:01] "GET /api/history HTTP/1.1" 200 -
2026-03-23 21:32:01,748 - werkzeug - INFO - 127.0.0.1 - - [23/Mar/2026 21:32:01] "GET /api/archive?q=&tool= HTTP/1.1" 200 -
2026-03-23 21:32:02,124 - httpx - INFO - HTTP Request: HEAD https://forum.hackersploit.org/u/ivan.versteegh@gmail.com "HTTP/1.1 404 Not Found"
2026-03-23 21:32:03,955 - httpx - INFO - HTTP Request: HEAD https://hackmd.io/@ivan.versteegh@gmail.com "HTTP/1.1 404 Not Found"
2026-03-23 21:32:04,732 - httpx - INFO - HTTP Request: HEAD https://scholar.harvard.edu/ivan.versteegh@gmail.com "HTTP/1.1 503 Service Unavailable"
2026-03-23 21:32:06,204 - httpx - INFO - HTTP Request: HEAD https://scholar.harvard.edu/ivan.versteegh@gmail.com "HTTP/1.1 503 Service Unavailable"
2026-03-23 21:32:07,123 - httpx - INFO - HTTP Request: HEAD https://hashnode.com/@ivan.versteegh@gmail.com "HTTP/1.1 200 OK"
2026-03-23 21:32:07,639 - httpx - INFO - HTTP Request: HEAD https://www.heavy-r.com/user/ivan.versteegh@gmail.com "HTTP/1.1 403 Forbidden"
2026-03-23 21:32:09,379 - httpx - INFO - HTTP Request: HEAD https://www.heavy-r.com/user/ivan.versteegh@gmail.com "HTTP/1.1 403 Forbidden"
2026-03-23 21:32:10,015 - httpx - INFO - HTTP Request: HEAD https://hive.blog/@ivan.versteegh@gmail.com "HTTP/1.1 404 Not Found"
2026-03-23 21:32:10,643 - httpx - INFO - HTTP Request: HEAD https://holopin.io/@ivan.versteegh@gmail.com "HTTP/1.1 308 Permanent Redirect"
2026-03-23 21:32:11,732 - httpx - INFO - HTTP Request: HEAD https://www.holopin.io/@ivan.versteegh@gmail.com "HTTP/1.1 200 OK"
2026-03-23 21:32:12,267 - httpx - INFO - HTTP Request: HEAD https://houzz.com/user/ivan.versteegh@gmail.com "HTTP/1.1 301 redirect"
2026-03-23 21:32:13,784 - httpx - INFO - HTTP Request: HEAD https://www.houzz.com/user/ivan.versteegh@gmail.com "HTTP/1.1 404 Not Found"
2026-03-23 21:32:14,738 - httpx - INFO - HTTP Request: HEAD https://hubpages.com/@ivan.versteegh@gmail.com "HTTP/1.1 404 Not Found"
2026-03-23 21:32:15,331 - httpx - INFO - HTTP Request: HEAD https://hubski.com/user/ivan.versteegh@gmail.com "HTTP/1.1 200 OK"
2026-03-23 21:32:15,766 - werkzeug - INFO - 127.0.0.1 - - [23/Mar/2026 21:32:15] "GET /api/history HTTP/1.1" 200 -
2026-03-23 21:32:15,772 - werkzeug - INFO - 127.0.0.1 - - [23/Mar/2026 21:32:15] "GET /api/archive?q=&tool= HTTP/1.1" 200 -
2026-03-23 21:32:16,853 - httpx - INFO - HTTP Request: HEAD https://cavalier.hudsonrock.com/api/json/v2/osint-tools/search-by-username?username=ivan.versteegh@gmail.com "HTTP/1.1 400 Bad Request"
2026-03-23 21:32:17,569 - httpx - INFO - HTTP Request: HEAD https://huggingface.co/ivan.versteegh@gmail.com "HTTP/1.1 404 Not Found"
2026-03-23 21:32:18,553 - httpx - INFO - HTTP Request: HEAD https://www.ifttt.com/p/ivan.versteegh@gmail.com "HTTP/1.1 301 Moved Permanently"
2026-03-23 21:32:19,198 - httpx - INFO - HTTP Request: HEAD https://ifttt.com/p/ivan.versteegh@gmail.com "HTTP/1.1 404 Not Found"
2026-03-23 21:32:20,231 - httpx - INFO - HTTP Request: HEAD https://ifunny.co/user/ivan.versteegh@gmail.com "HTTP/1.1 404 Not Found"
2026-03-23 21:32:21,099 - httpx - INFO - HTTP Request: HEAD https://irc-galleria.net/user/ivan.versteegh@gmail.com "HTTP/1.1 404 Not Found"
2026-03-23 21:32:22,065 - httpx - INFO - HTTP Request: HEAD https://community.icons8.com/u/ivan.versteegh@gmail.com/summary "HTTP/1.1 404 Not Found"
2026-03-23 21:32:23,092 - httpx - INFO - HTTP Request: HEAD https://www.imagefap.com/profile/ivan.versteegh@gmail.com "HTTP/1.1 404 Not Found"
2026-03-23 21:32:24,742 - httpx - INFO - HTTP Request: HEAD https://imgup.cz/ivan.versteegh@gmail.com "HTTP/1.1 404 Not Found"
2026-03-23 21:32:27,911 - httpx - INFO - HTTP Request: HEAD https://imgur.com/user/ivan.versteegh@gmail.com "HTTP/1.1 200 OK"
2026-03-23 21:32:28,577 - httpx - INFO - HTTP Request: HEAD https://www.imood.com/users/ivan.versteegh@gmail.com "HTTP/1.1 404 Not Found"
2026-03-23 21:32:29,305 - httpx - INFO - HTTP Request: HEAD https://instagram.com/ivan.versteegh@gmail.com "HTTP/1.1 301 Moved Permanently"
2026-03-23 21:32:30,520 - httpx - INFO - HTTP Request: HEAD https://www.instagram.com/ivan.versteegh@gmail.com "HTTP/1.1 200 OK"
2026-03-23 21:32:31,563 - httpx - INFO - HTTP Request: HEAD https://www.instapaper.com/p/ivan.versteegh@gmail.com "HTTP/1.1 404 Not Found"
2026-03-23 21:32:32,224 - httpx - INFO - HTTP Request: HEAD https://www.instructables.com/member/ivan.versteegh@gmail.com "HTTP/1.1 301 Moved Permanently"
2026-03-23 21:32:32,343 - httpx - INFO - HTTP Request: HEAD https://www.instructables.com/member/ivan.versteegh@gmail.com/ "HTTP/1.1 404 Not Found"
2026-03-23 21:32:33,439 - httpx - INFO - HTTP Request: HEAD https://app.intigriti.com/profile/ivan.versteegh@gmail.com "HTTP/1.1 403 Forbidden"
2026-03-23 21:32:35,285 - httpx - INFO - HTTP Request: HEAD https://app.intigriti.com/profile/ivan.versteegh@gmail.com "HTTP/1.1 403 Forbidden"
2026-03-23 21:32:36,018 - httpx - INFO - HTTP Request: HEAD https://forum.ionicframework.com/u/ivan.versteegh@gmail.com "HTTP/1.1 404 Not Found"
2026-03-23 21:32:36,486 - httpx - INFO - HTTP Request: HEAD https://issuu.com/ivan.versteegh@gmail.com "HTTP/1.1 404 Not Found"
2026-03-23 21:32:37,541 - httpx - INFO - HTTP Request: HEAD https://www.itemfix.com/c/ivan.versteegh@gmail.com "HTTP/1.1 200 OK"
2026-03-23 21:32:38,340 - httpx - INFO - HTTP Request: HEAD https://translate.jellyfin.org/user/ivan.versteegh@gmail.com/ "HTTP/1.0 404 Not found"
2026-03-23 21:32:39,712 - httpx - INFO - HTTP Request: HEAD https://discourse.joplinapp.org/u/ivan.versteegh@gmail.com "HTTP/1.1 404 Not Found"
2026-03-23 21:32:40,336 - httpx - INFO - HTTP Request: HEAD https://discourse.jupyter.org/u/ivan.versteegh@gmail.com/summary "HTTP/1.1 404 Not Found"
2026-03-23 21:32:40,869 - httpx - INFO - HTTP Request: HEAD https://www.kaggle.com/ivan.versteegh@gmail.com "HTTP/1.1 404 Not Found"
2026-03-23 21:32:42,769 - httpx - INFO - HTTP Request: HEAD https://www.kaskus.co.id/@ivan.versteegh@gmail.com "HTTP/1.1 200 OK"
2026-03-23 21:32:43,545 - httpx - INFO - HTTP Request: HEAD https://keybase.io/ivan.versteegh@gmail.com "HTTP/1.1 404 Not Found"
2026-03-23 21:32:44,745 - httpx - INFO - HTTP Request: HEAD https://kick.com/ivan.versteegh@gmail.com "HTTP/1.1 403 Forbidden"
2026-03-23 21:32:45,758 - werkzeug - INFO - 127.0.0.1 - - [23/Mar/2026 21:32:45] "GET /api/history HTTP/1.1" 200 -
2026-03-23 21:32:45,764 - werkzeug - INFO - 127.0.0.1 - - [23/Mar/2026 21:32:45] "GET /api/archive?q=&tool= HTTP/1.1" 200 -
2026-03-23 21:32:45,878 - httpx - INFO - HTTP Request: HEAD https://kick.com/ivan.versteegh@gmail.com "HTTP/1.1 403 Forbidden"
2026-03-23 21:32:47,573 - httpx - INFO - HTTP Request: HEAD https://kik.me/ivan.versteegh@gmail.com "HTTP/1.1 200 OK"
2026-03-23 21:32:48,345 - httpx - INFO - HTTP Request: HEAD https://www.kongregate.com/accounts/ivan.versteegh@gmail.com "HTTP/1.1 404 Not Found"
2026-03-23 21:32:50,028 - httpx - INFO - HTTP Request: HEAD https://forum.kvinneguiden.no "HTTP/1.1 200 OK"
2026-03-23 21:32:50,705 - httpx - INFO - HTTP Request: HEAD https://www.linux.org.ru/people/ivan.versteegh@gmail.com/profile "HTTP/1.1 404 "
2026-03-23 21:32:51,390 - httpx - INFO - HTTP Request: HEAD https://laracasts.com/@ivan.versteegh@gmail.com "HTTP/1.1 404 Not Found"
2026-03-23 21:32:53,589 - httpx - INFO - HTTP Request: HEAD https://launchpad.net/~ivan.versteegh@gmail.com "HTTP/1.1 404 Not Found"
2026-03-23 21:32:54,204 - httpx - INFO - HTTP Request: HEAD https://leetcode.com/ivan.versteegh@gmail.com "HTTP/1.1 403 Forbidden"
2026-03-23 21:32:55,972 - httpx - INFO - HTTP Request: HEAD https://leetcode.com/ivan.versteegh@gmail.com "HTTP/1.1 403 Forbidden"
2026-03-23 21:32:56,787 - httpx - INFO - HTTP Request: HEAD https://lemmy.world/u/ivan.versteegh@gmail.com "HTTP/1.1 500 Internal Server Error"
2026-03-23 21:32:57,471 - httpx - INFO - HTTP Request: HEAD https://www.lesswrong.com/users/ivan.versteegh@gmail.com "HTTP/1.1 200 OK"
2026-03-23 21:32:58,238 - httpx - INFO - HTTP Request: HEAD https://letterboxd.com/ivan.versteegh@gmail.com "HTTP/1.1 403 Forbidden"
2026-03-23 21:32:59,756 - httpx - INFO - HTTP Request: HEAD https://letterboxd.com/ivan.versteegh@gmail.com "HTTP/1.1 403 Forbidden"
2026-03-23 21:33:00,271 - httpx - INFO - HTTP Request: HEAD https://www.librarything.com/profile/ivan.versteegh@gmail.com "HTTP/1.1 403 Forbidden"
2026-03-23 21:33:02,079 - httpx - INFO - HTTP Request: HEAD https://www.librarything.com/profile/ivan.versteegh@gmail.com "HTTP/1.1 403 Forbidden"
2026-03-23 21:33:03,001 - httpx - INFO - HTTP Request: HEAD https://lichess.org/@/ivan.versteegh@gmail.com "HTTP/1.1 404 Not Found"
2026-03-23 21:33:03,987 - httpx - INFO - HTTP Request: HEAD https://linkedin.com/in/ivan.versteegh@gmail.com "HTTP/1.1 301 Moved Permanently"
2026-03-23 21:33:04,682 - httpx - INFO - HTTP Request: HEAD https://www.linkedin.com/in/ivan.versteegh@gmail.com "HTTP/1.1 405 Method Not Allowed"
2026-03-23 21:33:05,633 - httpx - INFO - HTTP Request: HEAD https://linktr.ee/ivan.versteegh@gmail.com "HTTP/1.1 404 Not Found"
2026-03-23 21:33:06,137 - werkzeug - INFO - 127.0.0.1 - - [23/Mar/2026 21:33:06] "GET /api/history HTTP/1.1" 200 -
2026-03-23 21:33:06,146 - werkzeug - INFO - 127.0.0.1 - - [23/Mar/2026 21:33:06] "GET /api/archive?q=&tool= HTTP/1.1" 200 -
2026-03-23 21:33:06,749 - httpx - INFO - HTTP Request: HEAD https://linuxfr.org/users/ivan.versteegh@gmail.com "HTTP/1.1 404 Not Found"
2026-03-23 21:33:07,511 - httpx - INFO - HTTP Request: HEAD https://listed.to/@ivan.versteegh@gmail.com "HTTP/1.1 404 Not Found"
2026-03-23 21:33:15,753 - werkzeug - INFO - 127.0.0.1 - - [23/Mar/2026 21:33:15] "GET /api/history HTTP/1.1" 200 -
2026-03-23 21:33:15,758 - werkzeug - INFO - 127.0.0.1 - - [23/Mar/2026 21:33:15] "GET /api/archive?q=&tool= HTTP/1.1" 200 -
2026-03-23 21:33:30,320 - httpx - INFO - HTTP Request: HEAD https://lottiefiles.com/ivan.versteegh@gmail.com "HTTP/1.1 403 Forbidden"
2026-03-23 21:33:31,895 - httpx - INFO - HTTP Request: HEAD https://lottiefiles.com/ivan.versteegh@gmail.com "HTTP/1.1 403 Forbidden"
2026-03-23 21:33:32,728 - httpx - INFO - HTTP Request: HEAD https://www.lushstories.com/profile/ivan.versteegh@gmail.com "HTTP/1.1 302 Found"
2026-03-23 21:33:32,916 - httpx - INFO - HTTP Request: HEAD https://www.lushstories.com/login "HTTP/1.1 200 OK"
2026-03-23 21:33:33,543 - httpx - INFO - HTTP Request: HEAD https://forums.mmorpg.com/profile/ivan.versteegh@gmail.com "HTTP/1.1 403 Forbidden"
2026-03-23 21:33:35,069 - httpx - INFO - HTTP Request: HEAD https://forums.mmorpg.com/profile/ivan.versteegh@gmail.com "HTTP/1.1 403 Forbidden"
2026-03-23 21:33:36,145 - httpx - INFO - HTTP Request: HEAD https://mamot.fr/@ivan.versteegh@gmail.com "HTTP/1.1 200 OK"
2026-03-23 21:33:36,745 - httpx - INFO - HTTP Request: HEAD https://medium.com/@ivan.versteegh@gmail.com "HTTP/1.1 403 Forbidden"
2026-03-23 21:33:38,161 - httpx - INFO - HTTP Request: HEAD https://medium.com/@ivan.versteegh@gmail.com "HTTP/1.1 403 Forbidden"
2026-03-23 21:33:38,966 - httpx - INFO - HTTP Request: HEAD https://www.memrise.com/user/ivan.versteegh@gmail.com/ "HTTP/1.1 301 Moved Permanently"
2026-03-23 21:33:39,893 - httpx - INFO - HTTP Request: HEAD https://app.memrise.com/user/ivan.versteegh@gmail.com/ "HTTP/1.1 404 Not Found"
2026-03-23 21:33:40,687 - httpx - INFO - HTTP Request: HEAD https://api.mojang.com/users/profiles/minecraft/ivan.versteegh@gmail.com "HTTP/1.1 404 Not Found"
2026-03-23 21:33:41,196 - httpx - INFO - HTTP Request: HEAD https://www.mixcloud.com/ivan.versteegh@gmail.com/ "HTTP/1.1 403 Forbidden"
2026-03-23 21:33:42,705 - httpx - INFO - HTTP Request: HEAD https://www.mixcloud.com/ivan.versteegh@gmail.com/ "HTTP/1.1 403 Forbidden"
2026-03-23 21:33:43,284 - httpx - INFO - HTTP Request: HEAD https://monkeytype.com/profile/ivan.versteegh@gmail.com "HTTP/1.1 200 OK"
2026-03-23 21:33:44,259 - httpx - INFO - HTTP Request: HEAD https://motherless.com/m/ivan.versteegh@gmail.com "HTTP/1.1 200 OK"
2026-03-23 21:33:45,222 - httpx - INFO - HTTP Request: HEAD https://www.motorradfrage.net/nutzer/ivan.versteegh@gmail.com "HTTP/1.1 404 Not Found"
2026-03-23 21:33:45,756 - werkzeug - INFO - 127.0.0.1 - - [23/Mar/2026 21:33:45] "GET /api/history HTTP/1.1" 200 -
2026-03-23 21:33:45,767 - werkzeug - INFO - 127.0.0.1 - - [23/Mar/2026 21:33:45] "GET /api/archive?q=&tool= HTTP/1.1" 200 -
2026-03-23 21:33:45,870 - httpx - INFO - HTTP Request: HEAD https://musescore.com/ivan.versteegh@gmail.com "HTTP/1.1 403 Forbidden"
2026-03-23 21:33:47,005 - httpx - INFO - HTTP Request: HEAD https://musescore.com/ivan.versteegh@gmail.com "HTTP/1.1 403 Forbidden"
2026-03-23 21:33:47,658 - httpx - INFO - HTTP Request: HEAD https://myanimelist.net/profile/ivan.versteegh@gmail.com "HTTP/1.1 404 Not Found"
2026-03-23 21:33:48,699 - httpx - INFO - HTTP Request: HEAD https://www.myminifactory.com/users/ivan.versteegh@gmail.com "HTTP/1.1 403 Forbidden"
2026-03-23 21:33:50,220 - httpx - INFO - HTTP Request: HEAD https://www.myminifactory.com/users/ivan.versteegh@gmail.com "HTTP/1.1 403 Forbidden"
2026-03-23 21:33:50,735 - httpx - INFO - HTTP Request: HEAD https://www.mydramalist.com/profile/ivan.versteegh@gmail.com "HTTP/1.1 403 Forbidden"
2026-03-23 21:33:52,254 - httpx - INFO - HTTP Request: HEAD https://www.mydramalist.com/profile/ivan.versteegh@gmail.com "HTTP/1.1 403 Forbidden"
2026-03-23 21:33:54,032 - httpx - INFO - HTTP Request: HEAD https://community.native-instruments.com/profile/ivan.versteegh@gmail.com "HTTP/1.1 404 Not Found"
2026-03-23 21:33:54,653 - httpx - INFO - HTTP Request: HEAD https://namu.wiki/w/%EC%82%AC%EC%9A%A9%EC%9E%90:ivan.versteegh@gmail.com "HTTP/1.1 403 Forbidden"
2026-03-23 21:33:56,079 - httpx - INFO - HTTP Request: HEAD https://namu.wiki/w/%EC%82%AC%EC%9A%A9%EC%9E%90:ivan.versteegh@gmail.com "HTTP/1.1 403 Forbidden"
2026-03-23 21:33:56,702 - httpx - INFO - HTTP Request: HEAD https://nationstates.net/nation=ivan.versteegh@gmail.com "HTTP/1.1 403 Forbidden"
2026-03-23 21:33:58,148 - httpx - INFO - HTTP Request: HEAD https://nationstates.net/nation=ivan.versteegh@gmail.com "HTTP/1.1 403 Forbidden"
2026-03-23 21:33:58,576 - httpx - INFO - HTTP Request: HEAD https://nationstates.net/region=ivan.versteegh@gmail.com "HTTP/1.1 403 Forbidden"
2026-03-23 21:34:00,118 - httpx - INFO - HTTP Request: HEAD https://nationstates.net/region=ivan.versteegh@gmail.com "HTTP/1.1 403 Forbidden"
2026-03-23 21:34:01,506 - httpx - INFO - HTTP Request: HEAD https://blog.naver.com/ivan.versteegh@gmail.com "HTTP/1.1 404 Not Found"
2026-03-23 21:34:03,791 - httpx - INFO - HTTP Request: HEAD https://help.nextcloud.com/u/ivan.versteegh@gmail.com/summary "HTTP/1.1 404 Not Found"
2026-03-23 21:34:05,086 - httpx - INFO - HTTP Request: HEAD https://nightbot.tv/t/ivan.versteegh@gmail.com/commands "HTTP/1.1 200 OK"
2026-03-23 21:34:05,580 - httpx - INFO - HTTP Request: HEAD https://ninjakiwi.com/profile/ivan.versteegh@gmail.com "HTTP/1.1 301 Moved Permanently"
2026-03-23 21:34:05,731 - httpx - INFO - HTTP Request: HEAD https://ninjakiwi.com/ "HTTP/1.1 200 OK"
2026-03-23 21:34:06,831 - httpx - INFO - HTTP Request: HEAD https://www.nintendolife.com/users/ivan.versteegh@gmail.com "HTTP/1.1 400 Bad Request"
2026-03-23 21:34:07,555 - httpx - INFO - HTTP Request: HEAD https://www.nitrotype.com/racer/ivan.versteegh@gmail.com "HTTP/1.1 302 Found"
2026-03-23 21:34:07,705 - httpx - INFO - HTTP Request: HEAD https://www.nitrotype.com "HTTP/1.1 200 OK"
2026-03-23 21:34:08,758 - httpx - INFO - HTTP Request: HEAD https://notabug.org/ivan.versteegh@gmail.com "HTTP/1.1 404 Not Found"
2026-03-23 21:34:09,798 - httpx - INFO - HTTP Request: HEAD https://nothing.community/u/ivan.versteegh@gmail.com "HTTP/1.1 404 Not Found"
2026-03-23 21:34:10,553 - httpx - INFO - HTTP Request: HEAD https://nyaa.si/user/ivan.versteegh@gmail.com "HTTP/1.1 404 NOT FOUND"
2026-03-23 21:34:12,622 - httpx - INFO - HTTP Request: HEAD https://observablehq.com/@ivan.versteegh@gmail.com "HTTP/1.1 404 Not Found"
2026-03-23 21:34:14,275 - werkzeug - INFO - 127.0.0.1 - - [23/Mar/2026 21:34:14] "GET /api/history HTTP/1.1" 200 -
2026-03-23 21:34:14,282 - werkzeug - INFO - 127.0.0.1 - - [23/Mar/2026 21:34:14] "GET /api/archive?q=&tool= HTTP/1.1" 200 -
2026-03-23 21:34:14,707 - httpx - INFO - HTTP Request: HEAD https://opencollective.com/ivan.versteegh@gmail.com "HTTP/1.1 404 Not Found"
2026-03-23 21:34:15,751 - werkzeug - INFO - 127.0.0.1 - - [23/Mar/2026 21:34:15] "GET /api/history HTTP/1.1" 200 -
2026-03-23 21:34:15,757 - werkzeug - INFO - 127.0.0.1 - - [23/Mar/2026 21:34:15] "GET /api/archive?q=&tool= HTTP/1.1" 200 -
2026-03-23 21:34:15,863 - httpx - INFO - HTTP Request: HEAD https://opengameart.org/users/ivan.versteegh@gmail.com "HTTP/1.1 404 Not Found"
2026-03-23 21:34:16,761 - httpx - INFO - HTTP Request: HEAD https://www.openstreetmap.org/user/ivan.versteegh@gmail.com "HTTP/1.1 404 Not Found"
2026-03-23 21:34:17,344 - httpx - INFO - HTTP Request: HEAD https://odysee.com/@ivan.versteegh@gmail.com "HTTP/1.1 200 OK"
2026-03-23 21:34:19,281 - httpx - INFO - HTTP Request: HEAD https://opensource.com/users/ivan.versteegh@gmail.com "HTTP/1.1 404 Not Found"
2026-03-23 21:34:19,922 - httpx - INFO - HTTP Request: HEAD https://ourdjtalk.com/members?username=ivan.versteegh@gmail.com "HTTP/1.1 301 Moved Permanently"
2026-03-23 21:34:20,144 - httpx - INFO - HTTP Request: HEAD https://ourdjtalk.com/djs/?username=ivan.versteegh@gmail.com "HTTP/1.1 200 OK"
2026-03-23 21:34:20,964 - httpx - INFO - HTTP Request: HEAD https://outgress.com/agents/ivan.versteegh@gmail.com "HTTP/1.1 301 Moved Permanently"
2026-03-23 21:34:21,168 - httpx - INFO - HTTP Request: HEAD https://outgress.com/agents/ivan.versteegh@gmail/ "HTTP/1.1 403 Forbidden"
2026-03-23 21:34:22,362 - httpx - INFO - HTTP Request: HEAD https://outgress.com/agents/ivan.versteegh@gmail.com "HTTP/1.1 301 Moved Permanently"
2026-03-23 21:34:23,312 - httpx - INFO - HTTP Request: HEAD https://outgress.com/agents/ivan.versteegh@gmail/ "HTTP/1.1 403 Forbidden"
2026-03-23 21:34:24,388 - httpx - INFO - HTTP Request: HEAD https://forums.pcgamer.com/members/?username=ivan.versteegh@gmail.com "HTTP/1.1 200 OK"
2026-03-23 21:34:24,899 - httpx - INFO - HTTP Request: HEAD https://psnprofiles.com/ivan.versteegh@gmail.com "HTTP/1.1 403 Forbidden"
2026-03-23 21:34:26,407 - httpx - INFO - HTTP Request: HEAD https://psnprofiles.com/ivan.versteegh@gmail.com "HTTP/1.1 403 Forbidden"
2026-03-23 21:34:27,158 - httpx - INFO - HTTP Request: HEAD https://packagist.org/packages/ivan.versteegh@gmail.com/ "HTTP/1.1 404 Not Found"
2026-03-23 21:34:27,923 - httpx - INFO - HTTP Request: HEAD https://pastebin.com/u/ivan.versteegh@gmail.com "HTTP/1.1 404 Not Found"
2026-03-23 21:34:28,459 - httpx - INFO - HTTP Request: HEAD https://patched.sh/User/ivan.versteegh@gmail.com "HTTP/1.1 301 Moved Permanently"
2026-03-23 21:34:28,992 - httpx - INFO - HTTP Request: HEAD https://patched.to/User/ivan.versteegh@gmail.com "HTTP/1.1 403 Forbidden"
2026-03-23 21:34:30,224 - httpx - INFO - HTTP Request: HEAD https://patched.sh/User/ivan.versteegh@gmail.com "HTTP/1.1 301 Moved Permanently"
2026-03-23 21:34:30,347 - httpx - INFO - HTTP Request: HEAD https://patched.to/User/ivan.versteegh@gmail.com "HTTP/1.1 403 Forbidden"
2026-03-23 21:34:30,873 - httpx - INFO - HTTP Request: HEAD https://www.patreon.com/ivan.versteegh@gmail.com "HTTP/1.1 403 Forbidden"
2026-03-23 21:34:32,320 - httpx - INFO - HTTP Request: HEAD https://www.patreon.com/ivan.versteegh@gmail.com "HTTP/1.1 403 Forbidden"
2026-03-23 21:34:33,257 - httpx - INFO - HTTP Request: HEAD https://pentesterlab.com/profile/ivan.versteegh@gmail.com "HTTP/1.1 404 Not Found"
2026-03-23 21:34:33,931 - httpx - INFO - HTTP Request: HEAD https://www.hotukdeals.com/profile/ivan.versteegh@gmail.com "HTTP/1.1 200 OK"
2026-03-23 21:34:34,604 - httpx - INFO - HTTP Request: HEAD https://www.mydealz.de/profile/ivan.versteegh@gmail.com "HTTP/1.1 200 OK"
2026-03-23 21:34:35,805 - httpx - INFO - HTTP Request: HEAD https://www.chollometro.com/profile/ivan.versteegh@gmail.com "HTTP/1.1 200 OK"
2026-03-23 21:34:36,520 - httpx - INFO - HTTP Request: HEAD https://nl.pepper.com/profile/ivan.versteegh@gmail.com "HTTP/1.1 200 OK"
2026-03-23 21:34:37,239 - httpx - INFO - HTTP Request: HEAD https://www.pepper.pl/profile/ivan.versteegh@gmail.com "HTTP/1.1 200 OK"
2026-03-23 21:34:38,058 - httpx - INFO - HTTP Request: HEAD https://www.preisjaeger.at/profile/ivan.versteegh@gmail.com "HTTP/1.1 200 OK"
2026-03-23 21:34:38,987 - httpx - INFO - HTTP Request: HEAD https://www.pepperdeals.se/profile/ivan.versteegh@gmail.com "HTTP/1.1 200 OK"
2026-03-23 21:34:39,799 - httpx - INFO - HTTP Request: HEAD https://www.pepperdeals.com/profile/ivan.versteegh@gmail.com "HTTP/1.1 200 OK"
2026-03-23 21:34:40,442 - httpx - INFO - HTTP Request: HEAD https://www.promodescuentos.com/profile/ivan.versteegh@gmail.com "HTTP/1.1 200 OK"
2026-03-23 21:34:41,749 - httpx - INFO - HTTP Request: HEAD https://www.periscope.tv/ivan.versteegh@gmail.com/ "HTTP/1.1 400 Bad Request"
2026-03-23 21:34:42,273 - httpx - INFO - HTTP Request: HEAD https://www.pinkbike.com/u/ivan.versteegh@gmail.com/ "HTTP/1.1 403 Forbidden"
2026-03-23 21:34:43,422 - httpx - INFO - HTTP Request: HEAD https://www.pinkbike.com/u/ivan.versteegh@gmail.com/ "HTTP/1.1 403 Forbidden"
2026-03-23 21:34:44,379 - httpx - INFO - HTTP Request: HEAD https://pixelfed.social/ivan.versteegh@gmail.com/ "HTTP/1.1 404 Not Found"
2026-03-23 21:34:45,145 - httpx - INFO - HTTP Request: HEAD https://play.google.com/store/apps/developer?id=ivan.versteegh@gmail.com "HTTP/1.1 404 Not Found"
2026-03-23 21:34:45,759 - werkzeug - INFO - 127.0.0.1 - - [23/Mar/2026 21:34:45] "GET /api/history HTTP/1.1" 200 -
2026-03-23 21:34:45,763 - werkzeug - INFO - 127.0.0.1 - - [23/Mar/2026 21:34:45] "GET /api/archive?q=&tool= HTTP/1.1" 200 -
2026-03-23 21:34:47,127 - httpx - INFO - HTTP Request: HEAD https://playstrategy.org/@/ivan.versteegh@gmail.com "HTTP/1.1 404 Not Found"
2026-03-23 21:34:47,577 - httpx - INFO - HTTP Request: HEAD https://www.plurk.com/ivan.versteegh@gmail.com "HTTP/1.1 200 OK"
2026-03-23 21:34:48,111 - httpx - INFO - HTTP Request: HEAD https://pocketstars.com/ivan.versteegh@gmail.com "HTTP/1.1 301 Moved Permanently"
2026-03-23 21:34:48,898 - httpx - INFO - HTTP Request: HEAD https://fansify.co.uk/ivan.versteegh@gmail.com?redirect-from=https://pocketstars.com "HTTP/1.1 301 Moved Permanently"
2026-03-23 21:34:49,972 - httpx - INFO - HTTP Request: HEAD https://www.fansify.co.uk/ivan.versteegh%40gmail.com?redirect-from=https%3A%2F%2Fpocketstars.com "HTTP/1.1 400 Bad Request"
2026-03-23 21:34:50,989 - httpx - INFO - HTTP Request: HEAD https://pokemonshowdown.com/users/ivan.versteegh@gmail.com "HTTP/1.1 404 Not Found"
2026-03-23 21:34:51,862 - httpx - INFO - HTTP Request: HEAD https://polarsteps.com/ivan.versteegh@gmail.com "HTTP/1.1 301 Moved Permanently"
2026-03-23 21:34:52,739 - httpx - INFO - HTTP Request: HEAD https://www.polarsteps.com/ivan.versteegh@gmail.com "HTTP/1.1 200 OK"
2026-03-23 21:34:53,421 - httpx - INFO - HTTP Request: HEAD https://www.polygon.com/users/ivan.versteegh@gmail.com "HTTP/1.1 301 Moved Permanently"
2026-03-23 21:34:53,574 - httpx - INFO - HTTP Request: HEAD https://www.polygon.com/users/ivan.versteegh@gmail.com/ "HTTP/1.1 404 Not Found"
2026-03-23 21:34:54,225 - httpx - INFO - HTTP Request: HEAD https://polymart.org/user/ivan.versteegh@gmail.com "HTTP/1.1 404 Not Found"
2026-03-23 21:34:54,788 - httpx - INFO - HTTP Request: HEAD https://pornhub.com/users/ivan.versteegh@gmail.com "HTTP/1.1 301 Moved Permanently"
2026-03-23 21:34:55,495 - httpx - INFO - HTTP Request: HEAD https://www.pornhub.com/users/ivan.versteegh@gmail.com "HTTP/1.1 404 Not Found"
2026-03-23 21:34:56,022 - httpx - INFO - HTTP Request: HEAD https://www.producthunt.com/@ivan.versteegh@gmail.com "HTTP/1.1 403 Forbidden"
2026-03-23 21:34:57,824 - httpx - INFO - HTTP Request: HEAD https://www.producthunt.com/@ivan.versteegh@gmail.com "HTTP/1.1 403 Forbidden"
2026-03-23 21:34:58,678 - httpx - INFO - HTTP Request: HEAD https://programming.dev/u/ivan.versteegh@gmail.com "HTTP/1.1 500 Internal Server Error"
2026-03-23 21:34:59,636 - httpx - INFO - HTTP Request: HEAD https://www.pychess.org/@/ivan.versteegh@gmail.com "HTTP/1.1 405 Method Not Allowed"
2026-03-23 21:35:01,608 - httpx - INFO - HTTP Request: HEAD http://promodj.com/ivan.versteegh@gmail.com "HTTP/1.1 302 YEP"
2026-03-23 21:35:03,865 - httpx - INFO - HTTP Request: HEAD https://promodj.com/ivan.versteegh@gmail.com "HTTP/1.1 404 Not found"
2026-03-23 21:35:04,885 - httpx - INFO - HTTP Request: HEAD https://pronouns.page/@ivan.versteegh@gmail.com "HTTP/1.1 404 Not Found"
2026-03-23 21:35:05,811 - httpx - INFO - HTTP Request: HEAD https://pypi.org/user/ivan.versteegh@gmail.com "HTTP/1.1 200 OK"
2026-03-23 21:35:06,729 - httpx - INFO - HTTP Request: HEAD https://discuss.python.org/u/ivan.versteegh@gmail.com/summary "HTTP/1.1 404 Not Found"
2026-03-23 21:35:08,880 - httpx - INFO - HTTP Request: HEAD https://rarible.com/marketplace/api/v4/urls/ivan.versteegh@gmail.com "HTTP/1.1 302 Found"
2026-03-23 21:35:09,266 - httpx - INFO - HTTP Request: HEAD http://og.rarible.com/marketplace/api/v4/urls/ivan.versteegh@gmail.com "HTTP/1.1 301 Moved Permanently"
2026-03-23 21:35:10,109 - httpx - INFO - HTTP Request: HEAD https://og.rarible.com/marketplace/api/v4/urls/ivan.versteegh@gmail.com "HTTP/1.1 302 Found"
2026-03-23 21:35:10,356 - httpx - INFO - HTTP Request: HEAD https://rarible.com/404 "HTTP/1.1 200 OK"
2026-03-23 21:35:12,598 - httpx - INFO - HTTP Request: HEAD https://forum.rclone.org/u/ivan.versteegh@gmail.com "HTTP/1.1 404 Not Found"
2026-03-23 21:35:13,490 - httpx - INFO - HTTP Request: HEAD https://www.redtube.com/users/ivan.versteegh@gmail.com "HTTP/1.1 404 Not Found"
2026-03-23 21:35:14,112 - httpx - INFO - HTTP Request: HEAD https://www.redbubble.com/people/ivan.versteegh@gmail.com "HTTP/1.1 403 Forbidden"
2026-03-23 21:35:15,609 - httpx - INFO - HTTP Request: HEAD https://www.redbubble.com/people/ivan.versteegh@gmail.com "HTTP/1.1 403 Forbidden"
2026-03-23 21:35:15,758 - werkzeug - INFO - 127.0.0.1 - - [23/Mar/2026 21:35:15] "GET /api/history HTTP/1.1" 200 -
2026-03-23 21:35:15,762 - werkzeug - INFO - 127.0.0.1 - - [23/Mar/2026 21:35:15] "GET /api/archive?q=&tool= HTTP/1.1" 200 -
2026-03-23 21:35:16,088 - werkzeug - INFO - 127.0.0.1 - - [23/Mar/2026 21:35:16] "GET /api/history HTTP/1.1" 200 -
2026-03-23 21:35:16,092 - werkzeug - INFO - 127.0.0.1 - - [23/Mar/2026 21:35:16] "GET /api/archive?q=&tool= HTTP/1.1" 200 -
2026-03-23 21:35:17,589 - httpx - INFO - HTTP Request: HEAD https://www.reddit.com/user/ivan.versteegh@gmail.com "HTTP/1.1 301 Moved Permanently"
2026-03-23 21:35:19,088 - httpx - INFO - HTTP Request: HEAD https://www.reddit.com/user/ivan.versteegh@gmail.com/ "HTTP/1.1 302 Found"
2026-03-23 21:35:20,056 - httpx - INFO - HTTP Request: HEAD https://www.reddit.com/user/ivan.versteegh@gmail.com/?rdt=48354 "HTTP/1.1 403 Blocked"
2026-03-23 21:35:22,045 - httpx - INFO - HTTP Request: HEAD https://www.reddit.com/user/ivan.versteegh@gmail.com "HTTP/1.1 301 Moved Permanently"
2026-03-23 21:35:23,317 - httpx - INFO - HTTP Request: HEAD https://www.reddit.com/user/ivan.versteegh@gmail.com/ "HTTP/1.1 403 Blocked"
2026-03-23 21:35:24,268 - httpx - INFO - HTTP Request: HEAD https://www.realmeye.com/player/ivan.versteegh@gmail.com "HTTP/1.1 200 OK"
2026-03-23 21:35:25,366 - httpx - INFO - HTTP Request: HEAD https://www.reisefrage.net/nutzer/ivan.versteegh@gmail.com "HTTP/1.1 404 Not Found"
2026-03-23 21:35:26,181 - httpx - INFO - HTTP Request: HEAD https://replit.com/@ivan.versteegh@gmail.com "HTTP/1.1 404 Not Found"
2026-03-23 21:35:27,174 - httpx - INFO - HTTP Request: HEAD https://www.researchgate.net/profile/ivan.versteegh@gmail.com "HTTP/1.1 403 Forbidden"
2026-03-23 21:35:28,457 - httpx - INFO - HTTP Request: HEAD https://www.researchgate.net/profile/ivan.versteegh@gmail.com "HTTP/1.1 403 Forbidden"
2026-03-23 21:35:29,478 - httpx - INFO - HTTP Request: HEAD https://www.reverbnation.com/ivan.versteegh@gmail.com "HTTP/1.1 404 Not Found"
2026-03-23 21:35:30,847 - httpx - INFO - HTTP Request: HEAD https://www.roblox.com/user.aspx?username=ivan.versteegh@gmail.com "HTTP/1.1 307 Temporary Redirect"
2026-03-23 21:35:31,321 - httpx - INFO - HTTP Request: HEAD https://www.roblox.com/users/profile?username=ivan.versteegh@gmail.com "HTTP/1.1 302 Found"
2026-03-23 21:35:31,745 - httpx - INFO - HTTP Request: HEAD https://www.roblox.com/request-error?code=404 "HTTP/1.1 404 Not Found"
2026-03-23 21:35:33,251 - httpx - INFO - HTTP Request: HEAD https://www.rockettube.com/ivan.versteegh@gmail.com "HTTP/1.1 404 Not Found"
2026-03-23 21:35:34,144 - httpx - INFO - HTTP Request: HEAD https://royalcams.com/profile/ivan.versteegh@gmail.com "HTTP/1.1 403 Forbidden"
2026-03-23 21:35:35,351 - httpx - INFO - HTTP Request: HEAD https://royalcams.com/profile/ivan.versteegh@gmail.com "HTTP/1.1 403 Forbidden"
2026-03-23 21:35:36,009 - httpx - INFO - HTTP Request: HEAD https://ruby-forum.com/u/ivan.versteegh@gmail.com/summary "HTTP/1.1 301 Moved Permanently"
2026-03-23 21:35:36,665 - httpx - INFO - HTTP Request: HEAD https://www.ruby-forum.com/u/ivan.versteegh@gmail.com/summary "HTTP/1.1 404 Not Found"
2026-03-23 21:35:37,448 - httpx - INFO - HTTP Request: HEAD https://rubygems.org/profiles/ivan.versteegh@gmail.com "HTTP/1.1 404 Not Found"
2026-03-23 21:35:38,092 - httpx - INFO - HTTP Request: HEAD https://rumble.com/user/ivan.versteegh@gmail.com "HTTP/1.1 403 Forbidden"
2026-03-23 21:35:39,591 - httpx - INFO - HTTP Request: HEAD https://rumble.com/user/ivan.versteegh@gmail.com "HTTP/1.1 403 Forbidden"
2026-03-23 21:35:40,209 - httpx - INFO - HTTP Request: HEAD https://apps.runescape.com/runemetrics/app/overview/player/ivan.versteegh@gmail.com "HTTP/1.1 302 Moved Temporarily"
2026-03-23 21:35:41,442 - httpx - INFO - HTTP Request: HEAD https://secure.runescape.com/m=news/the-roadmap-that-changes-runescape-forever "HTTP/1.1 200 OK"
2026-03-23 21:35:42,089 - httpx - INFO - HTTP Request: HEAD https://swapd.co/u/ivan.versteegh@gmail.com "HTTP/1.1 404 Not Found"
2026-03-23 21:35:43,592 - httpx - INFO - HTTP Request: HEAD https://www.sbazar.cz/ivan.versteegh@gmail.com "HTTP/1.1 404 Not Found"
2026-03-23 21:35:44,338 - httpx - INFO - HTTP Request: HEAD https://scratch.mit.edu/users/ivan.versteegh@gmail.com "HTTP/1.1 404 NOT FOUND"
2026-03-23 21:35:44,961 - httpx - INFO - HTTP Request: HEAD https://www.scribd.com/ivan.versteegh@gmail.com "HTTP/1.1 404 Not Found"
2026-03-23 21:35:45,587 - httpx - INFO - HTTP Request: HEAD https://seoforum.com/@ivan.versteegh@gmail.com "HTTP/1.1 404 Not Found"
2026-03-23 21:35:45,747 - werkzeug - INFO - 127.0.0.1 - - [23/Mar/2026 21:35:45] "GET /api/archive?q=&tool= HTTP/1.1" 200 -
2026-03-23 21:35:45,756 - werkzeug - INFO - 127.0.0.1 - - [23/Mar/2026 21:35:45] "GET /api/history HTTP/1.1" 200 -
2026-03-23 21:35:47,150 - httpx - INFO - HTTP Request: HEAD https://www.shelf.im/ivan.versteegh@gmail.com "HTTP/1.1 302 Found"
2026-03-23 21:35:47,349 - httpx - INFO - HTTP Request: HEAD https://www.shelf.im/ "HTTP/1.1 200 OK"
2026-03-23 21:35:49,299 - httpx - INFO - HTTP Request: HEAD https://www.shitpostbot.com/user/ivan.versteegh@gmail.com "HTTP/1.1 404 Not Found"
2026-03-23 21:35:50,032 - httpx - INFO - HTTP Request: HEAD https://community.signalusers.org/u/ivan.versteegh@gmail.com "HTTP/1.1 404 Not Found"
2026-03-23 21:35:51,068 - httpx - INFO - HTTP Request: HEAD https://sketchfab.com/ivan.versteegh@gmail.com "HTTP/1.1 404 Not Found"
2026-03-23 21:35:51,954 - httpx - INFO - HTTP Request: HEAD https://www.slant.co/users/ivan.versteegh@gmail.com "HTTP/1.1 403 Forbidden"
2026-03-23 21:35:53,099 - httpx - INFO - HTTP Request: HEAD https://www.slant.co/users/ivan.versteegh@gmail.com "HTTP/1.1 403 Forbidden"
2026-03-23 21:35:53,716 - httpx - INFO - HTTP Request: HEAD https://slashdot.org/~ivan.versteegh@gmail.com "HTTP/1.1 403 Forbidden"
2026-03-23 21:35:55,163 - httpx - INFO - HTTP Request: HEAD https://slashdot.org/~ivan.versteegh@gmail.com "HTTP/1.1 403 Forbidden"
2026-03-23 21:35:55,797 - httpx - INFO - HTTP Request: HEAD https://slideshare.net/ivan.versteegh@gmail.com "HTTP/1.1 301 Moved Permanently"
2026-03-23 21:35:56,130 - werkzeug - INFO - 127.0.0.1 - - [23/Mar/2026 21:35:56] "GET /api/archive?q=&tool= HTTP/1.1" 200 -
2026-03-23 21:35:56,135 - werkzeug - INFO - 127.0.0.1 - - [23/Mar/2026 21:35:56] "GET /api/history HTTP/1.1" 200 -
2026-03-23 21:35:56,470 - httpx - INFO - HTTP Request: HEAD https://www.slideshare.net/ivan.versteegh@gmail.com "HTTP/1.1 404 Not Found"
2026-03-23 21:35:57,396 - httpx - INFO - HTTP Request: HEAD https://slides.com/ivan.versteegh@gmail.com "HTTP/1.1 204 No Content"
2026-03-23 21:35:58,409 - httpx - INFO - HTTP Request: HEAD https://www.smule.com/ivan.versteegh@gmail.com "HTTP/1.1 403 Forbidden"
2026-03-23 21:35:59,549 - httpx - INFO - HTTP Request: HEAD https://www.smule.com/ivan.versteegh@gmail.com "HTTP/1.1 403 Forbidden"
2026-03-23 21:36:01,259 - httpx - INFO - HTTP Request: HEAD https://www.snapchat.com/add/ivan.versteegh@gmail.com "HTTP/1.1 308 Permanent Redirect"
2026-03-23 21:36:01,474 - httpx - INFO - HTTP Request: HEAD https://www.snapchat.com/@ivan.versteegh%40gmail.com "HTTP/1.1 404 Not Found"
2026-03-23 21:36:14,176 - httpx - INFO - HTTP Request: HEAD https://soundcloud.com/ivan.versteegh@gmail.com "HTTP/1.1 404 Not Found"
2026-03-23 21:36:14,983 - httpx - INFO - HTTP Request: HEAD https://sourceforge.net/u/ivan.versteegh@gmail.com "HTTP/1.1 403 Forbidden"
2026-03-23 21:36:15,748 - werkzeug - INFO - 127.0.0.1 - - [23/Mar/2026 21:36:15] "GET /api/history HTTP/1.1" 200 -
2026-03-23 21:36:15,752 - werkzeug - INFO - 127.0.0.1 - - [23/Mar/2026 21:36:15] "GET /api/archive?q=&tool= HTTP/1.1" 200 -
2026-03-23 21:36:16,402 - httpx - INFO - HTTP Request: HEAD https://sourceforge.net/u/ivan.versteegh@gmail.com "HTTP/1.1 403 Forbidden"
2026-03-23 21:36:17,380 - httpx - INFO - HTTP Request: HEAD https://soylentnews.org/~ivan.versteegh@gmail.com "HTTP/1.1 200 OK"
2026-03-23 21:36:18,280 - httpx - INFO - HTTP Request: HEAD https://speakerdeck.com/ivan.versteegh@gmail.com "HTTP/1.1 404 Not Found"
2026-03-23 21:36:18,796 - httpx - INFO - HTTP Request: HEAD https://speedrun.com/users/ivan.versteegh@gmail.com "HTTP/1.1 301 Moved Permanently"
2026-03-23 21:36:19,415 - httpx - INFO - HTTP Request: HEAD https://www.speedrun.com/users/ivan.versteegh@gmail.com "HTTP/1.1 403 Forbidden"
2026-03-23 21:36:20,543 - httpx - INFO - HTTP Request: HEAD https://speedrun.com/users/ivan.versteegh@gmail.com "HTTP/1.1 301 Moved Permanently"
2026-03-23 21:36:21,056 - httpx - INFO - HTTP Request: HEAD https://www.speedrun.com/users/ivan.versteegh@gmail.com "HTTP/1.1 403 Forbidden"
2026-03-23 21:36:21,860 - httpx - INFO - HTTP Request: HEAD https://forum.spells8.com/u/ivan.versteegh@gmail.com "HTTP/1.1 404 Not Found"
2026-03-23 21:36:22,476 - httpx - INFO - HTTP Request: HEAD https://splice.com/ivan.versteegh@gmail.com "HTTP/1.1 200 OK"
2026-03-23 21:36:23,102 - httpx - INFO - HTTP Request: HEAD https://splits.io/users/ivan.versteegh@gmail.com "HTTP/1.1 404 Not Found"
2026-03-23 21:36:23,946 - httpx - INFO - HTTP Request: HEAD https://www.sporcle.com/user/ivan.versteegh@gmail.com/people "HTTP/1.1 403 Forbidden"
2026-03-23 21:36:25,181 - httpx - INFO - HTTP Request: HEAD https://www.sporcle.com/user/ivan.versteegh@gmail.com/people "HTTP/1.1 403 Forbidden"
2026-03-23 21:36:26,194 - httpx - INFO - HTTP Request: HEAD https://www.sportlerfrage.net/nutzer/ivan.versteegh@gmail.com "HTTP/1.1 404 Not Found"
2026-03-23 21:36:27,171 - httpx - INFO - HTTP Request: HEAD https://www.sports.ru/profile/ivan.versteegh@gmail.com/ "HTTP/1.1 404 Not Found"
2026-03-23 21:36:28,032 - httpx - INFO - HTTP Request: HEAD https://open.spotify.com/user/ivan.versteegh@gmail.com "HTTP/1.1 200 OK"
2026-03-23 21:36:28,671 - httpx - INFO - HTTP Request: HEAD https://robertsspaceindustries.com/citizens/ivan.versteegh@gmail.com "HTTP/1.1 302 Moved Temporarily"
2026-03-23 21:36:28,801 - httpx - INFO - HTTP Request: HEAD https://robertsspaceindustries.com/en/citizens/ivan.versteegh@gmail.com "HTTP/1.1 200 OK"
2026-03-23 21:36:29,791 - httpx - INFO - HTTP Request: HEAD https://status.cafe/users/ivan.versteegh@gmail.com "HTTP/1.1 405 Method Not Allowed"
2026-03-23 21:36:30,531 - httpx - INFO - HTTP Request: HEAD https://steamcommunity.com/groups/ivan.versteegh@gmail.com "HTTP/1.1 200 OK"
2026-03-23 21:36:30,839 - httpx - INFO - HTTP Request: HEAD https://steamcommunity.com/id/ivan.versteegh@gmail.com/ "HTTP/1.1 200 OK"
2026-03-23 21:36:31,537 - httpx - INFO - HTTP Request: HEAD https://www.strava.com/athletes/ivan.versteegh@gmail.com "HTTP/1.1 301 Moved Permanently"
2026-03-23 21:36:31,861 - httpx - INFO - HTTP Request: HEAD https://www.strava.com/athletes/23644 "HTTP/1.1 200 OK"
2026-03-23 21:36:32,919 - httpx - INFO - HTTP Request: HEAD https://forum.sublimetext.com/u/ivan.versteegh@gmail.com "HTTP/1.1 404 Not Found"
2026-03-23 21:36:33,692 - httpx - INFO - HTTP Request: HEAD https://ch.tetr.io/u/ivan.versteegh@gmail.com "HTTP/1.1 200 OK"
2026-03-23 21:36:34,418 - httpx - INFO - HTTP Request: HEAD https://www.themoviedb.org/u/ivan.versteegh@gmail.com "HTTP/1.1 404 Not Found"
2026-03-23 21:36:35,440 - httpx - INFO - HTTP Request: HEAD https://www.tiktok.com/@ivan.versteegh@gmail.com "HTTP/1.1 200 OK"
2026-03-23 21:36:36,536 - httpx - INFO - HTTP Request: HEAD https://profiles.topcoder.com/ivan.versteegh@gmail.com/ "HTTP/1.1 200 OK"
2026-03-23 21:36:37,551 - httpx - INFO - HTTP Request: HEAD https://topmate.io/ivan.versteegh@gmail.com "HTTP/1.1 404 Not Found"
2026-03-23 21:36:38,376 - httpx - INFO - HTTP Request: HEAD https://traktrain.com/ivan.versteegh@gmail.com "HTTP/1.1 404 Not Found"
2026-03-23 21:36:39,154 - httpx - INFO - HTTP Request: HEAD https://t.me/ivan.versteegh@gmail.com "HTTP/1.1 302 Found"
2026-03-23 21:36:40,027 - httpx - INFO - HTTP Request: HEAD https://telegram.org/ "HTTP/1.1 200 OK"
2026-03-23 21:36:40,573 - httpx - INFO - HTTP Request: HEAD https://tellonym.me/ivan.versteegh@gmail.com "HTTP/1.1 403 Forbidden"
2026-03-23 21:36:42,252 - httpx - INFO - HTTP Request: HEAD https://tellonym.me/ivan.versteegh@gmail.com "HTTP/1.1 403 Forbidden"
2026-03-23 21:36:43,284 - httpx - INFO - HTTP Request: HEAD https://tenor.com/users/ivan.versteegh@gmail.com "HTTP/1.1 404 Not Found"
2026-03-23 21:36:43,886 - httpx - INFO - HTTP Request: HEAD https://forums.terraria.org/index.php?search/42798315/&c[users]=ivan.versteegh@gmail.com&o=relevance "HTTP/1.1 404 Not Found"
2026-03-23 21:36:44,414 - httpx - INFO - HTTP Request: HEAD https://themeforest.net/user/ivan.versteegh@gmail.com "HTTP/1.1 403 Forbidden"
2026-03-23 21:36:45,747 - werkzeug - INFO - 127.0.0.1 - - [23/Mar/2026 21:36:45] "GET /api/history HTTP/1.1" 200 -
2026-03-23 21:36:45,759 - werkzeug - INFO - 127.0.0.1 - - [23/Mar/2026 21:36:45] "GET /api/archive?q=&tool= HTTP/1.1" 200 -
2026-03-23 21:36:45,927 - httpx - INFO - HTTP Request: HEAD https://themeforest.net/user/ivan.versteegh@gmail.com "HTTP/1.1 403 Forbidden"
2026-03-23 21:36:47,902 - httpx - INFO - HTTP Request: HEAD https://www.tnaflix.com/profile/ivan.versteegh@gmail.com "HTTP/1.1 404 Not Found"
2026-03-23 21:36:48,550 - httpx - INFO - HTTP Request: HEAD https://www.tradingview.com/u/ivan.versteegh@gmail.com/ "HTTP/1.1 204 No Content"
2026-03-23 21:36:49,328 - httpx - INFO - HTTP Request: HEAD https://www.trakt.tv/users/ivan.versteegh@gmail.com "HTTP/1.1 301 Moved Permanently"
2026-03-23 21:36:49,989 - httpx - INFO - HTTP Request: HEAD https://trakt.tv/users/ivan.versteegh@gmail.com "HTTP/1.1 404 Not Found"
2026-03-23 21:36:51,299 - httpx - INFO - HTTP Request: HEAD https://trashbox.ru/users/ivan.versteegh@gmail.com "HTTP/1.1 404 Not Found"
2026-03-23 21:36:53,238 - httpx - INFO - HTTP Request: HEAD https://traewelling.de/@ivan.versteegh@gmail.com "HTTP/1.1 404 Not Found"
2026-03-23 21:36:53,939 - httpx - INFO - HTTP Request: HEAD https://trello.com/ivan.versteegh@gmail.com "HTTP/1.1 200 OK"
2026-03-23 21:36:54,885 - httpx - INFO - HTTP Request: HEAD https://tryhackme.com/p/ivan.versteegh@gmail.com "HTTP/1.1 200 OK"
2026-03-23 21:36:55,995 - httpx - INFO - HTTP Request: HEAD https://tuna.voicemod.net/user/ivan.versteegh@gmail.com "HTTP/1.1 301 Moved Permanently"
2026-03-23 21:36:56,358 - httpx - INFO - HTTP Request: HEAD https://tuna.voicemod.net/user/ivan.versteegh@gmail.com/ "HTTP/1.1 500 Server Error"
2026-03-23 21:36:58,374 - httpx - INFO - HTTP Request: HEAD https://tweakers.net/gallery/ivan.versteegh@gmail.com "HTTP/1.1 403 Forbidden"
2026-03-23 21:36:59,652 - httpx - INFO - HTTP Request: HEAD https://tweakers.net/gallery/ivan.versteegh@gmail.com "HTTP/1.1 403 Forbidden"
2026-03-23 21:37:00,223 - httpx - INFO - HTTP Request: HEAD https://www.twitch.tv/ivan.versteegh@gmail.com "HTTP/1.1 405 Method Not Allowed"
2026-03-23 21:37:01,159 - httpx - INFO - HTTP Request: HEAD https://trovo.live/s/ivan.versteegh@gmail.com/ "HTTP/1.1 405 Method Not Allowed"
2026-03-23 21:37:01,884 - httpx - INFO - HTTP Request: HEAD https://x.com/ivan.versteegh@gmail.com "HTTP/1.1 403 Forbidden"
2026-03-23 21:37:02,990 - werkzeug - INFO - 127.0.0.1 - - [23/Mar/2026 21:37:02] "GET /api/history HTTP/1.1" 200 -
2026-03-23 21:37:02,996 - werkzeug - INFO - 127.0.0.1 - - [23/Mar/2026 21:37:02] "GET /api/archive?q=&tool= HTTP/1.1" 200 -
2026-03-23 21:37:03,051 - httpx - INFO - HTTP Request: HEAD https://x.com/ivan.versteegh@gmail.com "HTTP/1.1 403 Forbidden"
2026-03-23 21:37:03,705 - httpx - INFO - HTTP Request: HEAD https://data.typeracer.com/pit/profile?user=ivan.versteegh@gmail.com "HTTP/1.1 200 OK"
2026-03-23 21:37:04,231 - httpx - INFO - HTTP Request: HEAD https://ultimate-guitar.com/u/ivan.versteegh@gmail.com "HTTP/1.1 403 Forbidden"
2026-03-23 21:37:05,757 - httpx - INFO - HTTP Request: HEAD https://ultimate-guitar.com/u/ivan.versteegh@gmail.com "HTTP/1.1 403 Forbidden"
2026-03-23 21:37:06,348 - httpx - INFO - HTTP Request: HEAD https://unsplash.com/@ivan.versteegh@gmail.com "HTTP/1.1 307 Unauthorized"
2026-03-23 21:37:06,486 - httpx - INFO - HTTP Request: HEAD https://unsplash.com/.within.website?redir=%2F%40ivan.versteegh%40gmail.com "HTTP/1.1 401 Unauthorized"
2026-03-23 21:37:10,281 - httpx - INFO - HTTP Request: HEAD https://untappd.com/user/ivan.versteegh@gmail.com "HTTP/1.1 400 Bad Request"
2026-03-23 21:37:11,550 - httpx - INFO - HTTP Request: HEAD https://valorantforums.com/u/ivan.versteegh@gmail.com "HTTP/1.1 404 Not Found"
2026-03-23 21:37:15,724 - httpx - INFO - HTTP Request: HEAD https://vk.com/ivan.versteegh@gmail.com "HTTP/1.1 418 "
2026-03-23 21:37:15,749 - werkzeug - INFO - 127.0.0.1 - - [23/Mar/2026 21:37:15] "GET /api/history HTTP/1.1" 200 -
2026-03-23 21:37:15,761 - werkzeug - INFO - 127.0.0.1 - - [23/Mar/2026 21:37:15] "GET /api/archive?q=&tool= HTTP/1.1" 200 -
2026-03-23 21:37:16,323 - httpx - INFO - HTTP Request: HEAD https://vsco.co/ivan.versteegh@gmail.com "HTTP/1.1 403 Forbidden"
2026-03-23 21:37:17,748 - httpx - INFO - HTTP Request: HEAD https://vsco.co/ivan.versteegh@gmail.com "HTTP/1.1 403 Forbidden"
2026-03-23 21:37:19,230 - httpx - INFO - HTTP Request: HEAD https://velog.io/@ivan.versteegh@gmail.com/posts "HTTP/1.1 404 Not Found"
2026-03-23 21:37:20,562 - httpx - INFO - HTTP Request: HEAD https://forum.velomania.ru/member.php?username=ivan.versteegh@gmail.com "HTTP/1.1 200 OK"
2026-03-23 21:37:21,245 - httpx - INFO - HTTP Request: HEAD https://account.venmo.com/u/ivan.versteegh@gmail.com "HTTP/1.1 404 Not Found"
2026-03-23 21:37:22,499 - httpx - INFO - HTTP Request: HEAD https://vero.co/ivan.versteegh@gmail.com "HTTP/1.1 200 OK"
2026-03-23 21:37:23,005 - httpx - INFO - HTTP Request: HEAD https://vimeo.com/ivan.versteegh@gmail.com "HTTP/1.1 403 Forbidden"
2026-03-23 21:37:24,422 - httpx - INFO - HTTP Request: HEAD https://vimeo.com/ivan.versteegh@gmail.com "HTTP/1.1 403 Forbidden"
2026-03-23 21:37:25,070 - httpx - INFO - HTTP Request: HEAD https://www.virustotal.com/gui/user/ivan.versteegh@gmail.com "HTTP/1.1 200 OK"
2026-03-23 21:37:25,850 - httpx - INFO - HTTP Request: HEAD https://www.vlr.gg/user/ivan.versteegh@gmail.com "HTTP/1.1 404 Not Found"
2026-03-23 21:37:26,335 - httpx - INFO - HTTP Request: HEAD https://discourse.wicg.io/u/ivan.versteegh@gmail.com/summary "HTTP/1.1 404 Not Found"
2026-03-23 21:37:27,258 - httpx - INFO - HTTP Request: HEAD https://wakatime.com/@ivan.versteegh@gmail.com "HTTP/1.1 404 NOT FOUND"
2026-03-23 21:37:28,097 - httpx - INFO - HTTP Request: HEAD https://www.warriorforum.com/members/ivan.versteegh@gmail.com.html "HTTP/1.1 400 Bad Request"
2026-03-23 21:37:29,063 - httpx - INFO - HTTP Request: HEAD https://www.wattpad.com/user/ivan.versteegh@gmail.com "HTTP/1.1 404 Not Found"
2026-03-23 21:37:30,582 - httpx - INFO - HTTP Request: HEAD https://hosted.weblate.org/user/ivan.versteegh@gmail.com/ "HTTP/1.1 307 Temporary Redirect"
2026-03-23 21:37:30,807 - httpx - INFO - HTTP Request: HEAD https://hosted.weblate.org/.within.website/?redir=https://hosted.weblate.org/user/ivan.versteegh@gmail.com/ "HTTP/1.1 200 OK"
2026-03-23 21:37:32,947 - httpx - INFO - HTTP Request: HEAD http://www.wikidot.com/user:info/ivan.versteegh@gmail.com "HTTP/1.1 200 OK"
2026-03-23 21:37:33,886 - httpx - INFO - HTTP Request: HEAD https://en.wikipedia.org/wiki/Special:CentralAuth/ivan.versteegh@gmail.com?uselang=qqx "HTTP/1.1 403 Forbidden"
2026-03-23 21:37:35,029 - httpx - INFO - HTTP Request: HEAD https://en.wikipedia.org/wiki/Special:CentralAuth/ivan.versteegh@gmail.com?uselang=qqx "HTTP/1.1 403 Forbidden"
2026-03-23 21:37:35,643 - httpx - INFO - HTTP Request: HEAD https://community.windy.com/user/ivan.versteegh@gmail.com "HTTP/1.1 503 Service Unavailable"
2026-03-23 21:37:36,882 - httpx - INFO - HTTP Request: HEAD https://community.windy.com/user/ivan.versteegh@gmail.com "HTTP/1.1 503 Service Unavailable"
2026-03-23 21:37:38,415 - httpx - INFO - HTTP Request: HEAD https://community.wolfram.com/web/ivan.versteegh@gmail.com/home "HTTP/1.1 404 Not Found"
2026-03-23 21:37:39,554 - httpx - INFO - HTTP Request: HEAD https://profiles.wordpress.org/ivan.versteegh@gmail.com/ "HTTP/1.1 404 Not Found"
2026-03-23 21:37:40,482 - httpx - INFO - HTTP Request: HEAD https://www.wordnik.com/users/ivan.versteegh@gmail.com "HTTP/1.1 400 Bad Request"
2026-03-23 21:37:41,859 - httpx - INFO - HTTP Request: HEAD https://www.wykop.pl/ludzie/ivan.versteegh@gmail.com "HTTP/1.1 301 Moved Permanently"
2026-03-23 21:37:45,742 - werkzeug - INFO - 127.0.0.1 - - [23/Mar/2026 21:37:45] "GET /api/archive?q=&tool= HTTP/1.1" 200 -
2026-03-23 21:37:45,751 - werkzeug - INFO - 127.0.0.1 - - [23/Mar/2026 21:37:45] "GET /api/history HTTP/1.1" 200 -
2026-03-23 21:37:53,966 - httpx - INFO - HTTP Request: HEAD https://www.wykop.pl/ludzie/ivan.versteegh@gmail.com "HTTP/1.1 301 Moved Permanently"
2026-03-23 21:37:55,378 - httpx - INFO - HTTP Request: HEAD https://wykop.pl/ludzie/ivan.versteegh@gmail.com "HTTP/1.1 404 Not Found"
2026-03-23 21:37:57,128 - httpx - INFO - HTTP Request: HEAD https://xboxgamertag.com/search/ivan.versteegh@gmail.com "HTTP/1.1 404 Not Found"
2026-03-23 21:37:59,144 - httpx - INFO - HTTP Request: HEAD https://xvideos.com/profiles/ivan.versteegh@gmail.com "HTTP/1.1 301 Moved Permanently"
2026-03-23 21:38:00,192 - httpx - INFO - HTTP Request: HEAD https://www.xvideos.com/profiles/ivan.versteegh@gmail.com "HTTP/1.1 404 Not Found"
2026-03-23 21:38:01,828 - httpx - INFO - HTTP Request: HEAD https://music.yandex/users/ivan.versteegh@gmail.com/playlists "HTTP/1.1 302 Moved temporarily"
2026-03-23 21:38:03,678 - httpx - INFO - HTTP Request: HEAD https://music.yandex.ru/users/ivan.versteegh@gmail.com/playlists "HTTP/1.1 404 Not Found"
2026-03-23 21:38:04,245 - httpx - INFO - HTTP Request: HEAD https://www.younow.com/ivan.versteegh@gmail.com/ "HTTP/1.1 200 OK"
2026-03-23 21:38:04,933 - httpx - INFO - HTTP Request: HEAD https://youpic.com/photographer/ivan.versteegh@gmail.com/ "HTTP/1.1 404 "
2026-03-23 21:38:05,550 - httpx - INFO - HTTP Request: HEAD https://youporn.com/uservids/ivan.versteegh@gmail.com "HTTP/1.1 301 Moved Permanently"
2026-03-23 21:38:06,845 - httpx - INFO - HTTP Request: HEAD https://www.youporn.com/uservids/ivan.versteegh@gmail.com "HTTP/1.1 404 Not Found"
2026-03-23 21:38:07,508 - httpx - INFO - HTTP Request: HEAD https://www.youtube.com/@ivan.versteegh@gmail.com "HTTP/1.1 404 Not Found"
2026-03-23 21:38:09,197 - httpx - INFO - HTTP Request: HEAD https://akniga.org/profile/ivan.versteegh@gmail.com "HTTP/1.1 404 Not Found"
2026-03-23 21:38:09,569 - httpx - INFO - HTTP Request: HEAD http://www.authorstream.com/ivan.versteegh@gmail.com/ "HTTP/1.1 405 Method Not Allowed"
2026-03-23 21:38:10,551 - httpx - INFO - HTTP Request: HEAD https://www.babyblog.ru/user/ivan.versteegh@gmail.com "HTTP/1.1 403 Forbidden"
2026-03-23 21:38:11,706 - httpx - INFO - HTTP Request: HEAD https://www.babyblog.ru/user/ivan.versteegh@gmail.com "HTTP/1.1 403 Forbidden"
2026-03-23 21:38:12,704 - httpx - INFO - HTTP Request: HEAD https://www.couchsurfing.com/people/ivan.versteegh@gmail.com "HTTP/1.1 404 Not Found"
2026-03-23 21:38:13,910 - httpx - INFO - HTTP Request: HEAD https://d3.ru/user/ivan.versteegh@gmail.com/posts "HTTP/1.1 302 Found"
2026-03-23 21:38:14,266 - werkzeug - INFO - 127.0.0.1 - - [23/Mar/2026 21:38:14] "GET /api/history HTTP/1.1" 200 -
2026-03-23 21:38:14,271 - werkzeug - INFO - 127.0.0.1 - - [23/Mar/2026 21:38:14] "GET /api/archive?q=&tool= HTTP/1.1" 200 -
2026-03-23 21:38:14,525 - httpx - INFO - HTTP Request: HEAD https://d3.ru/user/ivan.versteegh@gmail.com/posts/ "HTTP/1.1 404 Not Found"
2026-03-23 21:38:15,736 - httpx - INFO - HTTP Request: HEAD https://www.dailykos.com/user/ivan.versteegh@gmail.com "HTTP/1.1 404 Not Found"
2026-03-23 21:38:15,742 - werkzeug - INFO - 127.0.0.1 - - [23/Mar/2026 21:38:15] "GET /api/history HTTP/1.1" 200 -
2026-03-23 21:38:15,756 - werkzeug - INFO - 127.0.0.1 - - [23/Mar/2026 21:38:15] "GET /api/archive?q=&tool= HTTP/1.1" 200 -
2026-03-23 21:38:16,469 - httpx - INFO - HTTP Request: HEAD http://dating.ru/ivan.versteegh@gmail.com "HTTP/1.1 301 Moved Permanently"
2026-03-23 21:38:18,421 - httpx - INFO - HTTP Request: HEAD https://dating.ru/ivan.versteegh@gmail.com "HTTP/1.1 301 Moved Permanently"
2026-03-23 21:38:18,689 - httpx - INFO - HTTP Request: HEAD https://dating.ru/ivan.versteegh@gmail.com/ "HTTP/1.1 404 Not Found"
2026-03-23 21:38:19,238 - httpx - INFO - HTTP Request: HEAD https://devrant.com/users/ivan.versteegh@gmail.com "HTTP/1.1 302 Found"
2026-03-23 21:38:19,396 - httpx - INFO - HTTP Request: HEAD https://devrant.com/ "HTTP/1.1 200 OK"
2026-03-23 21:38:20,582 - httpx - INFO - HTTP Request: HEAD https://www.drive2.ru/users/ivan.versteegh@gmail.com "HTTP/1.1 404 Not Found"
2026-03-23 21:38:21,322 - httpx - INFO - HTTP Request: HEAD https://egpu.io/forums/profile/ivan.versteegh@gmail.com/ "HTTP/1.1 403 Forbidden"
2026-03-23 21:38:22,485 - httpx - INFO - HTTP Request: HEAD https://egpu.io/forums/profile/ivan.versteegh@gmail.com/ "HTTP/1.1 403 Forbidden"
2026-03-23 21:38:23,584 - httpx - INFO - HTTP Request: HEAD https://community.eintracht.de/fans/ivan.versteegh@gmail.com "HTTP/1.1 500 Internal Server Error"
2026-03-23 21:38:25,131 - httpx - INFO - HTTP Request: HEAD https://www.fixya.com/users/ivan.versteegh@gmail.com "HTTP/1.1 403 Forbidden"
2026-03-23 21:38:26,557 - httpx - INFO - HTTP Request: HEAD https://www.fixya.com/users/ivan.versteegh@gmail.com "HTTP/1.1 403 Forbidden"
2026-03-23 21:38:27,856 - httpx - INFO - HTTP Request: HEAD https://www.fl.ru/users/ivan.versteegh@gmail.com "HTTP/1.1 404 Not Found"
2026-03-23 21:38:30,162 - httpx - INFO - HTTP Request: HEAD https://forum.guns.ru/forummisc/blog/ivan.versteegh@gmail.com "HTTP/1.1 200 OK"
2026-03-23 21:38:30,831 - httpx - INFO - HTTP Request: HEAD https://www.freecodecamp.org/ivan.versteegh@gmail.com "HTTP/1.1 404 Not Found"
2026-03-23 21:38:32,573 - httpx - INFO - HTTP Request: HEAD https://www.furaffinity.net/user/ivan.versteegh@gmail.com "HTTP/1.1 400 Bad Request"
2026-03-23 21:38:33,371 - httpx - INFO - HTTP Request: HEAD https://www.geocaching.com/p/default.aspx?u=ivan.versteegh@gmail.com "HTTP/1.1 404 Not Found"
2026-03-23 21:38:34,386 - httpx - INFO - HTTP Request: HEAD https://habr.com/ru/users/ivan.versteegh@gmail.com "HTTP/1.1 302 Found"
2026-03-23 21:38:34,730 - httpx - INFO - HTTP Request: HEAD https://habr.com/ru/users/ivan.versteegh@gmail.com/ "HTTP/1.1 404 Not Found"
2026-03-23 21:38:35,718 - httpx - INFO - HTTP Request: HEAD https://www.hackster.io/ivan.versteegh@gmail.com "HTTP/1.1 404 Not Found"
2026-03-23 21:38:38,283 - httpx - INFO - HTTP Request: HEAD https://www.hunting.ru/forum/members/?username=ivan.versteegh@gmail.com "HTTP/1.1 200 OK"
2026-03-23 21:38:39,099 - httpx - INFO - HTTP Request: HEAD http://forum.igromania.ru/member.php?username=ivan.versteegh@gmail.com "HTTP/1.1 200 OK"
2026-03-23 21:38:39,767 - httpx - INFO - HTTP Request: HEAD https://www.interpals.net/ivan.versteegh@gmail.com "HTTP/1.1 302 Found"
2026-03-23 21:38:39,939 - httpx - INFO - HTTP Request: HEAD https://www.interpals.net/ "HTTP/1.1 302 Found"
2026-03-23 21:38:40,116 - httpx - INFO - HTTP Request: HEAD https://www.interpals.net/ "HTTP/1.1 302 Found"
2026-03-23 21:38:40,289 - httpx - INFO - HTTP Request: HEAD https://www.interpals.net/ "HTTP/1.1 302 Found"
2026-03-23 21:38:40,466 - httpx - INFO - HTTP Request: HEAD https://www.interpals.net/ "HTTP/1.1 302 Found"
2026-03-23 21:38:40,648 - httpx - INFO - HTTP Request: HEAD https://www.interpals.net/ "HTTP/1.1 302 Found"
2026-03-23 21:38:40,819 - httpx - INFO - HTTP Request: HEAD https://www.interpals.net/ "HTTP/1.1 302 Found"
2026-03-23 21:38:40,995 - httpx - INFO - HTTP Request: HEAD https://www.interpals.net/ "HTTP/1.1 302 Found"
2026-03-23 21:38:41,167 - httpx - INFO - HTTP Request: HEAD https://www.interpals.net/ "HTTP/1.1 302 Found"
2026-03-23 21:38:41,350 - httpx - INFO - HTTP Request: HEAD https://www.interpals.net/ "HTTP/1.1 302 Found"
2026-03-23 21:38:41,533 - httpx - INFO - HTTP Request: HEAD https://www.interpals.net/ "HTTP/1.1 302 Found"
2026-03-23 21:38:41,706 - httpx - INFO - HTTP Request: HEAD https://www.interpals.net/ "HTTP/1.1 302 Found"
2026-03-23 21:38:41,883 - httpx - INFO - HTTP Request: HEAD https://www.interpals.net/ "HTTP/1.1 302 Found"
2026-03-23 21:38:42,054 - httpx - INFO - HTTP Request: HEAD https://www.interpals.net/ "HTTP/1.1 302 Found"
2026-03-23 21:38:42,232 - httpx - INFO - HTTP Request: HEAD https://www.interpals.net/ "HTTP/1.1 302 Found"
2026-03-23 21:38:42,412 - httpx - INFO - HTTP Request: HEAD https://www.interpals.net/ "HTTP/1.1 302 Found"
2026-03-23 21:38:42,585 - httpx - INFO - HTTP Request: HEAD https://www.interpals.net/ "HTTP/1.1 302 Found"
2026-03-23 21:38:42,753 - httpx - INFO - HTTP Request: HEAD https://www.interpals.net/ "HTTP/1.1 302 Found"
2026-03-23 21:38:43,302 - httpx - INFO - HTTP Request: HEAD https://www.interpals.net/ "HTTP/1.1 302 Found"
2026-03-23 21:38:43,482 - httpx - INFO - HTTP Request: HEAD https://www.interpals.net/ "HTTP/1.1 302 Found"
2026-03-23 21:38:43,655 - httpx - INFO - HTTP Request: HEAD https://www.interpals.net/ "HTTP/1.1 302 Found"
2026-03-23 21:38:45,262 - httpx - INFO - HTTP Request: HEAD https://irecommend.ru/users/ivan.versteegh@gmail.com "HTTP/1.1 404 Not Found"
2026-03-23 21:38:45,746 - werkzeug - INFO - 127.0.0.1 - - [23/Mar/2026 21:38:45] "GET /api/history HTTP/1.1" 200 -
2026-03-23 21:38:45,750 - werkzeug - INFO - 127.0.0.1 - - [23/Mar/2026 21:38:45] "GET /api/archive?q=&tool= HTTP/1.1" 200 -
2026-03-23 21:38:46,166 - httpx - INFO - HTTP Request: HEAD https://jbzd.com.pl/uzytkownik/ivan.versteegh@gmail.com "HTTP/1.1 404 Not Found"
2026-03-23 21:38:46,685 - httpx - INFO - HTTP Request: HEAD https://www.jeuxvideo.com/profil/ivan.versteegh@gmail.com "HTTP/1.1 403 Forbidden"
2026-03-23 21:38:48,082 - httpx - INFO - HTTP Request: HEAD https://www.jeuxvideo.com/profil/ivan.versteegh@gmail.com "HTTP/1.1 403 Forbidden"
2026-03-23 21:38:48,769 - httpx - INFO - HTTP Request: HEAD https://ko-fi.com/ivan.versteegh@gmail.com "HTTP/1.1 403 Forbidden"
2026-03-23 21:38:50,266 - httpx - INFO - HTTP Request: HEAD https://ko-fi.com/ivan.versteegh@gmail.com "HTTP/1.1 403 Forbidden"
2026-03-23 21:38:52,116 - httpx - INFO - HTTP Request: HEAD https://kwork.ru/user/ivan.versteegh@gmail.com "HTTP/1.1 404 Not Found"
2026-03-23 21:38:52,622 - httpx - INFO - HTTP Request: HEAD https://last.fm/user/ivan.versteegh@gmail.com "HTTP/1.1 301 Moved Permanently"
2026-03-23 21:38:53,741 - httpx - INFO - HTTP Request: HEAD https://www.last.fm/user/ivan.versteegh@gmail.com "HTTP/1.1 404 Not Found"
2026-03-23 21:38:54,870 - httpx - INFO - HTTP Request: HEAD https://forum.leasehackr.com/u/ivan.versteegh@gmail.com/summary/ "HTTP/1.1 404 Not Found"
2026-03-23 21:38:55,940 - httpx - INFO - HTTP Request: HEAD https://www.livelib.ru/reader/ivan.versteegh@gmail.com "HTTP/1.1 404 Not Found"
2026-03-23 21:38:56,917 - httpx - INFO - HTTP Request: HEAD https://mastodon.cloud/@ivan.versteegh@gmail.com "HTTP/1.1 200 OK"
2026-03-23 21:38:57,942 - httpx - INFO - HTTP Request: HEAD https://mastodon.social/@ivan.versteegh@gmail.com "HTTP/1.1 200 OK"
2026-03-23 21:38:59,684 - httpx - INFO - HTTP Request: HEAD https://mastodon.xyz/@ivan.versteegh@gmail.com "HTTP/1.1 200 OK"
2026-03-23 21:39:00,710 - httpx - INFO - HTTP Request: HEAD https://mstdn.social/@ivan.versteegh@gmail.com "HTTP/1.1 200 OK"
2026-03-23 21:39:01,786 - httpx - INFO - HTTP Request: HEAD https://www.mercadolivre.com.br/perfil/ivan.versteegh@gmail.com "HTTP/1.1 200 OK"
2026-03-23 21:39:02,415 - httpx - INFO - HTTP Request: HEAD https://www.minds.com/ivan.versteegh@gmail.com/ "HTTP/1.1 200 OK"
2026-03-23 21:39:03,689 - httpx - INFO - HTTP Request: HEAD https://moikrug.ru/ivan.versteegh@gmail.com "HTTP/1.1 301 Moved Permanently"
2026-03-23 21:39:04,906 - httpx - INFO - HTTP Request: HEAD https://career.habr.com/ivan.versteegh@gmail.com "HTTP/1.1 404 Not Found"
2026-03-23 21:39:05,931 - httpx - INFO - HTTP Request: HEAD https://mstdn.io/@ivan.versteegh@gmail.com "HTTP/1.1 200 OK"
2026-03-23 21:39:06,451 - httpx - INFO - HTTP Request: HEAD https://www.nairaland.com/ivan.versteegh@gmail.com "HTTP/1.1 403 Forbidden"
2026-03-23 21:39:08,066 - httpx - INFO - HTTP Request: HEAD https://www.nairaland.com/ivan.versteegh@gmail.com "HTTP/1.1 403 Forbidden"
2026-03-23 21:39:08,798 - httpx - INFO - HTTP Request: HEAD https://community.n8n.io/u/ivan.versteegh@gmail.com/summary "HTTP/1.1 404 Not Found"
2026-03-23 21:39:12,685 - httpx - INFO - HTTP Request: HEAD https://note.com/ivan.versteegh@gmail.com "HTTP/1.1 404 Not Found"
2026-03-23 21:39:13,311 - httpx - INFO - HTTP Request: HEAD https://www.npmjs.com/~ivan.versteegh@gmail.com "HTTP/1.1 403 Forbidden"
2026-03-23 21:39:14,830 - httpx - INFO - HTTP Request: HEAD https://www.npmjs.com/~ivan.versteegh@gmail.com "HTTP/1.1 403 Forbidden"
2026-03-23 21:39:15,739 - werkzeug - INFO - 127.0.0.1 - - [23/Mar/2026 21:39:15] "GET /api/history HTTP/1.1" 200 -
2026-03-23 21:39:15,743 - werkzeug - INFO - 127.0.0.1 - - [23/Mar/2026 21:39:15] "GET /api/archive?q=&tool= HTTP/1.1" 200 -
2026-03-23 21:39:16,122 - werkzeug - INFO - 127.0.0.1 - - [23/Mar/2026 21:39:16] "GET /api/history HTTP/1.1" 200 -
2026-03-23 21:39:16,127 - werkzeug - INFO - 127.0.0.1 - - [23/Mar/2026 21:39:16] "GET /api/archive?q=&tool= HTTP/1.1" 200 -
2026-03-23 21:39:16,962 - httpx - INFO - HTTP Request: HEAD https://www.opennet.ru/~ivan.versteegh@gmail.com "HTTP/1.1 200 OK"
2026-03-23 21:39:17,726 - httpx - INFO - HTTP Request: HEAD https://osu.ppy.sh/users/ivan.versteegh@gmail.com "HTTP/1.1 404 Not Found"
2026-03-23 21:39:20,980 - httpx - INFO - HTTP Request: HEAD https://php.ru/forum/members/?username=ivan.versteegh@gmail.com "HTTP/1.1 403 Forbidden"
2026-03-23 21:39:28,151 - httpx - INFO - HTTP Request: HEAD https://php.ru/forum/members/?username=ivan.versteegh@gmail.com "HTTP/1.1 403 Forbidden"
2026-03-23 21:39:29,118 - httpx - INFO - HTTP Request: HEAD https://pikabu.ru/@ivan.versteegh@gmail.com "HTTP/1.1 403 Forbidden"
2026-03-23 21:39:31,000 - httpx - INFO - HTTP Request: HEAD https://www.pinterest.com/ivan.versteegh@gmail.com/ "HTTP/1.1 200 OK"
2026-03-23 21:39:32,647 - httpx - INFO - HTTP Request: HEAD https://prog.hu/azonosito/info/ivan.versteegh@gmail.com "HTTP/1.1 429 Too Many Requests"
2026-03-23 21:39:33,870 - httpx - INFO - HTTP Request: HEAD https://prog.hu/azonosito/info/ivan.versteegh@gmail.com "HTTP/1.1 429 Too Many Requests"
2026-03-23 21:39:36,032 - httpx - INFO - HTTP Request: HEAD https://satsis.info/user/ivan.versteegh@gmail.com "HTTP/1.1 403 Forbidden"
2026-03-23 21:39:37,320 - httpx - INFO - HTTP Request: HEAD https://satsis.info/user/ivan.versteegh@gmail.com "HTTP/1.1 403 Forbidden"
2026-03-23 21:39:38,461 - httpx - INFO - HTTP Request: HEAD https://sessionize.com/ivan.versteegh@gmail.com "HTTP/1.1 404 Not Found"
2026-03-23 21:39:39,818 - httpx - INFO - HTTP Request: HEAD https://social.tchncs.de/@ivan.versteegh@gmail.com "HTTP/1.1 200 OK"
2026-03-23 21:39:40,948 - httpx - INFO - HTTP Request: HEAD https://spletnik.ru/user/ivan.versteegh@gmail.com "HTTP/1.1 404 Not Found"
2026-03-23 21:39:42,278 - httpx - INFO - HTTP Request: HEAD https://www.svidbook.ru/user/ivan.versteegh@gmail.com "HTTP/1.1 301 Moved Permanently"
2026-03-23 21:39:43,714 - httpx - INFO - HTTP Request: HEAD https://svidbook.ru/user/ivan.versteegh@gmail.com "HTTP/1.1 301 Moved Permanently"
2026-03-23 21:39:44,038 - httpx - INFO - HTTP Request: HEAD https://svidbook.ru "HTTP/1.1 200 OK"
2026-03-23 21:39:44,707 - httpx - INFO - HTTP Request: HEAD https://www.threads.net/@ivan.versteegh@gmail.com "HTTP/1.1 302 Found"
2026-03-23 21:39:45,011 - httpx - INFO - HTTP Request: HEAD https://www.threads.net/login/?next=https%3A%2F%2Fwww.threads.net%2F%40ivan.versteegh%40gmail.com%2F "HTTP/1.1 200 OK"
2026-03-23 21:39:45,743 - werkzeug - INFO - 127.0.0.1 - - [23/Mar/2026 21:39:45] "GET /api/history HTTP/1.1" 200 -
2026-03-23 21:39:45,754 - werkzeug - INFO - 127.0.0.1 - - [23/Mar/2026 21:39:45] "GET /api/archive?q=&tool= HTTP/1.1" 200 -
2026-03-23 21:39:45,821 - httpx - INFO - HTTP Request: HEAD https://www.toster.ru/user/ivan.versteegh@gmail.com/answers "HTTP/1.1 404 Not Found"
2026-03-23 21:39:48,936 - httpx - INFO - HTTP Request: HEAD http://uid.me/ivan.versteegh@gmail.com "HTTP/1.1 301 Moved Permanently"
2026-03-23 21:39:49,856 - httpx - INFO - HTTP Request: HEAD https://old.uid.me/ivan.versteegh@gmail.com "HTTP/1.1 404 Not Found"
2026-03-23 21:39:50,643 - httpx - INFO - HTTP Request: HEAD https://write.as/ivan.versteegh@gmail.com "HTTP/1.1 404 Not Found"
2026-03-23 21:39:51,493 - httpx - INFO - HTTP Request: HEAD https://xhamster.com/users/ivan.versteegh@gmail.com "HTTP/1.1 404 Not Found"
2026-03-23 21:39:52,517 - httpx - INFO - HTTP Request: HEAD https://www.znanylekarz.pl/ivan.versteegh@gmail.com "HTTP/1.1 404 Not Found"
2026-03-23 21:39:53,219 - httpx - INFO - HTTP Request: HEAD https://platzi.com/p/ivan.versteegh@gmail.com/ "HTTP/1.1 403 Forbidden"
2026-03-23 21:39:54,389 - httpx - INFO - HTTP Request: HEAD https://platzi.com/p/ivan.versteegh@gmail.com/ "HTTP/1.1 403 Forbidden"
2026-03-23 21:39:55,795 - httpx - INFO - HTTP Request: HEAD https://www.baby.ru/u/ivan.versteegh@gmail.com "HTTP/1.1 301 Moved Permanently"
2026-03-23 21:39:56,048 - httpx - INFO - HTTP Request: HEAD https://www.baby.ru/u/ivan.versteegh@gmail.com/ "HTTP/1.1 404 Not Found"
2026-03-23 21:39:57,533 - httpx - INFO - HTTP Request: HEAD https://wowhead.com/user=ivan.versteegh@gmail.com "HTTP/1.1 301 Found"
2026-03-23 21:39:58,263 - httpx - INFO - HTTP Request: HEAD https://www.wowhead.com/user=ivan.versteegh@gmail.com "HTTP/1.1 404 Not Found"
2026-03-23 21:39:58,970 - httpx - INFO - HTTP Request: HEAD https://addons.wago.io/user/ivan.versteegh@gmail.com "HTTP/1.1 404 Not Found"
2026-03-23 21:39:59,892 - httpx - INFO - HTTP Request: HEAD https://www.curseforge.com/members/ivan.versteegh@gmail.com/projects "HTTP/1.1 403 Forbidden"
2026-03-23 21:40:01,429 - httpx - INFO - HTTP Request: HEAD https://www.curseforge.com/members/ivan.versteegh@gmail.com/projects "HTTP/1.1 403 Forbidden"
2026-03-23 21:40:14,261 - werkzeug - INFO - 127.0.0.1 - - [23/Mar/2026 21:40:14] "GET /api/history HTTP/1.1" 200 -
2026-03-23 21:40:14,266 - werkzeug - INFO - 127.0.0.1 - - [23/Mar/2026 21:40:14] "GET /api/archive?q=&tool= HTTP/1.1" 200 -
2026-03-23 21:40:15,737 - werkzeug - INFO - 127.0.0.1 - - [23/Mar/2026 21:40:15] "GET /api/history HTTP/1.1" 200 -
2026-03-23 21:40:15,743 - werkzeug - INFO - 127.0.0.1 - - [23/Mar/2026 21:40:15] "GET /api/archive?q=&tool= HTTP/1.1" 200 -
2026-03-23 21:40:45,740 - werkzeug - INFO - 127.0.0.1 - - [23/Mar/2026 21:40:45] "GET /api/archive?q=&tool= HTTP/1.1" 200 -
2026-03-23 21:40:45,745 - werkzeug - INFO - 127.0.0.1 - - [23/Mar/2026 21:40:45] "GET /api/history HTTP/1.1" 200 -
2026-03-23 21:40:57,692 - werkzeug - INFO - 127.0.0.1 - - [23/Mar/2026 21:40:57] "GET /api/archive?q=&tool= HTTP/1.1" 200 -
2026-03-23 21:40:57,703 - werkzeug - INFO - 127.0.0.1 - - [23/Mar/2026 21:40:57] "GET /api/history HTTP/1.1" 200 -
2026-03-23 21:41:15,736 - werkzeug - INFO - 127.0.0.1 - - [23/Mar/2026 21:41:15] "GET /api/history HTTP/1.1" 200 -
2026-03-23 21:41:15,742 - werkzeug - INFO - 127.0.0.1 - - [23/Mar/2026 21:41:15] "GET /api/archive?q=&tool= HTTP/1.1" 200 -
2026-03-23 21:41:45,738 - werkzeug - INFO - 127.0.0.1 - - [23/Mar/2026 21:41:45] "GET /api/history HTTP/1.1" 200 -
2026-03-23 21:41:45,742 - werkzeug - INFO - 127.0.0.1 - - [23/Mar/2026 21:41:45] "GET /api/archive?q=&tool= HTTP/1.1" 200 -
2026-03-23 21:41:56,076 - werkzeug - INFO - 127.0.0.1 - - [23/Mar/2026 21:41:56] "GET /api/history HTTP/1.1" 200 -
2026-03-23 21:41:56,080 - werkzeug - INFO - 127.0.0.1 - - [23/Mar/2026 21:41:56] "GET /api/archive?q=&tool= HTTP/1.1" 200 -
2026-03-23 21:42:15,743 - werkzeug - INFO - 127.0.0.1 - - [23/Mar/2026 21:42:15] "GET /api/history HTTP/1.1" 200 -
2026-03-23 21:42:15,747 - werkzeug - INFO - 127.0.0.1 - - [23/Mar/2026 21:42:15] "GET /api/archive?q=&tool= HTTP/1.1" 200 -
2026-03-23 21:42:45,769 - werkzeug - INFO - 127.0.0.1 - - [23/Mar/2026 21:42:45] "GET /api/history HTTP/1.1" 200 -
2026-03-23 21:42:45,773 - werkzeug - INFO - 127.0.0.1 - - [23/Mar/2026 21:42:45] "GET /api/archive?q=&tool= HTTP/1.1" 200 -
2026-03-23 21:43:06,128 - werkzeug - INFO - 127.0.0.1 - - [23/Mar/2026 21:43:06] "GET /api/history HTTP/1.1" 200 -
2026-03-23 21:43:06,131 - werkzeug - INFO - 127.0.0.1 - - [23/Mar/2026 21:43:06] "GET /api/archive?q=&tool= HTTP/1.1" 200 -
2026-03-23 21:43:15,734 - werkzeug - INFO - 127.0.0.1 - - [23/Mar/2026 21:43:15] "GET /api/history HTTP/1.1" 200 -
2026-03-23 21:43:15,740 - werkzeug - INFO - 127.0.0.1 - - [23/Mar/2026 21:43:15] "GET /api/archive?q=&tool= HTTP/1.1" 200 -
2026-03-23 21:43:45,733 - werkzeug - INFO - 127.0.0.1 - - [23/Mar/2026 21:43:45] "GET /api/history HTTP/1.1" 200 -
2026-03-23 21:43:45,741 - werkzeug - INFO - 127.0.0.1 - - [23/Mar/2026 21:43:45] "GET /api/archive?q=&tool= HTTP/1.1" 200 -
2026-03-23 21:44:01,470 - werkzeug - INFO - 127.0.0.1 - - [23/Mar/2026 21:44:01] "GET /api/history HTTP/1.1" 200 -
2026-03-23 21:44:01,473 - werkzeug - INFO - 127.0.0.1 - - [23/Mar/2026 21:44:01] "GET /api/archive?q=&tool= HTTP/1.1" 200 -
2026-03-23 21:44:15,731 - werkzeug - INFO - 127.0.0.1 - - [23/Mar/2026 21:44:15] "GET /api/history HTTP/1.1" 200 -
2026-03-23 21:44:15,736 - werkzeug - INFO - 127.0.0.1 - - [23/Mar/2026 21:44:15] "GET /api/archive?q=&tool= HTTP/1.1" 200 -
2026-03-23 21:44:45,751 - werkzeug - INFO - 127.0.0.1 - - [23/Mar/2026 21:44:45] "GET /api/history HTTP/1.1" 200 -
2026-03-23 21:44:45,755 - werkzeug - INFO - 127.0.0.1 - - [23/Mar/2026 21:44:45] "GET /api/archive?q=&tool= HTTP/1.1" 200 -
2026-03-23 21:45:06,069 - werkzeug - INFO - 127.0.0.1 - - [23/Mar/2026 21:45:06] "GET /api/history HTTP/1.1" 200 -
2026-03-23 21:45:06,075 - werkzeug - INFO - 127.0.0.1 - - [23/Mar/2026 21:45:06] "GET /api/archive?q=&tool= HTTP/1.1" 200 -
2026-03-23 21:45:15,728 - werkzeug - INFO - 127.0.0.1 - - [23/Mar/2026 21:45:15] "GET /api/history HTTP/1.1" 200 -
2026-03-23 21:45:15,732 - werkzeug - INFO - 127.0.0.1 - - [23/Mar/2026 21:45:15] "GET /api/archive?q=&tool= HTTP/1.1" 200 -
2026-03-23 21:45:45,735 - werkzeug - INFO - 127.0.0.1 - - [23/Mar/2026 21:45:45] "GET /api/history HTTP/1.1" 200 -
2026-03-23 21:45:45,741 - werkzeug - INFO - 127.0.0.1 - - [23/Mar/2026 21:45:45] "GET /api/archive?q=&tool= HTTP/1.1" 200 -
2026-03-23 21:45:56,223 - werkzeug - INFO - 127.0.0.1 - - [23/Mar/2026 21:45:56] "GET /api/archive?q=&tool= HTTP/1.1" 200 -
2026-03-23 21:45:56,232 - werkzeug - INFO - 127.0.0.1 - - [23/Mar/2026 21:45:56] "GET /api/history HTTP/1.1" 200 -
2026-03-23 21:46:15,729 - werkzeug - INFO - 127.0.0.1 - - [23/Mar/2026 21:46:15] "GET /api/history HTTP/1.1" 200 -
2026-03-23 21:46:15,734 - werkzeug - INFO - 127.0.0.1 - - [23/Mar/2026 21:46:15] "GET /api/archive?q=&tool= HTTP/1.1" 200 -
2026-03-23 21:46:45,729 - werkzeug - INFO - 127.0.0.1 - - [23/Mar/2026 21:46:45] "GET /api/history HTTP/1.1" 200 -
2026-03-23 21:46:45,733 - werkzeug - INFO - 127.0.0.1 - - [23/Mar/2026 21:46:45] "GET /api/archive?q=&tool= HTTP/1.1" 200 -
2026-03-23 21:47:06,069 - werkzeug - INFO - 127.0.0.1 - - [23/Mar/2026 21:47:06] "GET /api/history HTTP/1.1" 200 -
2026-03-23 21:47:06,076 - werkzeug - INFO - 127.0.0.1 - - [23/Mar/2026 21:47:06] "GET /api/archive?q=&tool= HTTP/1.1" 200 -
2026-03-23 21:47:15,727 - werkzeug - INFO - 127.0.0.1 - - [23/Mar/2026 21:47:15] "GET /api/history HTTP/1.1" 200 -
2026-03-23 21:47:15,731 - werkzeug - INFO - 127.0.0.1 - - [23/Mar/2026 21:47:15] "GET /api/archive?q=&tool= HTTP/1.1" 200 -
2026-03-23 21:47:45,732 - werkzeug - INFO - 127.0.0.1 - - [23/Mar/2026 21:47:45] "GET /api/history HTTP/1.1" 200 -
2026-03-23 21:47:45,737 - werkzeug - INFO - 127.0.0.1 - - [23/Mar/2026 21:47:45] "GET /api/archive?q=&tool= HTTP/1.1" 200 -
2026-03-23 21:48:14,255 - werkzeug - INFO - 127.0.0.1 - - [23/Mar/2026 21:48:14] "GET /api/history HTTP/1.1" 200 -
2026-03-23 21:48:14,258 - werkzeug - INFO - 127.0.0.1 - - [23/Mar/2026 21:48:14] "GET /api/archive?q=&tool= HTTP/1.1" 200 -
2026-03-23 21:48:15,726 - werkzeug - INFO - 127.0.0.1 - - [23/Mar/2026 21:48:15] "GET /api/history HTTP/1.1" 200 -
2026-03-23 21:48:15,732 - werkzeug - INFO - 127.0.0.1 - - [23/Mar/2026 21:48:15] "GET /api/archive?q=&tool= HTTP/1.1" 200 -
2026-03-23 21:48:45,759 - werkzeug - INFO - 127.0.0.1 - - [23/Mar/2026 21:48:45] "GET /api/history HTTP/1.1" 200 -
2026-03-23 21:48:45,816 - werkzeug - INFO - 127.0.0.1 - - [23/Mar/2026 21:48:45] "GET /api/archive?q=&tool= HTTP/1.1" 200 -
2026-03-23 21:49:15,849 - werkzeug - INFO - 127.0.0.1 - - [23/Mar/2026 21:49:15] "GET /api/history HTTP/1.1" 200 -
2026-03-23 21:49:15,857 - werkzeug - INFO - 127.0.0.1 - - [23/Mar/2026 21:49:15] "GET /api/archive?q=&tool= HTTP/1.1" 200 -
2026-03-23 21:49:16,892 - werkzeug - INFO - 127.0.0.1 - - [23/Mar/2026 21:49:16] "GET /api/history HTTP/1.1" 200 -
2026-03-23 21:49:16,900 - werkzeug - INFO - 127.0.0.1 - - [23/Mar/2026 21:49:16] "GET /api/archive?q=&tool= HTTP/1.1" 200 -
2026-03-23 21:49:45,809 - werkzeug - INFO - 127.0.0.1 - - [23/Mar/2026 21:49:45] "GET /api/history HTTP/1.1" 200 -
2026-03-23 21:49:45,814 - werkzeug - INFO - 127.0.0.1 - - [23/Mar/2026 21:49:45] "GET /api/archive?q=&tool= HTTP/1.1" 200 -
2026-03-23 21:49:56,184 - werkzeug - INFO - 127.0.0.1 - - [23/Mar/2026 21:49:56] "GET /api/history HTTP/1.1" 200 -
2026-03-23 21:49:56,190 - werkzeug - INFO - 127.0.0.1 - - [23/Mar/2026 21:49:56] "GET /api/archive?q=&tool= HTTP/1.1" 200 -
2026-03-23 21:50:15,798 - werkzeug - INFO - 127.0.0.1 - - [23/Mar/2026 21:50:15] "GET /api/archive?q=&tool= HTTP/1.1" 200 -
2026-03-23 21:50:15,801 - werkzeug - INFO - 127.0.0.1 - - [23/Mar/2026 21:50:15] "GET /api/history HTTP/1.1" 200 -
2026-03-23 21:50:45,804 - werkzeug - INFO - 127.0.0.1 - - [23/Mar/2026 21:50:45] "GET /api/history HTTP/1.1" 200 -
2026-03-23 21:50:45,807 - werkzeug - INFO - 127.0.0.1 - - [23/Mar/2026 21:50:45] "GET /api/archive?q=&tool= HTTP/1.1" 200 -
2026-03-23 21:50:56,183 - werkzeug - INFO - 127.0.0.1 - - [23/Mar/2026 21:50:56] "GET /api/archive?q=&tool= HTTP/1.1" 200 -
2026-03-23 21:50:56,186 - werkzeug - INFO - 127.0.0.1 - - [23/Mar/2026 21:50:56] "GET /api/history HTTP/1.1" 200 -
2026-03-23 21:51:15,800 - werkzeug - INFO - 127.0.0.1 - - [23/Mar/2026 21:51:15] "GET /api/archive?q=&tool= HTTP/1.1" 200 -
2026-03-23 21:51:15,805 - werkzeug - INFO - 127.0.0.1 - - [23/Mar/2026 21:51:15] "GET /api/history HTTP/1.1" 200 -
2026-03-23 21:51:45,854 - werkzeug - INFO - 127.0.0.1 - - [23/Mar/2026 21:51:45] "GET /api/history HTTP/1.1" 200 -
2026-03-23 21:51:45,860 - werkzeug - INFO - 127.0.0.1 - - [23/Mar/2026 21:51:45] "GET /api/archive?q=&tool= HTTP/1.1" 200 -
2026-03-23 21:52:14,353 - werkzeug - INFO - 127.0.0.1 - - [23/Mar/2026 21:52:14] "GET /api/history HTTP/1.1" 200 -
2026-03-23 21:52:14,362 - werkzeug - INFO - 127.0.0.1 - - [23/Mar/2026 21:52:14] "GET /api/archive?q=&tool= HTTP/1.1" 200 -
2026-03-23 21:52:15,801 - werkzeug - INFO - 127.0.0.1 - - [23/Mar/2026 21:52:15] "GET /api/history HTTP/1.1" 200 -
2026-03-23 21:52:15,807 - werkzeug - INFO - 127.0.0.1 - - [23/Mar/2026 21:52:15] "GET /api/archive?q=&tool= HTTP/1.1" 200 -
2026-03-23 21:52:45,793 - werkzeug - INFO - 127.0.0.1 - - [23/Mar/2026 21:52:45] "GET /api/history HTTP/1.1" 200 -
2026-03-23 21:52:45,796 - werkzeug - INFO - 127.0.0.1 - - [23/Mar/2026 21:52:45] "GET /api/archive?q=&tool= HTTP/1.1" 200 -
2026-03-23 21:53:15,796 - werkzeug - INFO - 127.0.0.1 - - [23/Mar/2026 21:53:15] "GET /api/history HTTP/1.1" 200 -
2026-03-23 21:53:15,802 - werkzeug - INFO - 127.0.0.1 - - [23/Mar/2026 21:53:15] "GET /api/archive?q=&tool= HTTP/1.1" 200 -
2026-03-23 21:53:16,136 - werkzeug - INFO - 127.0.0.1 - - [23/Mar/2026 21:53:16] "GET /api/history HTTP/1.1" 200 -
2026-03-23 21:53:16,141 - werkzeug - INFO - 127.0.0.1 - - [23/Mar/2026 21:53:16] "GET /api/archive?q=&tool= HTTP/1.1" 200 -
2026-03-23 21:53:45,800 - werkzeug - INFO - 127.0.0.1 - - [23/Mar/2026 21:53:45] "GET /api/history HTTP/1.1" 200 -
2026-03-23 21:53:45,805 - werkzeug - INFO - 127.0.0.1 - - [23/Mar/2026 21:53:45] "GET /api/archive?q=&tool= HTTP/1.1" 200 -
2026-03-23 21:54:14,326 - werkzeug - INFO - 127.0.0.1 - - [23/Mar/2026 21:54:14] "GET /api/history HTTP/1.1" 200 -
2026-03-23 21:54:14,328 - werkzeug - INFO - 127.0.0.1 - - [23/Mar/2026 21:54:14] "GET /api/archive?q=&tool= HTTP/1.1" 200 -
2026-03-23 21:54:15,796 - werkzeug - INFO - 127.0.0.1 - - [23/Mar/2026 21:54:15] "GET /api/history HTTP/1.1" 200 -
2026-03-23 21:54:15,800 - werkzeug - INFO - 127.0.0.1 - - [23/Mar/2026 21:54:15] "GET /api/archive?q=&tool= HTTP/1.1" 200 -
2026-03-23 21:54:45,796 - werkzeug - INFO - 127.0.0.1 - - [23/Mar/2026 21:54:45] "GET /api/history HTTP/1.1" 200 -
2026-03-23 21:54:45,802 - werkzeug - INFO - 127.0.0.1 - - [23/Mar/2026 21:54:45] "GET /api/archive?q=&tool= HTTP/1.1" 200 -
2026-03-23 21:55:01,524 - werkzeug - INFO - 127.0.0.1 - - [23/Mar/2026 21:55:01] "GET /api/history HTTP/1.1" 200 -
2026-03-23 21:55:01,529 - werkzeug - INFO - 127.0.0.1 - - [23/Mar/2026 21:55:01] "GET /api/archive?q=&tool= HTTP/1.1" 200 -
2026-03-23 21:55:15,797 - werkzeug - INFO - 127.0.0.1 - - [23/Mar/2026 21:55:15] "GET /api/history HTTP/1.1" 200 -
2026-03-23 21:55:15,803 - werkzeug - INFO - 127.0.0.1 - - [23/Mar/2026 21:55:15] "GET /api/archive?q=&tool= HTTP/1.1" 200 -
2026-03-23 21:55:45,793 - werkzeug - INFO - 127.0.0.1 - - [23/Mar/2026 21:55:45] "GET /api/history HTTP/1.1" 200 -
2026-03-23 21:55:45,798 - werkzeug - INFO - 127.0.0.1 - - [23/Mar/2026 21:55:45] "GET /api/archive?q=&tool= HTTP/1.1" 200 -
2026-03-23 21:56:14,326 - werkzeug - INFO - 127.0.0.1 - - [23/Mar/2026 21:56:14] "GET /api/history HTTP/1.1" 200 -
2026-03-23 21:56:14,328 - werkzeug - INFO - 127.0.0.1 - - [23/Mar/2026 21:56:14] "GET /api/archive?q=&tool= HTTP/1.1" 200 -
2026-03-23 21:56:15,792 - werkzeug - INFO - 127.0.0.1 - - [23/Mar/2026 21:56:15] "GET /api/history HTTP/1.1" 200 -
2026-03-23 21:56:15,797 - werkzeug - INFO - 127.0.0.1 - - [23/Mar/2026 21:56:15] "GET /api/archive?q=&tool= HTTP/1.1" 200 -
2026-03-23 21:56:45,791 - werkzeug - INFO - 127.0.0.1 - - [23/Mar/2026 21:56:45] "GET /api/history HTTP/1.1" 200 -
2026-03-23 21:56:45,793 - werkzeug - INFO - 127.0.0.1 - - [23/Mar/2026 21:56:45] "GET /api/archive?q=&tool= HTTP/1.1" 200 -
2026-03-23 21:57:06,232 - werkzeug - INFO - 127.0.0.1 - - [23/Mar/2026 21:57:06] "GET /api/history HTTP/1.1" 200 -
2026-03-23 21:57:06,242 - werkzeug - INFO - 127.0.0.1 - - [23/Mar/2026 21:57:06] "GET /api/archive?q=&tool= HTTP/1.1" 200 -
2026-03-23 21:57:21,492 - werkzeug - INFO - 127.0.0.1 - - [23/Mar/2026 21:57:21] "GET /api/history HTTP/1.1" 200 -
2026-03-23 21:57:21,496 - werkzeug - INFO - 127.0.0.1 - - [23/Mar/2026 21:57:21] "GET /api/archive?q=&tool= HTTP/1.1" 200 -
2026-03-23 21:58:46,211 - werkzeug - INFO - 127.0.0.1 - - [23/Mar/2026 21:58:46] "GET /api/history HTTP/1.1" 200 -
2026-03-23 21:58:46,218 - werkzeug - INFO - 127.0.0.1 - - [23/Mar/2026 21:58:46] "GET /api/archive?q=&tool= HTTP/1.1" 200 -
2026-03-23 21:58:56,548 - werkzeug - INFO - 127.0.0.1 - - [23/Mar/2026 21:58:56] "GET /api/history HTTP/1.1" 200 -
2026-03-23 21:58:56,554 - werkzeug - INFO - 127.0.0.1 - - [23/Mar/2026 21:58:56] "GET /api/archive?q=&tool= HTTP/1.1" 200 -
2026-03-23 21:59:16,207 - werkzeug - INFO - 127.0.0.1 - - [23/Mar/2026 21:59:16] "GET /api/history HTTP/1.1" 200 -
2026-03-23 21:59:16,218 - werkzeug - INFO - 127.0.0.1 - - [23/Mar/2026 21:59:16] "GET /api/archive?q=&tool= HTTP/1.1" 200 -
2026-03-23 21:59:46,209 - werkzeug - INFO - 127.0.0.1 - - [23/Mar/2026 21:59:46] "GET /api/history HTTP/1.1" 200 -
2026-03-23 21:59:46,216 - werkzeug - INFO - 127.0.0.1 - - [23/Mar/2026 21:59:46] "GET /api/archive?q=&tool= HTTP/1.1" 200 -
2026-03-23 22:00:06,547 - werkzeug - INFO - 127.0.0.1 - - [23/Mar/2026 22:00:06] "GET /api/archive?q=&tool= HTTP/1.1" 200 -
2026-03-23 22:00:06,551 - werkzeug - INFO - 127.0.0.1 - - [23/Mar/2026 22:00:06] "GET /api/history HTTP/1.1" 200 -
2026-03-23 22:00:16,204 - werkzeug - INFO - 127.0.0.1 - - [23/Mar/2026 22:00:16] "GET /api/history HTTP/1.1" 200 -
2026-03-23 22:00:16,212 - werkzeug - INFO - 127.0.0.1 - - [23/Mar/2026 22:00:16] "GET /api/archive?q=&tool= HTTP/1.1" 200 -
2026-03-23 22:00:46,206 - werkzeug - INFO - 127.0.0.1 - - [23/Mar/2026 22:00:46] "GET /api/history HTTP/1.1" 200 -
2026-03-23 22:00:46,226 - werkzeug - INFO - 127.0.0.1 - - [23/Mar/2026 22:00:46] "GET /api/archive?q=&tool= HTTP/1.1" 200 -
2026-03-23 22:01:06,673 - werkzeug - INFO - 127.0.0.1 - - [23/Mar/2026 22:01:06] "GET /api/history HTTP/1.1" 200 -
2026-03-23 22:01:06,682 - werkzeug - INFO - 127.0.0.1 - - [23/Mar/2026 22:01:06] "GET /api/archive?q=&tool= HTTP/1.1" 200 -
2026-03-23 22:01:16,219 - werkzeug - INFO - 127.0.0.1 - - [23/Mar/2026 22:01:16] "GET /api/history HTTP/1.1" 200 -
2026-03-23 22:01:16,223 - werkzeug - INFO - 127.0.0.1 - - [23/Mar/2026 22:01:16] "GET /api/archive?q=&tool= HTTP/1.1" 200 -
2026-03-23 22:01:46,205 - werkzeug - INFO - 127.0.0.1 - - [23/Mar/2026 22:01:46] "GET /api/history HTTP/1.1" 200 -
2026-03-23 22:01:46,212 - werkzeug - INFO - 127.0.0.1 - - [23/Mar/2026 22:01:46] "GET /api/archive?q=&tool= HTTP/1.1" 200 -
2026-03-23 22:01:56,544 - werkzeug - INFO - 127.0.0.1 - - [23/Mar/2026 22:01:56] "GET /api/history HTTP/1.1" 200 -
2026-03-23 22:01:56,549 - werkzeug - INFO - 127.0.0.1 - - [23/Mar/2026 22:01:56] "GET /api/archive?q=&tool= HTTP/1.1" 200 -
2026-03-23 22:02:16,203 - werkzeug - INFO - 127.0.0.1 - - [23/Mar/2026 22:02:16] "GET /api/history HTTP/1.1" 200 -
2026-03-23 22:02:16,210 - werkzeug - INFO - 127.0.0.1 - - [23/Mar/2026 22:02:16] "GET /api/archive?q=&tool= HTTP/1.1" 200 -
2026-03-23 22:02:46,202 - werkzeug - INFO - 127.0.0.1 - - [23/Mar/2026 22:02:46] "GET /api/history HTTP/1.1" 200 -
2026-03-23 22:02:46,209 - werkzeug - INFO - 127.0.0.1 - - [23/Mar/2026 22:02:46] "GET /api/archive?q=&tool= HTTP/1.1" 200 -
2026-03-23 22:03:06,543 - werkzeug - INFO - 127.0.0.1 - - [23/Mar/2026 22:03:06] "GET /api/history HTTP/1.1" 200 -
2026-03-23 22:03:06,545 - werkzeug - INFO - 127.0.0.1 - - [23/Mar/2026 22:03:06] "GET /api/archive?q=&tool= HTTP/1.1" 200 -
2026-03-23 22:03:16,203 - werkzeug - INFO - 127.0.0.1 - - [23/Mar/2026 22:03:16] "GET /api/history HTTP/1.1" 200 -
2026-03-23 22:03:16,207 - werkzeug - INFO - 127.0.0.1 - - [23/Mar/2026 22:03:16] "GET /api/archive?q=&tool= HTTP/1.1" 200 -
2026-03-23 22:03:46,203 - werkzeug - INFO - 127.0.0.1 - - [23/Mar/2026 22:03:46] "GET /api/history HTTP/1.1" 200 -
2026-03-23 22:03:46,209 - werkzeug - INFO - 127.0.0.1 - - [23/Mar/2026 22:03:46] "GET /api/archive?q=&tool= HTTP/1.1" 200 -
2026-03-23 22:04:16,203 - werkzeug - INFO - 127.0.0.1 - - [23/Mar/2026 22:04:16] "GET /api/history HTTP/1.1" 200 -
2026-03-23 22:04:16,208 - werkzeug - INFO - 127.0.0.1 - - [23/Mar/2026 22:04:16] "GET /api/archive?q=&tool= HTTP/1.1" 200 -
2026-03-23 22:04:16,545 - werkzeug - INFO - 127.0.0.1 - - [23/Mar/2026 22:04:16] "GET /api/history HTTP/1.1" 200 -
2026-03-23 22:04:16,549 - werkzeug - INFO - 127.0.0.1 - - [23/Mar/2026 22:04:16] "GET /api/archive?q=&tool= HTTP/1.1" 200 -
2026-03-23 22:34:30,361 - werkzeug - INFO - 127.0.0.1 - - [23/Mar/2026 22:34:30] "GET /api/history HTTP/1.1" 200 -
2026-03-23 22:34:30,365 - werkzeug - INFO - 127.0.0.1 - - [23/Mar/2026 22:34:30] "GET /api/archive?q=&tool= HTTP/1.1" 200 -
2026-03-23 22:34:40,270 - werkzeug - INFO - 127.0.0.1 - - [23/Mar/2026 22:34:40] "GET /api/history HTTP/1.1" 200 -
2026-03-23 22:34:40,277 - werkzeug - INFO - 127.0.0.1 - - [23/Mar/2026 22:34:40] "GET /api/archive?q=&tool= HTTP/1.1" 200 -
2026-03-23 22:34:59,920 - werkzeug - INFO - 127.0.0.1 - - [23/Mar/2026 22:34:59] "GET /api/history HTTP/1.1" 200 -
2026-03-23 22:34:59,924 - werkzeug - INFO - 127.0.0.1 - - [23/Mar/2026 22:34:59] "GET /api/archive?q=&tool= HTTP/1.1" 200 -
2026-03-23 22:35:10,453 - werkzeug - INFO - 127.0.0.1 - - [23/Mar/2026 22:35:10] "POST /api/hibp HTTP/1.1" 200 -
2026-03-23 22:35:29,921 - werkzeug - INFO - 127.0.0.1 - - [23/Mar/2026 22:35:29] "GET /api/history HTTP/1.1" 200 -
2026-03-23 22:35:29,927 - werkzeug - INFO - 127.0.0.1 - - [23/Mar/2026 22:35:29] "GET /api/archive?q=&tool= HTTP/1.1" 200 -
2026-03-23 22:35:50,326 - werkzeug - INFO - 127.0.0.1 - - [23/Mar/2026 22:35:50] "GET /api/history HTTP/1.1" 200 -
2026-03-23 22:35:50,332 - werkzeug - INFO - 127.0.0.1 - - [23/Mar/2026 22:35:50] "GET /api/archive?q=&tool= HTTP/1.1" 200 -
2026-03-23 22:35:59,938 - werkzeug - INFO - 127.0.0.1 - - [23/Mar/2026 22:35:59] "GET /api/history HTTP/1.1" 200 -
2026-03-23 22:35:59,942 - werkzeug - INFO - 127.0.0.1 - - [23/Mar/2026 22:35:59] "GET /api/archive?q=&tool= HTTP/1.1" 200 -
2026-03-23 22:36:29,920 - werkzeug - INFO - 127.0.0.1 - - [23/Mar/2026 22:36:29] "GET /api/history HTTP/1.1" 200 -
2026-03-23 22:36:29,922 - werkzeug - INFO - 127.0.0.1 - - [23/Mar/2026 22:36:29] "GET /api/archive?q=&tool= HTTP/1.1" 200 -
2026-03-23 22:36:43,507 - werkzeug - INFO - 127.0.0.1 - - [23/Mar/2026 22:36:43] "GET /api/history HTTP/1.1" 200 -
2026-03-23 22:36:43,516 - werkzeug - INFO - 127.0.0.1 - - [23/Mar/2026 22:36:43] "GET /api/archive?q=&tool= HTTP/1.1" 200 -
2026-03-23 22:36:59,918 - werkzeug - INFO - 127.0.0.1 - - [23/Mar/2026 22:36:59] "GET /api/history HTTP/1.1" 200 -
2026-03-23 22:36:59,921 - werkzeug - INFO - 127.0.0.1 - - [23/Mar/2026 22:36:59] "GET /api/archive?q=&tool= HTTP/1.1" 200 -
2026-03-23 22:37:29,914 - werkzeug - INFO - 127.0.0.1 - - [23/Mar/2026 22:37:29] "GET /api/history HTTP/1.1" 200 -
2026-03-23 22:37:29,918 - werkzeug - INFO - 127.0.0.1 - - [23/Mar/2026 22:37:29] "GET /api/archive?q=&tool= HTTP/1.1" 200 -
2026-03-23 22:37:32,768 - werkzeug - INFO - 127.0.0.1 - - [23/Mar/2026 22:37:32] "GET / HTTP/1.1" 200 -
2026-03-23 22:37:32,887 - werkzeug - INFO - 127.0.0.1 - - [23/Mar/2026 22:37:32] "[36mGET /static/style.css HTTP/1.1[0m" 304 -
2026-03-23 22:37:33,022 - werkzeug - INFO - 127.0.0.1 - - [23/Mar/2026 22:37:33] "GET /api/version HTTP/1.1" 200 -
2026-03-23 22:37:33,079 - werkzeug - INFO - 127.0.0.1 - - [23/Mar/2026 22:37:33] "GET /api/history HTTP/1.1" 200 -
2026-03-23 22:37:33,112 - werkzeug - INFO - 127.0.0.1 - - [23/Mar/2026 22:37:33] "GET /api/archive?q=&tool= HTTP/1.1" 200 -
2026-03-23 22:37:33,144 - werkzeug - INFO - 127.0.0.1 - - [23/Mar/2026 22:37:33] "GET /api/ai/status HTTP/1.1" 200 -
2026-03-23 22:37:47,192 - werkzeug - INFO - 127.0.0.1 - - [23/Mar/2026 22:37:47] "GET /api/history HTTP/1.1" 200 -
2026-03-23 22:37:47,196 - werkzeug - INFO - 127.0.0.1 - - [23/Mar/2026 22:37:47] "GET /api/archive?q=&tool= HTTP/1.1" 200 -
2026-03-23 22:37:56,366 - werkzeug - INFO - 127.0.0.1 - - [23/Mar/2026 22:37:56] "POST /api/hibp HTTP/1.1" 200 -
2026-03-23 22:38:03,005 - werkzeug - INFO - 127.0.0.1 - - [23/Mar/2026 22:38:03] "GET /api/history HTTP/1.1" 200 -
2026-03-23 22:38:03,011 - werkzeug - INFO - 127.0.0.1 - - [23/Mar/2026 22:38:03] "GET /api/archive?q=&tool= HTTP/1.1" 200 -
2026-03-23 22:38:03,721 - werkzeug - INFO - 127.0.0.1 - - [23/Mar/2026 22:38:03] "GET / HTTP/1.1" 200 -
2026-03-23 22:38:03,780 - werkzeug - INFO - 127.0.0.1 - - [23/Mar/2026 22:38:03] "GET /static/style.css HTTP/1.1" 200 -
2026-03-23 22:38:04,298 - werkzeug - INFO - 127.0.0.1 - - [23/Mar/2026 22:38:04] "GET /api/version HTTP/1.1" 200 -
2026-03-23 22:38:04,306 - werkzeug - INFO - 127.0.0.1 - - [23/Mar/2026 22:38:04] "GET /api/history HTTP/1.1" 200 -
2026-03-23 22:38:04,316 - werkzeug - INFO - 127.0.0.1 - - [23/Mar/2026 22:38:04] "GET /api/archive?q=&tool= HTTP/1.1" 200 -
2026-03-23 22:38:04,340 - werkzeug - INFO - 127.0.0.1 - - [23/Mar/2026 22:38:04] "GET /api/ai/status HTTP/1.1" 200 -
2026-03-23 22:38:30,843 - werkzeug - INFO - 127.0.0.1 - - [23/Mar/2026 22:38:30] "POST /api/hibp HTTP/1.1" 200 -
2026-03-23 22:38:34,298 - werkzeug - INFO - 127.0.0.1 - - [23/Mar/2026 22:38:34] "GET /api/history HTTP/1.1" 200 -
2026-03-23 22:38:34,301 - werkzeug - INFO - 127.0.0.1 - - [23/Mar/2026 22:38:34] "GET /api/archive?q=&tool= HTTP/1.1" 200 -
2026-03-23 22:38:41,819 - werkzeug - INFO - 127.0.0.1 - - [23/Mar/2026 22:38:41] "GET /api/history HTTP/1.1" 200 -
2026-03-23 22:38:41,822 - werkzeug - INFO - 127.0.0.1 - - [23/Mar/2026 22:38:41] "GET /api/archive?q=&tool= HTTP/1.1" 200 -
2026-03-23 22:38:52,368 - werkzeug - INFO - 127.0.0.1 - - [23/Mar/2026 22:38:52] "POST /api/system/restart HTTP/1.1" 200 -
2026-03-23 22:39:00,746 - werkzeug - INFO - [31m[1mWARNING: This is a development server. Do not use it in a production deployment. Use a production WSGI server instead.[0m
 * Running on all addresses (0.0.0.0)
 * Running on http://127.0.0.1:5000
 * Running on http://10.2.0.2:5000
2026-03-23 22:39:00,746 - werkzeug - INFO - [33mPress CTRL+C to quit[0m
2026-03-23 22:39:00,815 - werkzeug - INFO - 127.0.0.1 - - [23/Mar/2026 22:39:00] "GET / HTTP/1.1" 200 -
2026-03-23 22:39:00,881 - werkzeug - INFO - 127.0.0.1 - - [23/Mar/2026 22:39:00] "[36mGET /static/style.css HTTP/1.1[0m" 304 -
2026-03-23 22:39:00,898 - werkzeug - INFO - 127.0.0.1 - - [23/Mar/2026 22:39:00] "GET /api/version HTTP/1.1" 200 -
2026-03-23 22:39:00,911 - werkzeug - INFO - 127.0.0.1 - - [23/Mar/2026 22:39:00] "GET /api/history HTTP/1.1" 200 -
2026-03-23 22:39:00,918 - werkzeug - INFO - 127.0.0.1 - - [23/Mar/2026 22:39:00] "GET /api/archive?q=&tool= HTTP/1.1" 200 -
2026-03-23 22:39:01,024 - werkzeug - INFO - 127.0.0.1 - - [23/Mar/2026 22:39:01] "GET /api/ai/status HTTP/1.1" 200 -
2026-03-23 22:39:18,072 - werkzeug - INFO - 127.0.0.1 - - [23/Mar/2026 22:39:18] "POST /api/hibp HTTP/1.1" 200 -
2026-03-23 22:39:30,903 - werkzeug - INFO - 127.0.0.1 - - [23/Mar/2026 22:39:30] "GET /api/history HTTP/1.1" 200 -
2026-03-23 22:39:30,909 - werkzeug - INFO - 127.0.0.1 - - [23/Mar/2026 22:39:30] "GET /api/archive?q=&tool= HTTP/1.1" 200 -
2026-03-23 22:39:40,253 - werkzeug - INFO - 127.0.0.1 - - [23/Mar/2026 22:39:40] "GET /api/history HTTP/1.1" 200 -
2026-03-23 22:39:40,256 - werkzeug - INFO - 127.0.0.1 - - [23/Mar/2026 22:39:40] "GET /api/archive?q=&tool= HTTP/1.1" 200 -
2026-03-23 22:40:02,871 - werkzeug - INFO - 127.0.0.1 - - [23/Mar/2026 22:40:02] "GET /api/history HTTP/1.1" 200 -
2026-03-23 22:40:02,876 - werkzeug - INFO - 127.0.0.1 - - [23/Mar/2026 22:40:02] "GET /api/archive?q=&tool= HTTP/1.1" 200 -
2026-03-23 22:40:33,481 - werkzeug - INFO - 127.0.0.1 - - [23/Mar/2026 22:40:33] "GET /api/history HTTP/1.1" 200 -
2026-03-23 22:40:33,483 - werkzeug - INFO - 127.0.0.1 - - [23/Mar/2026 22:40:33] "GET /api/archive?q=&tool= HTTP/1.1" 200 -
2026-03-23 22:40:40,340 - werkzeug - INFO - 127.0.0.1 - - [23/Mar/2026 22:40:40] "GET /api/history HTTP/1.1" 200 -
2026-03-23 22:40:40,355 - werkzeug - INFO - 127.0.0.1 - - [23/Mar/2026 22:40:40] "GET /api/archive?q=&tool= HTTP/1.1" 200 -
2026-03-23 22:41:05,735 - werkzeug - INFO - 127.0.0.1 - - [23/Mar/2026 22:41:05] "GET /api/archive?q=&tool= HTTP/1.1" 200 -
2026-03-23 22:41:05,740 - werkzeug - INFO - 127.0.0.1 - - [23/Mar/2026 22:41:05] "GET /api/history HTTP/1.1" 200 -
2026-03-23 22:41:36,737 - werkzeug - INFO - 127.0.0.1 - - [23/Mar/2026 22:41:36] "GET /api/history HTTP/1.1" 200 -
2026-03-23 22:41:36,741 - werkzeug - INFO - 127.0.0.1 - - [23/Mar/2026 22:41:36] "GET /api/archive?q=&tool= HTTP/1.1" 200 -
2026-03-23 22:41:41,002 - werkzeug - INFO - 127.0.0.1 - - [23/Mar/2026 22:41:41] "GET /api/archive?q=&tool= HTTP/1.1" 200 -
2026-03-23 22:41:41,014 - werkzeug - INFO - 127.0.0.1 - - [23/Mar/2026 22:41:41] "GET /api/history HTTP/1.1" 200 -
2026-03-23 22:42:01,286 - werkzeug - INFO - 127.0.0.1 - - [23/Mar/2026 22:42:01] "GET /api/history HTTP/1.1" 200 -
2026-03-23 22:42:01,298 - werkzeug - INFO - 127.0.0.1 - - [23/Mar/2026 22:42:01] "GET /api/archive?q=&tool= HTTP/1.1" 200 -
2026-03-23 22:42:31,279 - werkzeug - INFO - 127.0.0.1 - - [23/Mar/2026 22:42:31] "GET /api/history HTTP/1.1" 200 -
2026-03-23 22:42:31,280 - werkzeug - INFO - 127.0.0.1 - - [23/Mar/2026 22:42:31] "GET /api/archive?q=&tool= HTTP/1.1" 200 -
2026-03-23 22:42:40,311 - werkzeug - INFO - 127.0.0.1 - - [23/Mar/2026 22:42:40] "GET /api/history HTTP/1.1" 200 -
2026-03-23 22:42:40,322 - werkzeug - INFO - 127.0.0.1 - - [23/Mar/2026 22:42:40] "GET /api/archive?q=&tool= HTTP/1.1" 200 -
2026-03-23 22:43:24,399 - werkzeug - INFO - 127.0.0.1 - - [23/Mar/2026 22:43:24] "GET /api/history HTTP/1.1" 200 -
2026-03-23 22:43:24,404 - werkzeug - INFO - 127.0.0.1 - - [23/Mar/2026 22:43:24] "GET /api/archive?q=&tool= HTTP/1.1" 200 -
2026-03-23 22:43:30,892 - werkzeug - INFO - 127.0.0.1 - - [23/Mar/2026 22:43:30] "GET /api/history HTTP/1.1" 200 -
2026-03-23 22:43:30,898 - werkzeug - INFO - 127.0.0.1 - - [23/Mar/2026 22:43:30] "GET /api/archive?q=&tool= HTTP/1.1" 200 -
2026-03-23 22:43:40,275 - werkzeug - INFO - 127.0.0.1 - - [23/Mar/2026 22:43:40] "GET /api/history HTTP/1.1" 200 -
2026-03-23 22:43:40,282 - werkzeug - INFO - 127.0.0.1 - - [23/Mar/2026 22:43:40] "GET /api/archive?q=&tool= HTTP/1.1" 200 -
2026-03-23 22:44:00,893 - werkzeug - INFO - 127.0.0.1 - - [23/Mar/2026 22:44:00] "GET /api/history HTTP/1.1" 200 -
2026-03-23 22:44:00,901 - werkzeug - INFO - 127.0.0.1 - - [23/Mar/2026 22:44:00] "GET /api/archive?q=&tool= HTTP/1.1" 200 -
2026-03-23 22:44:30,892 - werkzeug - INFO - 127.0.0.1 - - [23/Mar/2026 22:44:30] "GET /api/history HTTP/1.1" 200 -
2026-03-23 22:44:30,896 - werkzeug - INFO - 127.0.0.1 - - [23/Mar/2026 22:44:30] "GET /api/archive?q=&tool= HTTP/1.1" 200 -
2026-03-23 22:44:50,280 - werkzeug - INFO - 127.0.0.1 - - [23/Mar/2026 22:44:50] "GET /api/history HTTP/1.1" 200 -
2026-03-23 22:44:50,283 - werkzeug - INFO - 127.0.0.1 - - [23/Mar/2026 22:44:50] "GET /api/archive?q=&tool= HTTP/1.1" 200 -
2026-03-23 22:45:00,896 - werkzeug - INFO - 127.0.0.1 - - [23/Mar/2026 22:45:00] "GET /api/history HTTP/1.1" 200 -
2026-03-23 22:45:00,902 - werkzeug - INFO - 127.0.0.1 - - [23/Mar/2026 22:45:00] "GET /api/archive?q=&tool= HTTP/1.1" 200 -
2026-03-23 22:45:30,891 - werkzeug - INFO - 127.0.0.1 - - [23/Mar/2026 22:45:30] "GET /api/history HTTP/1.1" 200 -
2026-03-23 22:45:30,896 - werkzeug - INFO - 127.0.0.1 - - [23/Mar/2026 22:45:30] "GET /api/archive?q=&tool= HTTP/1.1" 200 -
2026-03-23 22:45:40,276 - werkzeug - INFO - 127.0.0.1 - - [23/Mar/2026 22:45:40] "GET /api/history HTTP/1.1" 200 -
2026-03-23 22:45:40,279 - werkzeug - INFO - 127.0.0.1 - - [23/Mar/2026 22:45:40] "GET /api/archive?q=&tool= HTTP/1.1" 200 -
2026-03-23 22:46:00,885 - werkzeug - INFO - 127.0.0.1 - - [23/Mar/2026 22:46:00] "GET /api/history HTTP/1.1" 200 -
2026-03-23 22:46:00,890 - werkzeug - INFO - 127.0.0.1 - - [23/Mar/2026 22:46:00] "GET /api/archive?q=&tool= HTTP/1.1" 200 -
2026-03-23 22:46:30,885 - werkzeug - INFO - 127.0.0.1 - - [23/Mar/2026 22:46:30] "GET /api/history HTTP/1.1" 200 -
2026-03-23 22:46:30,900 - werkzeug - INFO - 127.0.0.1 - - [23/Mar/2026 22:46:30] "GET /api/archive?q=&tool= HTTP/1.1" 200 -
2026-03-23 22:46:40,271 - werkzeug - INFO - 127.0.0.1 - - [23/Mar/2026 22:46:40] "GET /api/history HTTP/1.1" 200 -
2026-03-23 22:46:40,276 - werkzeug - INFO - 127.0.0.1 - - [23/Mar/2026 22:46:40] "GET /api/archive?q=&tool= HTTP/1.1" 200 -
2026-03-23 22:47:00,886 - werkzeug - INFO - 127.0.0.1 - - [23/Mar/2026 22:47:00] "GET /api/archive?q=&tool= HTTP/1.1" 200 -
2026-03-23 22:47:00,888 - werkzeug - INFO - 127.0.0.1 - - [23/Mar/2026 22:47:00] "GET /api/history HTTP/1.1" 200 -
2026-03-23 22:47:30,884 - werkzeug - INFO - 127.0.0.1 - - [23/Mar/2026 22:47:30] "GET /api/history HTTP/1.1" 200 -
2026-03-23 22:47:30,890 - werkzeug - INFO - 127.0.0.1 - - [23/Mar/2026 22:47:30] "GET /api/archive?q=&tool= HTTP/1.1" 200 -
2026-03-23 22:47:50,268 - werkzeug - INFO - 127.0.0.1 - - [23/Mar/2026 22:47:50] "GET /api/history HTTP/1.1" 200 -
2026-03-23 22:47:50,274 - werkzeug - INFO - 127.0.0.1 - - [23/Mar/2026 22:47:50] "GET /api/archive?q=&tool= HTTP/1.1" 200 -
2026-03-23 22:48:00,885 - werkzeug - INFO - 127.0.0.1 - - [23/Mar/2026 22:48:00] "GET /api/history HTTP/1.1" 200 -
2026-03-23 22:48:00,891 - werkzeug - INFO - 127.0.0.1 - - [23/Mar/2026 22:48:00] "GET /api/archive?q=&tool= HTTP/1.1" 200 -
2026-03-23 22:48:30,891 - werkzeug - INFO - 127.0.0.1 - - [23/Mar/2026 22:48:30] "GET /api/history HTTP/1.1" 200 -
2026-03-23 22:48:30,895 - werkzeug - INFO - 127.0.0.1 - - [23/Mar/2026 22:48:30] "GET /api/archive?q=&tool= HTTP/1.1" 200 -
2026-03-23 22:48:40,474 - werkzeug - INFO - 127.0.0.1 - - [23/Mar/2026 22:48:40] "GET /api/history HTTP/1.1" 200 -
2026-03-23 22:48:40,478 - werkzeug - INFO - 127.0.0.1 - - [23/Mar/2026 22:48:40] "GET /api/archive?q=&tool= HTTP/1.1" 200 -
2026-03-23 22:49:00,882 - werkzeug - INFO - 127.0.0.1 - - [23/Mar/2026 22:49:00] "GET /api/history HTTP/1.1" 200 -
2026-03-23 22:49:00,885 - werkzeug - INFO - 127.0.0.1 - - [23/Mar/2026 22:49:00] "GET /api/archive?q=&tool= HTTP/1.1" 200 -
2026-03-23 22:49:30,878 - werkzeug - INFO - 127.0.0.1 - - [23/Mar/2026 22:49:30] "GET /api/history HTTP/1.1" 200 -
2026-03-23 22:49:30,894 - werkzeug - INFO - 127.0.0.1 - - [23/Mar/2026 22:49:30] "GET /api/archive?q=&tool= HTTP/1.1" 200 -
2026-03-23 22:49:50,268 - werkzeug - INFO - 127.0.0.1 - - [23/Mar/2026 22:49:50] "GET /api/history HTTP/1.1" 200 -
2026-03-23 22:49:50,277 - werkzeug - INFO - 127.0.0.1 - - [23/Mar/2026 22:49:50] "GET /api/archive?q=&tool= HTTP/1.1" 200 -
2026-03-23 22:50:00,877 - werkzeug - INFO - 127.0.0.1 - - [23/Mar/2026 22:50:00] "GET /api/history HTTP/1.1" 200 -
2026-03-23 22:50:00,887 - werkzeug - INFO - 127.0.0.1 - - [23/Mar/2026 22:50:00] "GET /api/archive?q=&tool= HTTP/1.1" 200 -
2026-03-23 22:50:30,879 - werkzeug - INFO - 127.0.0.1 - - [23/Mar/2026 22:50:30] "GET /api/history HTTP/1.1" 200 -
2026-03-23 22:50:30,882 - werkzeug - INFO - 127.0.0.1 - - [23/Mar/2026 22:50:30] "GET /api/archive?q=&tool= HTTP/1.1" 200 -
2026-03-23 22:50:50,270 - werkzeug - INFO - 127.0.0.1 - - [23/Mar/2026 22:50:50] "GET /api/history HTTP/1.1" 200 -
2026-03-23 22:50:50,274 - werkzeug - INFO - 127.0.0.1 - - [23/Mar/2026 22:50:50] "GET /api/archive?q=&tool= HTTP/1.1" 200 -
2026-03-23 22:51:00,882 - werkzeug - INFO - 127.0.0.1 - - [23/Mar/2026 22:51:00] "GET /api/history HTTP/1.1" 200 -
2026-03-23 22:51:00,901 - werkzeug - INFO - 127.0.0.1 - - [23/Mar/2026 22:51:00] "GET /api/archive?q=&tool= HTTP/1.1" 200 -
2026-03-23 22:51:30,912 - werkzeug - INFO - 127.0.0.1 - - [23/Mar/2026 22:51:30] "GET /api/history HTTP/1.1" 200 -
2026-03-23 22:51:30,922 - werkzeug - INFO - 127.0.0.1 - - [23/Mar/2026 22:51:30] "GET /api/archive?q=&tool= HTTP/1.1" 200 -
2026-03-23 22:51:40,366 - werkzeug - INFO - 127.0.0.1 - - [23/Mar/2026 22:51:40] "GET /api/history HTTP/1.1" 200 -
2026-03-23 22:51:40,371 - werkzeug - INFO - 127.0.0.1 - - [23/Mar/2026 22:51:40] "GET /api/archive?q=&tool= HTTP/1.1" 200 -
2026-03-23 22:52:00,874 - werkzeug - INFO - 127.0.0.1 - - [23/Mar/2026 22:52:00] "GET /api/history HTTP/1.1" 200 -
2026-03-23 22:52:00,879 - werkzeug - INFO - 127.0.0.1 - - [23/Mar/2026 22:52:00] "GET /api/archive?q=&tool= HTTP/1.1" 200 -
2026-03-23 22:52:30,875 - werkzeug - INFO - 127.0.0.1 - - [23/Mar/2026 22:52:30] "GET /api/history HTTP/1.1" 200 -
2026-03-23 22:52:30,879 - werkzeug - INFO - 127.0.0.1 - - [23/Mar/2026 22:52:30] "GET /api/archive?q=&tool= HTTP/1.1" 200 -
2026-03-23 22:52:40,260 - werkzeug - INFO - 127.0.0.1 - - [23/Mar/2026 22:52:40] "GET /api/history HTTP/1.1" 200 -
2026-03-23 22:52:40,266 - werkzeug - INFO - 127.0.0.1 - - [23/Mar/2026 22:52:40] "GET /api/archive?q=&tool= HTTP/1.1" 200 -
2026-03-23 22:53:00,876 - werkzeug - INFO - 127.0.0.1 - - [23/Mar/2026 22:53:00] "GET /api/history HTTP/1.1" 200 -
2026-03-23 22:53:00,891 - werkzeug - INFO - 127.0.0.1 - - [23/Mar/2026 22:53:00] "GET /api/archive?q=&tool= HTTP/1.1" 200 -
2026-03-23 22:53:30,869 - werkzeug - INFO - 127.0.0.1 - - [23/Mar/2026 22:53:30] "GET /api/history HTTP/1.1" 200 -
2026-03-23 22:53:30,871 - werkzeug - INFO - 127.0.0.1 - - [23/Mar/2026 22:53:30] "GET /api/archive?q=&tool= HTTP/1.1" 200 -
2026-03-23 22:53:50,257 - werkzeug - INFO - 127.0.0.1 - - [23/Mar/2026 22:53:50] "GET /api/history HTTP/1.1" 200 -
2026-03-23 22:53:50,267 - werkzeug - INFO - 127.0.0.1 - - [23/Mar/2026 22:53:50] "GET /api/archive?q=&tool= HTTP/1.1" 200 -
2026-03-23 22:54:00,869 - werkzeug - INFO - 127.0.0.1 - - [23/Mar/2026 22:54:00] "GET /api/history HTTP/1.1" 200 -
2026-03-23 22:54:00,874 - werkzeug - INFO - 127.0.0.1 - - [23/Mar/2026 22:54:00] "GET /api/archive?q=&tool= HTTP/1.1" 200 -
2026-03-23 22:54:30,869 - werkzeug - INFO - 127.0.0.1 - - [23/Mar/2026 22:54:30] "GET /api/history HTTP/1.1" 200 -
2026-03-23 22:54:30,873 - werkzeug - INFO - 127.0.0.1 - - [23/Mar/2026 22:54:30] "GET /api/archive?q=&tool= HTTP/1.1" 200 -
2026-03-23 22:54:50,252 - werkzeug - INFO - 127.0.0.1 - - [23/Mar/2026 22:54:50] "GET /api/history HTTP/1.1" 200 -
2026-03-23 22:54:50,260 - werkzeug - INFO - 127.0.0.1 - - [23/Mar/2026 22:54:50] "GET /api/archive?q=&tool= HTTP/1.1" 200 -
2026-03-23 22:54:50,820 - werkzeug - INFO - 127.0.0.1 - - [23/Mar/2026 22:54:50] "POST /api/system/restart HTTP/1.1" 200 -
2026-03-23 22:54:59,244 - werkzeug - INFO - [31m[1mWARNING: This is a development server. Do not use it in a production deployment. Use a production WSGI server instead.[0m
 * Running on all addresses (0.0.0.0)
 * Running on http://127.0.0.1:5000
 * Running on http://10.2.0.2:5000
2026-03-23 22:54:59,244 - werkzeug - INFO - [33mPress CTRL+C to quit[0m
2026-03-23 22:54:59,287 - werkzeug - INFO - 127.0.0.1 - - [23/Mar/2026 22:54:59] "GET / HTTP/1.1" 200 -
2026-03-23 22:54:59,342 - werkzeug - INFO - 127.0.0.1 - - [23/Mar/2026 22:54:59] "[36mGET /static/style.css HTTP/1.1[0m" 304 -
2026-03-23 22:54:59,476 - werkzeug - INFO - 127.0.0.1 - - [23/Mar/2026 22:54:59] "GET /api/version HTTP/1.1" 200 -
2026-03-23 22:54:59,490 - werkzeug - INFO - 127.0.0.1 - - [23/Mar/2026 22:54:59] "GET /api/history HTTP/1.1" 200 -
2026-03-23 22:54:59,498 - werkzeug - INFO - 127.0.0.1 - - [23/Mar/2026 22:54:59] "GET /api/archive?q=&tool= HTTP/1.1" 200 -
2026-03-23 22:54:59,572 - werkzeug - INFO - 127.0.0.1 - - [23/Mar/2026 22:54:59] "GET /api/ai/status HTTP/1.1" 200 -
2026-03-23 22:55:16,063 - werkzeug - INFO - 127.0.0.1 - - [23/Mar/2026 22:55:16] "POST /api/name-search HTTP/1.1" 200 -
2026-03-23 22:55:29,539 - werkzeug - INFO - 127.0.0.1 - - [23/Mar/2026 22:55:29] "GET /api/archive?q=&tool= HTTP/1.1" 200 -
2026-03-23 22:55:29,550 - werkzeug - INFO - 127.0.0.1 - - [23/Mar/2026 22:55:29] "GET /api/history HTTP/1.1" 200 -
2026-03-23 22:55:42,011 - werkzeug - INFO - 127.0.0.1 - - [23/Mar/2026 22:55:42] "GET /api/history HTTP/1.1" 200 -
2026-03-23 22:55:42,014 - werkzeug - INFO - 127.0.0.1 - - [23/Mar/2026 22:55:42] "GET /api/archive?q=&tool= HTTP/1.1" 200 -
2026-03-23 22:55:59,467 - werkzeug - INFO - 127.0.0.1 - - [23/Mar/2026 22:55:59] "GET /api/history HTTP/1.1" 200 -
2026-03-23 22:55:59,473 - werkzeug - INFO - 127.0.0.1 - - [23/Mar/2026 22:55:59] "GET /api/archive?q=&tool= HTTP/1.1" 200 -
2026-03-23 22:56:29,464 - werkzeug - INFO - 127.0.0.1 - - [23/Mar/2026 22:56:29] "GET /api/history HTTP/1.1" 200 -
2026-03-23 22:56:29,467 - werkzeug - INFO - 127.0.0.1 - - [23/Mar/2026 22:56:29] "GET /api/archive?q=&tool= HTTP/1.1" 200 -
2026-03-23 22:56:50,253 - werkzeug - INFO - 127.0.0.1 - - [23/Mar/2026 22:56:50] "GET /api/history HTTP/1.1" 200 -
2026-03-23 22:56:50,258 - werkzeug - INFO - 127.0.0.1 - - [23/Mar/2026 22:56:50] "GET /api/archive?q=&tool= HTTP/1.1" 200 -
2026-03-23 22:56:59,464 - werkzeug - INFO - 127.0.0.1 - - [23/Mar/2026 22:56:59] "GET /api/history HTTP/1.1" 200 -
2026-03-23 22:56:59,471 - werkzeug - INFO - 127.0.0.1 - - [23/Mar/2026 22:56:59] "GET /api/archive?q=&tool= HTTP/1.1" 200 -
2026-03-23 22:57:29,466 - werkzeug - INFO - 127.0.0.1 - - [23/Mar/2026 22:57:29] "GET /api/history HTTP/1.1" 200 -
2026-03-23 22:57:29,472 - werkzeug - INFO - 127.0.0.1 - - [23/Mar/2026 22:57:29] "GET /api/archive?q=&tool= HTTP/1.1" 200 -
2026-03-23 22:57:50,249 - werkzeug - INFO - 127.0.0.1 - - [23/Mar/2026 22:57:50] "GET /api/history HTTP/1.1" 200 -
2026-03-23 22:57:50,257 - werkzeug - INFO - 127.0.0.1 - - [23/Mar/2026 22:57:50] "GET /api/archive?q=&tool= HTTP/1.1" 200 -
2026-03-23 22:57:59,462 - werkzeug - INFO - 127.0.0.1 - - [23/Mar/2026 22:57:59] "GET /api/history HTTP/1.1" 200 -
2026-03-23 22:57:59,469 - werkzeug - INFO - 127.0.0.1 - - [23/Mar/2026 22:57:59] "GET /api/archive?q=&tool= HTTP/1.1" 200 -
2026-03-23 22:58:29,465 - werkzeug - INFO - 127.0.0.1 - - [23/Mar/2026 22:58:29] "GET /api/history HTTP/1.1" 200 -
2026-03-23 22:58:29,482 - werkzeug - INFO - 127.0.0.1 - - [23/Mar/2026 22:58:29] "GET /api/archive?q=&tool= HTTP/1.1" 200 -
2026-03-23 22:58:50,248 - werkzeug - INFO - 127.0.0.1 - - [23/Mar/2026 22:58:50] "GET /api/history HTTP/1.1" 200 -
2026-03-23 22:58:50,252 - werkzeug - INFO - 127.0.0.1 - - [23/Mar/2026 22:58:50] "GET /api/archive?q=&tool= HTTP/1.1" 200 -
2026-03-23 22:58:59,463 - werkzeug - INFO - 127.0.0.1 - - [23/Mar/2026 22:58:59] "GET /api/history HTTP/1.1" 200 -
2026-03-23 22:58:59,468 - werkzeug - INFO - 127.0.0.1 - - [23/Mar/2026 22:58:59] "GET /api/archive?q=&tool= HTTP/1.1" 200 -
2026-03-23 22:59:03,820 - httpx - INFO - HTTP Request: GET https://map.snapchat.com/search?query=John%20Smith "HTTP/1.1 308 Permanent Redirect"
2026-03-23 22:59:03,919 - httpx - INFO - HTTP Request: GET https://www.youtube.com/results?search_query=John%20Smith "HTTP/1.1 200 OK"
2026-03-23 22:59:03,940 - httpx - INFO - HTTP Request: GET https://api.github.com/search/users?q=John+Smith+in:name "HTTP/1.1 200 OK"
2026-03-23 22:59:04,043 - httpx - INFO - HTTP Request: GET https://www.reddit.com/search/?q=John%20Smith "HTTP/1.1 302 Found"
2026-03-23 22:59:04,140 - httpx - INFO - HTTP Request: GET https://www.facebook.com/search/people/?q=John%20Smith "HTTP/1.1 404 Not Found"
2026-03-23 22:59:04,200 - httpx - INFO - HTTP Request: GET https://www.linkedin.com/search/results/people/?keywords=John%20Smith "HTTP/1.1 307 Temporary Redirect"
2026-03-23 22:59:04,275 - httpx - INFO - HTTP Request: GET https://www.snapchat.com/ "HTTP/1.1 200 OK"
2026-03-23 22:59:04,304 - httpx - INFO - HTTP Request: GET https://www.instagram.com/web/search/topsearch/?search_term=John%20Smith "HTTP/1.1 302 Found"
2026-03-23 22:59:04,456 - httpx - INFO - HTTP Request: GET https://twitter.com/search?q=John%20Smith&src=sp "HTTP/1.1 301 Moved Permanently"
2026-03-23 22:59:04,527 - httpx - INFO - HTTP Request: GET https://www.instagram.com/accounts/login/?next=/web/search/topsearch/%3Fsearch_term%3DJohn%2520Smith "HTTP/1.1 200 OK"
2026-03-23 22:59:04,545 - httpx - INFO - HTTP Request: GET https://www.linkedin.com/uas/login?session_redirect=%2Fsearch%2Fresults%2Fpeople%2F%3Fkeywords%3DJohn%2520Smith&skipRedirect=true "HTTP/1.1 200 OK"
2026-03-23 22:59:04,620 - httpx - INFO - HTTP Request: GET https://www.reddit.com/search/?q=John%20Smith&rdt=57572 "HTTP/1.1 403 Blocked"
2026-03-23 22:59:05,167 - httpx - INFO - HTTP Request: GET https://x.com/search?q=John%20Smith&src=sp "HTTP/1.1 200 OK"
2026-03-23 22:59:08,145 - httpx - INFO - HTTP Request: GET https://www.tiktok.com/api/search/general/full/?keyword=John%20Smith "HTTP/1.1 200 OK"
2026-03-23 22:59:08,156 - app - INFO - Name search for 'John Smith': 3 platforms with results
2026-03-23 22:59:29,463 - werkzeug - INFO - 127.0.0.1 - - [23/Mar/2026 22:59:29] "GET /api/history HTTP/1.1" 200 -
2026-03-23 22:59:29,474 - werkzeug - INFO - 127.0.0.1 - - [23/Mar/2026 22:59:29] "GET /api/archive?q=&tool= HTTP/1.1" 200 -
2026-03-23 22:59:50,246 - werkzeug - INFO - 127.0.0.1 - - [23/Mar/2026 22:59:50] "GET /api/history HTTP/1.1" 200 -
2026-03-23 22:59:50,253 - werkzeug - INFO - 127.0.0.1 - - [23/Mar/2026 22:59:50] "GET /api/archive?q=&tool= HTTP/1.1" 200 -
2026-03-23 22:59:59,459 - werkzeug - INFO - 127.0.0.1 - - [23/Mar/2026 22:59:59] "GET /api/history HTTP/1.1" 200 -
2026-03-23 22:59:59,467 - werkzeug - INFO - 127.0.0.1 - - [23/Mar/2026 22:59:59] "GET /api/archive?q=&tool= HTTP/1.1" 200 -
2026-03-23 23:00:29,462 - werkzeug - INFO - 127.0.0.1 - - [23/Mar/2026 23:00:29] "GET /api/history HTTP/1.1" 200 -
2026-03-23 23:00:29,466 - werkzeug - INFO - 127.0.0.1 - - [23/Mar/2026 23:00:29] "GET /api/archive?q=&tool= HTTP/1.1" 200 -
2026-03-23 23:00:50,244 - werkzeug - INFO - 127.0.0.1 - - [23/Mar/2026 23:00:50] "GET /api/history HTTP/1.1" 200 -
2026-03-23 23:00:50,250 - werkzeug - INFO - 127.0.0.1 - - [23/Mar/2026 23:00:50] "GET /api/archive?q=&tool= HTTP/1.1" 200 -
2026-03-23 23:00:59,458 - werkzeug - INFO - 127.0.0.1 - - [23/Mar/2026 23:00:59] "GET /api/history HTTP/1.1" 200 -
2026-03-23 23:00:59,515 - werkzeug - INFO - 127.0.0.1 - - [23/Mar/2026 23:00:59] "GET /api/archive?q=&tool= HTTP/1.1" 200 -
2026-03-23 23:01:29,551 - werkzeug - INFO - 127.0.0.1 - - [23/Mar/2026 23:01:29] "GET /api/archive?q=&tool= HTTP/1.1" 200 -
2026-03-23 23:01:29,563 - werkzeug - INFO - 127.0.0.1 - - [23/Mar/2026 23:01:29] "GET /api/history HTTP/1.1" 200 -
2026-03-23 23:01:50,355 - werkzeug - INFO - 127.0.0.1 - - [23/Mar/2026 23:01:50] "GET /api/history HTTP/1.1" 200 -
2026-03-23 23:01:50,359 - werkzeug - INFO - 127.0.0.1 - - [23/Mar/2026 23:01:50] "GET /api/archive?q=&tool= HTTP/1.1" 200 -
2026-03-23 23:01:59,458 - werkzeug - INFO - 127.0.0.1 - - [23/Mar/2026 23:01:59] "GET /api/history HTTP/1.1" 200 -
2026-03-23 23:01:59,486 - werkzeug - INFO - 127.0.0.1 - - [23/Mar/2026 23:01:59] "GET /api/archive?q=&tool= HTTP/1.1" 200 -
2026-03-23 23:02:29,454 - werkzeug - INFO - 127.0.0.1 - - [23/Mar/2026 23:02:29] "GET /api/archive?q=&tool= HTTP/1.1" 200 -
2026-03-23 23:02:29,458 - werkzeug - INFO - 127.0.0.1 - - [23/Mar/2026 23:02:29] "GET /api/history HTTP/1.1" 200 -
2026-03-23 23:02:40,235 - werkzeug - INFO - 127.0.0.1 - - [23/Mar/2026 23:02:40] "GET /api/history HTTP/1.1" 200 -
2026-03-23 23:02:40,242 - werkzeug - INFO - 127.0.0.1 - - [23/Mar/2026 23:02:40] "GET /api/archive?q=&tool= HTTP/1.1" 200 -
2026-03-23 23:02:59,453 - werkzeug - INFO - 127.0.0.1 - - [23/Mar/2026 23:02:59] "GET /api/archive?q=&tool= HTTP/1.1" 200 -
2026-03-23 23:02:59,458 - werkzeug - INFO - 127.0.0.1 - - [23/Mar/2026 23:02:59] "GET /api/history HTTP/1.1" 200 -
2026-03-23 23:03:29,452 - werkzeug - INFO - 127.0.0.1 - - [23/Mar/2026 23:03:29] "GET /api/history HTTP/1.1" 200 -
2026-03-23 23:03:29,465 - werkzeug - INFO - 127.0.0.1 - - [23/Mar/2026 23:03:29] "GET /api/archive?q=&tool= HTTP/1.1" 200 -
2026-03-23 23:03:50,235 - werkzeug - INFO - 127.0.0.1 - - [23/Mar/2026 23:03:50] "GET /api/history HTTP/1.1" 200 -
2026-03-23 23:03:50,239 - werkzeug - INFO - 127.0.0.1 - - [23/Mar/2026 23:03:50] "GET /api/archive?q=&tool= HTTP/1.1" 200 -
2026-03-23 23:03:59,451 - werkzeug - INFO - 127.0.0.1 - - [23/Mar/2026 23:03:59] "GET /api/archive?q=&tool= HTTP/1.1" 200 -
2026-03-23 23:03:59,455 - werkzeug - INFO - 127.0.0.1 - - [23/Mar/2026 23:03:59] "GET /api/history HTTP/1.1" 200 -
2026-03-23 23:04:29,449 - werkzeug - INFO - 127.0.0.1 - - [23/Mar/2026 23:04:29] "GET /api/archive?q=&tool= HTTP/1.1" 200 -
2026-03-23 23:04:29,456 - werkzeug - INFO - 127.0.0.1 - - [23/Mar/2026 23:04:29] "GET /api/history HTTP/1.1" 200 -
2026-03-23 23:04:50,231 - werkzeug - INFO - 127.0.0.1 - - [23/Mar/2026 23:04:50] "GET /api/history HTTP/1.1" 200 -
2026-03-23 23:04:50,238 - werkzeug - INFO - 127.0.0.1 - - [23/Mar/2026 23:04:50] "GET /api/archive?q=&tool= HTTP/1.1" 200 -
2026-03-23 23:04:59,452 - werkzeug - INFO - 127.0.0.1 - - [23/Mar/2026 23:04:59] "GET /api/history HTTP/1.1" 200 -
2026-03-23 23:04:59,457 - werkzeug - INFO - 127.0.0.1 - - [23/Mar/2026 23:04:59] "GET /api/archive?q=&tool= HTTP/1.1" 200 -
2026-03-23 23:05:29,451 - werkzeug - INFO - 127.0.0.1 - - [23/Mar/2026 23:05:29] "GET /api/history HTTP/1.1" 200 -
2026-03-23 23:05:29,455 - werkzeug - INFO - 127.0.0.1 - - [23/Mar/2026 23:05:29] "GET /api/archive?q=&tool= HTTP/1.1" 200 -
2026-03-23 23:05:59,343 - werkzeug - INFO - 127.0.0.1 - - [23/Mar/2026 23:05:59] "GET /api/history HTTP/1.1" 200 -
2026-03-23 23:05:59,348 - werkzeug - INFO - 127.0.0.1 - - [23/Mar/2026 23:05:59] "GET /api/archive?q=&tool= HTTP/1.1" 200 -
2026-03-23 23:06:00,134 - werkzeug - INFO - 127.0.0.1 - - [23/Mar/2026 23:06:00] "GET /api/history HTTP/1.1" 200 -
2026-03-23 23:06:00,139 - werkzeug - INFO - 127.0.0.1 - - [23/Mar/2026 23:06:00] "GET /api/archive?q=&tool= HTTP/1.1" 200 -
2026-03-23 23:06:29,340 - werkzeug - INFO - 127.0.0.1 - - [23/Mar/2026 23:06:29] "GET /api/history HTTP/1.1" 200 -
2026-03-23 23:06:29,344 - werkzeug - INFO - 127.0.0.1 - - [23/Mar/2026 23:06:29] "GET /api/archive?q=&tool= HTTP/1.1" 200 -
2026-03-23 23:06:40,121 - werkzeug - INFO - 127.0.0.1 - - [23/Mar/2026 23:06:40] "GET /api/history HTTP/1.1" 200 -
2026-03-23 23:06:40,125 - werkzeug - INFO - 127.0.0.1 - - [23/Mar/2026 23:06:40] "GET /api/archive?q=&tool= HTTP/1.1" 200 -
2026-03-23 23:06:59,335 - werkzeug - INFO - 127.0.0.1 - - [23/Mar/2026 23:06:59] "GET /api/history HTTP/1.1" 200 -
2026-03-23 23:06:59,340 - werkzeug - INFO - 127.0.0.1 - - [23/Mar/2026 23:06:59] "GET /api/archive?q=&tool= HTTP/1.1" 200 -
2026-03-23 23:07:29,381 - werkzeug - INFO - 127.0.0.1 - - [23/Mar/2026 23:07:29] "GET /api/history HTTP/1.1" 200 -
2026-03-23 23:07:29,386 - werkzeug - INFO - 127.0.0.1 - - [23/Mar/2026 23:07:29] "GET /api/archive?q=&tool= HTTP/1.1" 200 -
2026-03-23 23:07:59,338 - werkzeug - INFO - 127.0.0.1 - - [23/Mar/2026 23:07:59] "GET /api/history HTTP/1.1" 200 -
2026-03-23 23:07:59,342 - werkzeug - INFO - 127.0.0.1 - - [23/Mar/2026 23:07:59] "GET /api/archive?q=&tool= HTTP/1.1" 200 -
2026-03-23 23:08:00,223 - werkzeug - INFO - 127.0.0.1 - - [23/Mar/2026 23:08:00] "GET /api/history HTTP/1.1" 200 -
2026-03-23 23:08:00,227 - werkzeug - INFO - 127.0.0.1 - - [23/Mar/2026 23:08:00] "GET /api/archive?q=&tool= HTTP/1.1" 200 -
2026-03-23 23:08:14,293 - werkzeug - INFO - 127.0.0.1 - - [23/Mar/2026 23:08:14] "POST /api/system/restart HTTP/1.1" 200 -
2026-03-23 23:08:22,576 - werkzeug - INFO - [31m[1mWARNING: This is a development server. Do not use it in a production deployment. Use a production WSGI server instead.[0m
 * Running on all addresses (0.0.0.0)
 * Running on http://127.0.0.1:5000
 * Running on http://10.2.0.2:5000
2026-03-23 23:08:22,576 - werkzeug - INFO - [33mPress CTRL+C to quit[0m
2026-03-23 23:08:22,606 - werkzeug - INFO - 127.0.0.1 - - [23/Mar/2026 23:08:22] "GET / HTTP/1.1" 200 -
2026-03-23 23:08:22,657 - werkzeug - INFO - 127.0.0.1 - - [23/Mar/2026 23:08:22] "[36mGET /static/style.css HTTP/1.1[0m" 304 -
2026-03-23 23:08:22,867 - werkzeug - INFO - 127.0.0.1 - - [23/Mar/2026 23:08:22] "GET /api/version HTTP/1.1" 200 -
2026-03-23 23:08:22,874 - werkzeug - INFO - 127.0.0.1 - - [23/Mar/2026 23:08:22] "GET /api/history HTTP/1.1" 200 -
2026-03-23 23:08:22,884 - werkzeug - INFO - 127.0.0.1 - - [23/Mar/2026 23:08:22] "GET /api/archive?q=&tool= HTTP/1.1" 200 -
2026-03-23 23:08:22,933 - werkzeug - INFO - 127.0.0.1 - - [23/Mar/2026 23:08:22] "GET /api/ai/status HTTP/1.1" 200 -
2026-03-23 23:08:50,113 - werkzeug - INFO - 127.0.0.1 - - [23/Mar/2026 23:08:50] "GET /api/history HTTP/1.1" 200 -
2026-03-23 23:08:50,119 - werkzeug - INFO - 127.0.0.1 - - [23/Mar/2026 23:08:50] "GET /api/archive?q=&tool= HTTP/1.1" 200 -
2026-03-23 23:08:52,854 - werkzeug - INFO - 127.0.0.1 - - [23/Mar/2026 23:08:52] "GET /api/history HTTP/1.1" 200 -
2026-03-23 23:08:52,861 - werkzeug - INFO - 127.0.0.1 - - [23/Mar/2026 23:08:52] "GET /api/archive?q=&tool= HTTP/1.1" 200 -
2026-03-23 23:09:11,950 - httpx - INFO - HTTP Request: GET https://twitter.com/search?q=ivan%20versteegh&src=sp "HTTP/1.1 301 Moved Permanently"
2026-03-23 23:09:11,965 - httpx - INFO - HTTP Request: GET https://map.snapchat.com/search?query=ivan%20versteegh "HTTP/1.1 308 Permanent Redirect"
2026-03-23 23:09:12,027 - httpx - INFO - HTTP Request: GET https://www.pinterest.com/search/users/?q=ivan%20versteegh "HTTP/1.1 200 OK"
2026-03-23 23:09:12,035 - httpx - INFO - HTTP Request: GET https://www.instagram.com/web/search/topsearch/?search_term=ivan%20versteegh "HTTP/1.1 401 Unauthorized"
2026-03-23 23:09:12,048 - httpx - INFO - HTTP Request: GET https://api.github.com/search/users?q=ivan+versteegh+in:name "HTTP/1.1 200 OK"
2026-03-23 23:09:12,070 - httpx - INFO - HTTP Request: GET https://www.linkedin.com/search/results/people/?keywords=ivan%20versteegh "HTTP/1.1 307 Temporary Redirect"
2026-03-23 23:09:12,078 - httpx - INFO - HTTP Request: GET https://www.reddit.com/search/?q=ivan%20versteegh "HTTP/1.1 302 Found"
2026-03-23 23:09:12,124 - httpx - INFO - HTTP Request: GET https://medium.com/search?q=ivan%20versteegh "HTTP/1.1 403 Forbidden"
2026-03-23 23:09:12,167 - httpx - INFO - HTTP Request: GET https://www.youtube.com/results?search_query=ivan%20versteegh "HTTP/1.1 200 OK"
2026-03-23 23:09:12,316 - httpx - INFO - HTTP Request: GET https://www.facebook.com/search/people/?q=ivan%20versteegh "HTTP/1.1 404 Not Found"
2026-03-23 23:09:12,430 - httpx - INFO - HTTP Request: GET https://www.tiktok.com/api/search/general/full/?keyword=ivan%20versteegh "HTTP/1.1 200 OK"
2026-03-23 23:09:12,452 - httpx - INFO - HTTP Request: GET https://www.linkedin.com/uas/login?session_redirect=%2Fsearch%2Fresults%2Fpeople%2F%3Fkeywords%3Divan%2520versteegh&skipRedirect=true "HTTP/1.1 200 OK"
2026-03-23 23:09:12,564 - httpx - INFO - HTTP Request: GET https://x.com/search?q=ivan%20versteegh&src=sp "HTTP/1.1 200 OK"
2026-03-23 23:09:12,636 - httpx - INFO - HTTP Request: GET https://www.snapchat.com/ "HTTP/1.1 200 OK"
2026-03-23 23:09:12,653 - httpx - INFO - HTTP Request: GET https://www.reddit.com/search/?q=ivan%20versteegh&rdt=61384 "HTTP/1.1 403 Blocked"
2026-03-23 23:09:12,919 - httpx - INFO - HTTP Request: GET https://www.twitch.tv/search?term=ivan%20versteegh "HTTP/1.1 200 OK"
2026-03-23 23:09:13,174 - __main__ - INFO - Name search for 'ivan versteegh': 2 platforms with results
2026-03-23 23:09:13,176 - werkzeug - INFO - 127.0.0.1 - - [23/Mar/2026 23:09:13] "POST /api/name-search HTTP/1.1" 200 -
2026-03-23 23:09:22,858 - werkzeug - INFO - 127.0.0.1 - - [23/Mar/2026 23:09:22] "GET /api/history HTTP/1.1" 200 -
2026-03-23 23:09:22,862 - werkzeug - INFO - 127.0.0.1 - - [23/Mar/2026 23:09:22] "GET /api/archive?q=&tool= HTTP/1.1" 200 -
2026-03-23 23:09:42,609 - werkzeug - INFO - 127.0.0.1 - - [23/Mar/2026 23:09:42] "GET /api/history HTTP/1.1" 200 -
2026-03-23 23:09:42,612 - werkzeug - INFO - 127.0.0.1 - - [23/Mar/2026 23:09:42] "GET /api/archive?q=&tool= HTTP/1.1" 200 -
2026-03-23 23:09:52,854 - werkzeug - INFO - 127.0.0.1 - - [23/Mar/2026 23:09:52] "GET /api/history HTTP/1.1" 200 -
2026-03-23 23:09:52,858 - werkzeug - INFO - 127.0.0.1 - - [23/Mar/2026 23:09:52] "GET /api/archive?q=&tool= HTTP/1.1" 200 -
2026-03-23 23:10:22,901 - werkzeug - INFO - 127.0.0.1 - - [23/Mar/2026 23:10:22] "GET /api/history HTTP/1.1" 200 -
2026-03-23 23:10:22,918 - werkzeug - INFO - 127.0.0.1 - - [23/Mar/2026 23:10:22] "GET /api/archive?q=&tool= HTTP/1.1" 200 -
2026-03-23 23:10:29,610 - httpx - INFO - HTTP Request: GET https://medium.com/search?q=marloes%20van%20asperen "HTTP/1.1 403 Forbidden"
2026-03-23 23:10:29,644 - httpx - INFO - HTTP Request: GET https://www.youtube.com/results?search_query=marloes%20van%20asperen "HTTP/1.1 200 OK"
2026-03-23 23:10:29,664 - httpx - INFO - HTTP Request: GET https://www.instagram.com/web/search/topsearch/?search_term=marloes%20van%20asperen "HTTP/1.1 401 Unauthorized"
2026-03-23 23:10:29,691 - httpx - INFO - HTTP Request: GET https://www.pinterest.com/search/users/?q=marloes%20van%20asperen "HTTP/1.1 200 OK"
2026-03-23 23:10:29,760 - httpx - INFO - HTTP Request: GET https://www.facebook.com/search/people/?q=marloes%20van%20asperen "HTTP/1.1 404 Not Found"
2026-03-23 23:10:29,785 - httpx - INFO - HTTP Request: GET https://api.github.com/search/users?q=marloes+van%20asperen+in:name "HTTP/1.1 200 OK"
2026-03-23 23:10:29,810 - httpx - INFO - HTTP Request: GET https://map.snapchat.com/search?query=marloes%20van%20asperen "HTTP/1.1 308 Permanent Redirect"
2026-03-23 23:10:29,948 - httpx - INFO - HTTP Request: GET https://www.reddit.com/search/?q=marloes%20van%20asperen "HTTP/1.1 302 Found"
2026-03-23 23:10:29,984 - httpx - INFO - HTTP Request: GET https://www.twitch.tv/search?term=marloes%20van%20asperen "HTTP/1.1 200 OK"
2026-03-23 23:10:30,028 - httpx - INFO - HTTP Request: GET https://www.tiktok.com/api/search/general/full/?keyword=marloes%20van%20asperen "HTTP/1.1 200 OK"
2026-03-23 23:10:30,051 - httpx - INFO - HTTP Request: GET https://twitter.com/search?q=marloes%20van%20asperen&src=sp "HTTP/1.1 301 Moved Permanently"
2026-03-23 23:10:30,156 - httpx - INFO - HTTP Request: GET https://www.linkedin.com/search/results/people/?keywords=marloes%20van%20asperen "HTTP/1.1 307 Temporary Redirect"
2026-03-23 23:10:30,266 - httpx - INFO - HTTP Request: GET https://www.snapchat.com/ "HTTP/1.1 200 OK"
2026-03-23 23:10:30,513 - httpx - INFO - HTTP Request: GET https://www.linkedin.com/uas/login?session_redirect=%2Fsearch%2Fresults%2Fpeople%2F%3Fkeywords%3Dmarloes%2520van%2520asperen&skipRedirect=true "HTTP/1.1 200 OK"
2026-03-23 23:10:30,530 - httpx - INFO - HTTP Request: GET https://www.reddit.com/search/?q=marloes%20van%20asperen&rdt=38326 "HTTP/1.1 403 Blocked"
2026-03-23 23:10:30,629 - httpx - INFO - HTTP Request: GET https://x.com/search?q=marloes%20van%20asperen&src=sp "HTTP/1.1 200 OK"
2026-03-23 23:10:31,033 - __main__ - INFO - Name search for 'marloes van asperen': 2 platforms with results
2026-03-23 23:10:31,035 - werkzeug - INFO - 127.0.0.1 - - [23/Mar/2026 23:10:31] "POST /api/name-search HTTP/1.1" 200 -
2026-03-23 23:10:40,257 - werkzeug - INFO - 127.0.0.1 - - [23/Mar/2026 23:10:40] "GET /api/history HTTP/1.1" 200 -
2026-03-23 23:10:40,260 - werkzeug - INFO - 127.0.0.1 - - [23/Mar/2026 23:10:40] "GET /api/archive?q=&tool= HTTP/1.1" 200 -
2026-03-23 23:10:55,360 - werkzeug - INFO - 127.0.0.1 - - [23/Mar/2026 23:10:55] "GET /api/history HTTP/1.1" 200 -
2026-03-23 23:10:55,364 - werkzeug - INFO - 127.0.0.1 - - [23/Mar/2026 23:10:55] "GET /api/archive?q=&tool= HTTP/1.1" 200 -
2026-03-23 23:11:33,106 - werkzeug - INFO - 127.0.0.1 - - [23/Mar/2026 23:11:33] "GET /api/history HTTP/1.1" 200 -
2026-03-23 23:11:33,112 - werkzeug - INFO - 127.0.0.1 - - [23/Mar/2026 23:11:33] "GET /api/archive?q=&tool= HTTP/1.1" 200 -
2026-03-23 23:11:40,108 - werkzeug - INFO - 127.0.0.1 - - [23/Mar/2026 23:11:40] "GET /api/history HTTP/1.1" 200 -
2026-03-23 23:11:40,112 - werkzeug - INFO - 127.0.0.1 - - [23/Mar/2026 23:11:40] "GET /api/archive?q=&tool= HTTP/1.1" 200 -
2026-03-23 23:12:00,109 - werkzeug - INFO - 127.0.0.1 - - [23/Mar/2026 23:12:00] "GET /api/history HTTP/1.1" 200 -
2026-03-23 23:12:00,113 - werkzeug - INFO - 127.0.0.1 - - [23/Mar/2026 23:12:00] "GET /api/archive?q=&tool= HTTP/1.1" 200 -
2026-03-23 23:12:50,112 - werkzeug - INFO - 127.0.0.1 - - [23/Mar/2026 23:12:50] "GET /api/history HTTP/1.1" 200 -
2026-03-23 23:12:50,117 - werkzeug - INFO - 127.0.0.1 - - [23/Mar/2026 23:12:50] "GET /api/archive?q=&tool= HTTP/1.1" 200 -
2026-03-23 23:12:50,122 - werkzeug - INFO - 127.0.0.1 - - [23/Mar/2026 23:12:50] "GET /api/history HTTP/1.1" 200 -
2026-03-23 23:12:50,125 - werkzeug - INFO - 127.0.0.1 - - [23/Mar/2026 23:12:50] "GET /api/archive?q=&tool= HTTP/1.1" 200 -
2026-03-23 23:13:50,104 - werkzeug - INFO - 127.0.0.1 - - [23/Mar/2026 23:13:50] "GET /api/history HTTP/1.1" 200 -
2026-03-23 23:13:50,107 - werkzeug - INFO - 127.0.0.1 - - [23/Mar/2026 23:13:50] "GET /api/archive?q=&tool= HTTP/1.1" 200 -
2026-03-23 23:13:50,114 - werkzeug - INFO - 127.0.0.1 - - [23/Mar/2026 23:13:50] "GET /api/archive?q=&tool= HTTP/1.1" 200 -
2026-03-23 23:13:50,119 - werkzeug - INFO - 127.0.0.1 - - [23/Mar/2026 23:13:50] "GET /api/history HTTP/1.1" 200 -
2026-03-23 23:14:40,097 - werkzeug - INFO - 127.0.0.1 - - [23/Mar/2026 23:14:40] "GET /api/history HTTP/1.1" 200 -
2026-03-23 23:14:40,103 - werkzeug - INFO - 127.0.0.1 - - [23/Mar/2026 23:14:40] "GET /api/archive?q=&tool= HTTP/1.1" 200 -
2026-03-23 23:14:40,106 - werkzeug - INFO - 127.0.0.1 - - [23/Mar/2026 23:14:40] "GET /api/history HTTP/1.1" 200 -
2026-03-23 23:14:40,111 - werkzeug - INFO - 127.0.0.1 - - [23/Mar/2026 23:14:40] "GET /api/archive?q=&tool= HTTP/1.1" 200 -
2026-03-23 23:15:43,409 - werkzeug - INFO - 127.0.0.1 - - [23/Mar/2026 23:15:43] "GET /api/history HTTP/1.1" 200 -
2026-03-23 23:15:43,414 - werkzeug - INFO - 127.0.0.1 - - [23/Mar/2026 23:15:43] "GET /api/archive?q=&tool= HTTP/1.1" 200 -
2026-03-23 23:15:43,501 - werkzeug - INFO - 127.0.0.1 - - [23/Mar/2026 23:15:43] "GET /api/history HTTP/1.1" 200 -
2026-03-23 23:15:43,507 - werkzeug - INFO - 127.0.0.1 - - [23/Mar/2026 23:15:43] "GET /api/archive?q=&tool= HTTP/1.1" 200 -
2026-03-23 23:16:43,452 - werkzeug - INFO - 127.0.0.1 - - [23/Mar/2026 23:16:43] "GET /api/history HTTP/1.1" 200 -
2026-03-23 23:16:43,455 - werkzeug - INFO - 127.0.0.1 - - [23/Mar/2026 23:16:43] "GET /api/archive?q=&tool= HTTP/1.1" 200 -
2026-03-23 23:16:43,457 - werkzeug - INFO - 127.0.0.1 - - [23/Mar/2026 23:16:43] "GET /api/history HTTP/1.1" 200 -
2026-03-23 23:16:43,461 - werkzeug - INFO - 127.0.0.1 - - [23/Mar/2026 23:16:43] "GET /api/archive?q=&tool= HTTP/1.1" 200 -
2026-03-23 23:17:50,089 - werkzeug - INFO - 127.0.0.1 - - [23/Mar/2026 23:17:50] "GET /api/history HTTP/1.1" 200 -
2026-03-23 23:17:50,093 - werkzeug - INFO - 127.0.0.1 - - [23/Mar/2026 23:17:50] "GET /api/archive?q=&tool= HTTP/1.1" 200 -
2026-03-23 23:17:50,097 - werkzeug - INFO - 127.0.0.1 - - [23/Mar/2026 23:17:50] "GET /api/history HTTP/1.1" 200 -
2026-03-23 23:17:50,101 - werkzeug - INFO - 127.0.0.1 - - [23/Mar/2026 23:17:50] "GET /api/archive?q=&tool= HTTP/1.1" 200 -
2026-03-23 23:18:40,088 - werkzeug - INFO - 127.0.0.1 - - [23/Mar/2026 23:18:40] "GET /api/history HTTP/1.1" 200 -
2026-03-23 23:18:40,090 - werkzeug - INFO - 127.0.0.1 - - [23/Mar/2026 23:18:40] "GET /api/history HTTP/1.1" 200 -
2026-03-23 23:18:40,095 - werkzeug - INFO - 127.0.0.1 - - [23/Mar/2026 23:18:40] "GET /api/archive?q=&tool= HTTP/1.1" 200 -
2026-03-23 23:18:40,103 - werkzeug - INFO - 127.0.0.1 - - [23/Mar/2026 23:18:40] "GET /api/archive?q=&tool= HTTP/1.1" 200 -
2026-03-23 23:20:00,239 - werkzeug - INFO - 127.0.0.1 - - [23/Mar/2026 23:20:00] "GET /api/history HTTP/1.1" 200 -
2026-03-23 23:20:00,253 - werkzeug - INFO - 127.0.0.1 - - [23/Mar/2026 23:20:00] "GET /api/archive?q=&tool= HTTP/1.1" 200 -
2026-03-23 23:20:00,331 - werkzeug - INFO - 127.0.0.1 - - [23/Mar/2026 23:20:00] "GET /api/history HTTP/1.1" 200 -
2026-03-23 23:20:00,336 - werkzeug - INFO - 127.0.0.1 - - [23/Mar/2026 23:20:00] "GET /api/archive?q=&tool= HTTP/1.1" 200 -
2026-03-23 23:20:40,080 - werkzeug - INFO - 127.0.0.1 - - [23/Mar/2026 23:20:40] "GET /api/history HTTP/1.1" 200 -
2026-03-23 23:20:40,085 - werkzeug - INFO - 127.0.0.1 - - [23/Mar/2026 23:20:40] "GET /api/archive?q=&tool= HTTP/1.1" 200 -
2026-03-23 23:20:40,092 - werkzeug - INFO - 127.0.0.1 - - [23/Mar/2026 23:20:40] "GET /api/history HTTP/1.1" 200 -
2026-03-23 23:20:40,098 - werkzeug - INFO - 127.0.0.1 - - [23/Mar/2026 23:20:40] "GET /api/archive?q=&tool= HTTP/1.1" 200 -
2026-03-23 23:21:40,199 - werkzeug - INFO - 127.0.0.1 - - [23/Mar/2026 23:21:40] "GET /api/history HTTP/1.1" 200 -
2026-03-23 23:21:40,207 - werkzeug - INFO - 127.0.0.1 - - [23/Mar/2026 23:21:40] "GET /api/archive?q=&tool= HTTP/1.1" 200 -
2026-03-23 23:21:40,210 - werkzeug - INFO - 127.0.0.1 - - [23/Mar/2026 23:21:40] "GET /api/history HTTP/1.1" 200 -
2026-03-23 23:21:40,218 - werkzeug - INFO - 127.0.0.1 - - [23/Mar/2026 23:21:40] "GET /api/archive?q=&tool= HTTP/1.1" 200 -
2026-03-23 23:22:58,400 - werkzeug - INFO - 127.0.0.1 - - [23/Mar/2026 23:22:58] "GET /api/history HTTP/1.1" 200 -
2026-03-23 23:22:58,403 - werkzeug - INFO - 127.0.0.1 - - [23/Mar/2026 23:22:58] "GET /api/archive?q=&tool= HTTP/1.1" 200 -
2026-03-23 23:22:58,409 - werkzeug - INFO - 127.0.0.1 - - [23/Mar/2026 23:22:58] "GET /api/history HTTP/1.1" 200 -
2026-03-23 23:22:58,413 - werkzeug - INFO - 127.0.0.1 - - [23/Mar/2026 23:22:58] "GET /api/archive?q=&tool= HTTP/1.1" 200 -
2026-03-23 23:23:40,202 - werkzeug - INFO - 127.0.0.1 - - [23/Mar/2026 23:23:40] "GET /api/history HTTP/1.1" 200 -
2026-03-23 23:23:40,206 - werkzeug - INFO - 127.0.0.1 - - [23/Mar/2026 23:23:40] "GET /api/archive?q=&tool= HTTP/1.1" 200 -
2026-03-23 23:23:40,244 - werkzeug - INFO - 127.0.0.1 - - [23/Mar/2026 23:23:40] "GET /api/history HTTP/1.1" 200 -
2026-03-23 23:23:40,254 - werkzeug - INFO - 127.0.0.1 - - [23/Mar/2026 23:23:40] "GET /api/archive?q=&tool= HTTP/1.1" 200 -
2026-03-23 23:24:58,434 - werkzeug - INFO - 127.0.0.1 - - [23/Mar/2026 23:24:58] "GET /api/archive?q=&tool= HTTP/1.1" 200 -
2026-03-23 23:24:58,452 - werkzeug - INFO - 127.0.0.1 - - [23/Mar/2026 23:24:58] "GET /api/history HTTP/1.1" 200 -
2026-03-23 23:24:58,456 - werkzeug - INFO - 127.0.0.1 - - [23/Mar/2026 23:24:58] "GET /api/history HTTP/1.1" 200 -
2026-03-23 23:24:58,458 - werkzeug - INFO - 127.0.0.1 - - [23/Mar/2026 23:24:58] "GET /api/archive?q=&tool= HTTP/1.1" 200 -
2026-03-23 23:25:47,145 - werkzeug - INFO - 127.0.0.1 - - [23/Mar/2026 23:25:47] "GET /api/history HTTP/1.1" 200 -
2026-03-23 23:25:47,148 - werkzeug - INFO - 127.0.0.1 - - [23/Mar/2026 23:25:47] "GET /api/archive?q=&tool= HTTP/1.1" 200 -
2026-03-23 23:25:47,192 - werkzeug - INFO - 127.0.0.1 - - [23/Mar/2026 23:25:47] "GET /api/history HTTP/1.1" 200 -
2026-03-23 23:25:47,199 - werkzeug - INFO - 127.0.0.1 - - [23/Mar/2026 23:25:47] "GET /api/archive?q=&tool= HTTP/1.1" 200 -
2026-03-23 23:26:45,651 - werkzeug - INFO - 127.0.0.1 - - [23/Mar/2026 23:26:45] "GET /api/history HTTP/1.1" 200 -
2026-03-23 23:26:45,658 - werkzeug - INFO - 127.0.0.1 - - [23/Mar/2026 23:26:45] "GET /api/archive?q=&tool= HTTP/1.1" 200 -
2026-03-23 23:26:45,661 - werkzeug - INFO - 127.0.0.1 - - [23/Mar/2026 23:26:45] "GET /api/history HTTP/1.1" 200 -
2026-03-23 23:26:45,666 - werkzeug - INFO - 127.0.0.1 - - [23/Mar/2026 23:26:45] "GET /api/archive?q=&tool= HTTP/1.1" 200 -
2026-03-23 23:27:40,326 - werkzeug - INFO - 127.0.0.1 - - [23/Mar/2026 23:27:40] "GET /api/history HTTP/1.1" 200 -
2026-03-23 23:27:40,337 - werkzeug - INFO - 127.0.0.1 - - [23/Mar/2026 23:27:40] "GET /api/archive?q=&tool= HTTP/1.1" 200 -
2026-03-23 23:27:40,389 - werkzeug - INFO - 127.0.0.1 - - [23/Mar/2026 23:27:40] "GET /api/history HTTP/1.1" 200 -
2026-03-23 23:27:40,401 - werkzeug - INFO - 127.0.0.1 - - [23/Mar/2026 23:27:40] "GET /api/archive?q=&tool= HTTP/1.1" 200 -
2026-03-23 23:28:24,352 - werkzeug - INFO - 127.0.0.1 - - [23/Mar/2026 23:28:24] "GET /api/history HTTP/1.1" 200 -
2026-03-23 23:28:24,354 - werkzeug - INFO - 127.0.0.1 - - [23/Mar/2026 23:28:24] "GET /api/archive?q=&tool= HTTP/1.1" 200 -
2026-03-23 23:28:40,179 - werkzeug - INFO - 127.0.0.1 - - [23/Mar/2026 23:28:40] "GET /api/history HTTP/1.1" 200 -
2026-03-23 23:28:40,187 - werkzeug - INFO - 127.0.0.1 - - [23/Mar/2026 23:28:40] "GET /api/archive?q=&tool= HTTP/1.1" 200 -
2026-03-23 23:28:52,753 - werkzeug - INFO - 127.0.0.1 - - [23/Mar/2026 23:28:52] "GET / HTTP/1.1" 200 -
2026-03-23 23:28:52,830 - werkzeug - INFO - 127.0.0.1 - - [23/Mar/2026 23:28:52] "GET /static/style.css HTTP/1.1" 200 -
2026-03-23 23:28:53,198 - werkzeug - INFO - 127.0.0.1 - - [23/Mar/2026 23:28:53] "GET /api/version HTTP/1.1" 200 -
2026-03-23 23:28:53,232 - werkzeug - INFO - 127.0.0.1 - - [23/Mar/2026 23:28:53] "GET /api/history HTTP/1.1" 200 -
2026-03-23 23:28:53,251 - werkzeug - INFO - 127.0.0.1 - - [23/Mar/2026 23:28:53] "GET /api/archive?q=&tool= HTTP/1.1" 200 -
2026-03-23 23:28:53,275 - werkzeug - INFO - 127.0.0.1 - - [23/Mar/2026 23:28:53] "GET /api/ai/status HTTP/1.1" 200 -
2026-03-23 23:28:54,172 - werkzeug - INFO - 127.0.0.1 - - [23/Mar/2026 23:28:54] "GET / HTTP/1.1" 200 -
2026-03-23 23:28:54,218 - werkzeug - INFO - 127.0.0.1 - - [23/Mar/2026 23:28:54] "GET /static/style.css HTTP/1.1" 200 -
2026-03-23 23:28:54,557 - werkzeug - INFO - 127.0.0.1 - - [23/Mar/2026 23:28:54] "GET /api/version HTTP/1.1" 200 -
2026-03-23 23:28:54,562 - werkzeug - INFO - 127.0.0.1 - - [23/Mar/2026 23:28:54] "GET /api/history HTTP/1.1" 200 -
2026-03-23 23:28:54,572 - werkzeug - INFO - 127.0.0.1 - - [23/Mar/2026 23:28:54] "GET /api/archive?q=&tool= HTTP/1.1" 200 -
2026-03-23 23:28:54,591 - werkzeug - INFO - 127.0.0.1 - - [23/Mar/2026 23:28:54] "GET /api/ai/status HTTP/1.1" 200 -
2026-03-23 23:29:24,530 - werkzeug - INFO - 127.0.0.1 - - [23/Mar/2026 23:29:24] "GET /api/history HTTP/1.1" 200 -
2026-03-23 23:29:24,531 - werkzeug - INFO - 127.0.0.1 - - [23/Mar/2026 23:29:24] "GET /api/archive?q=&tool= HTTP/1.1" 200 -
2026-03-23 23:29:25,017 - httpx - INFO - HTTP Request: GET https://www.facebook.com/search/people/?q=ivan%20versteegh "HTTP/1.1 404 Not Found"
2026-03-23 23:29:25,113 - httpx - INFO - HTTP Request: GET https://map.snapchat.com/search?query=ivan%20versteegh "HTTP/1.1 308 Permanent Redirect"
2026-03-23 23:29:25,126 - httpx - INFO - HTTP Request: GET https://www.reddit.com/search/?q=ivan%20versteegh "HTTP/1.1 302 Found"
2026-03-23 23:29:25,170 - httpx - INFO - HTTP Request: GET https://medium.com/search?q=ivan%20versteegh "HTTP/1.1 403 Forbidden"
2026-03-23 23:29:25,235 - httpx - INFO - HTTP Request: GET https://www.pinterest.com/search/users/?q=ivan%20versteegh "HTTP/1.1 200 OK"
2026-03-23 23:29:25,274 - httpx - INFO - HTTP Request: GET https://www.linkedin.com/search/results/people/?keywords=ivan%20versteegh "HTTP/1.1 307 Temporary Redirect"
2026-03-23 23:29:25,289 - httpx - INFO - HTTP Request: GET https://www.instagram.com/web/search/topsearch/?search_term=ivan%20versteegh "HTTP/1.1 401 Unauthorized"
2026-03-23 23:29:25,307 - httpx - INFO - HTTP Request: GET https://twitter.com/search?q=ivan%20versteegh&src=sp "HTTP/1.1 301 Moved Permanently"
2026-03-23 23:29:25,424 - httpx - INFO - HTTP Request: GET https://www.twitch.tv/search?term=ivan%20versteegh "HTTP/1.1 200 OK"
2026-03-23 23:29:25,477 - httpx - INFO - HTTP Request: GET https://www.youtube.com/results?search_query=ivan%20versteegh "HTTP/1.1 200 OK"
2026-03-23 23:29:25,526 - httpx - INFO - HTTP Request: GET https://www.tiktok.com/api/search/general/full/?keyword=ivan%20versteegh "HTTP/1.1 200 OK"
2026-03-23 23:29:25,544 - httpx - INFO - HTTP Request: GET https://www.linkedin.com/uas/login?session_redirect=%2Fsearch%2Fresults%2Fpeople%2F%3Fkeywords%3Divan%2520versteegh&skipRedirect=true "HTTP/1.1 200 OK"
2026-03-23 23:29:25,580 - httpx - INFO - HTTP Request: GET https://www.snapchat.com/ "HTTP/1.1 200 OK"
2026-03-23 23:29:25,766 - httpx - INFO - HTTP Request: GET https://api.github.com/search/users?q=ivan+versteegh+in:name "HTTP/1.1 200 OK"
2026-03-23 23:29:26,187 - httpx - INFO - HTTP Request: GET https://x.com/search?q=ivan%20versteegh&src=sp "HTTP/1.1 200 OK"
2026-03-23 23:29:26,346 - httpx - INFO - HTTP Request: GET https://www.reddit.com/search/?q=ivan%20versteegh&rdt=46481 "HTTP/1.1 403 Blocked"
2026-03-23 23:29:26,884 - __main__ - INFO - Name search for 'ivan versteegh': 2 platforms with results
2026-03-23 23:29:26,884 - werkzeug - INFO - 127.0.0.1 - - [23/Mar/2026 23:29:26] "POST /api/name-search HTTP/1.1" 200 -
2026-03-23 23:29:40,172 - werkzeug - INFO - 127.0.0.1 - - [23/Mar/2026 23:29:40] "GET /api/history HTTP/1.1" 200 -
2026-03-23 23:29:40,177 - werkzeug - INFO - 127.0.0.1 - - [23/Mar/2026 23:29:40] "GET /api/archive?q=&tool= HTTP/1.1" 200 -
2026-03-23 23:29:54,532 - werkzeug - INFO - 127.0.0.1 - - [23/Mar/2026 23:29:54] "GET /api/history HTTP/1.1" 200 -
2026-03-23 23:29:54,535 - werkzeug - INFO - 127.0.0.1 - - [23/Mar/2026 23:29:54] "GET /api/archive?q=&tool= HTTP/1.1" 200 -
2026-03-23 23:30:24,531 - werkzeug - INFO - 127.0.0.1 - - [23/Mar/2026 23:30:24] "GET /api/history HTTP/1.1" 200 -
2026-03-23 23:30:24,534 - werkzeug - INFO - 127.0.0.1 - - [23/Mar/2026 23:30:24] "GET /api/archive?q=&tool= HTTP/1.1" 200 -
2026-03-23 23:30:40,187 - werkzeug - INFO - 127.0.0.1 - - [23/Mar/2026 23:30:40] "GET /api/history HTTP/1.1" 200 -
2026-03-23 23:30:40,194 - werkzeug - INFO - 127.0.0.1 - - [23/Mar/2026 23:30:40] "GET /api/archive?q=&tool= HTTP/1.1" 200 -
2026-03-23 23:30:54,531 - werkzeug - INFO - 127.0.0.1 - - [23/Mar/2026 23:30:54] "GET /api/history HTTP/1.1" 200 -
2026-03-23 23:30:54,535 - werkzeug - INFO - 127.0.0.1 - - [23/Mar/2026 23:30:54] "GET /api/archive?q=&tool= HTTP/1.1" 200 -
2026-03-23 23:31:35,205 - werkzeug - INFO - 127.0.0.1 - - [23/Mar/2026 23:31:35] "GET /api/history HTTP/1.1" 200 -
2026-03-23 23:31:35,209 - werkzeug - INFO - 127.0.0.1 - - [23/Mar/2026 23:31:35] "GET /api/archive?q=&tool= HTTP/1.1" 200 -
2026-03-23 23:31:40,223 - werkzeug - INFO - 127.0.0.1 - - [23/Mar/2026 23:31:40] "GET /api/history HTTP/1.1" 200 -
2026-03-23 23:31:40,235 - werkzeug - INFO - 127.0.0.1 - - [23/Mar/2026 23:31:40] "GET /api/archive?q=&tool= HTTP/1.1" 200 -
2026-03-23 23:31:54,525 - werkzeug - INFO - 127.0.0.1 - - [23/Mar/2026 23:31:54] "GET /api/history HTTP/1.1" 200 -
2026-03-23 23:31:54,528 - werkzeug - INFO - 127.0.0.1 - - [23/Mar/2026 23:31:54] "GET /api/archive?q=&tool= HTTP/1.1" 200 -
2026-03-23 23:32:24,521 - werkzeug - INFO - 127.0.0.1 - - [23/Mar/2026 23:32:24] "GET /api/history HTTP/1.1" 200 -
2026-03-23 23:32:24,527 - werkzeug - INFO - 127.0.0.1 - - [23/Mar/2026 23:32:24] "GET /api/archive?q=&tool= HTTP/1.1" 200 -
2026-03-23 23:32:40,174 - werkzeug - INFO - 127.0.0.1 - - [23/Mar/2026 23:32:40] "GET /api/history HTTP/1.1" 200 -
2026-03-23 23:32:40,178 - werkzeug - INFO - 127.0.0.1 - - [23/Mar/2026 23:32:40] "GET /api/archive?q=&tool= HTTP/1.1" 200 -
2026-03-23 23:32:54,519 - werkzeug - INFO - 127.0.0.1 - - [23/Mar/2026 23:32:54] "GET /api/history HTTP/1.1" 200 -
2026-03-23 23:32:54,527 - werkzeug - INFO - 127.0.0.1 - - [23/Mar/2026 23:32:54] "GET /api/archive?q=&tool= HTTP/1.1" 200 -
2026-03-23 23:33:24,521 - werkzeug - INFO - 127.0.0.1 - - [23/Mar/2026 23:33:24] "GET /api/archive?q=&tool= HTTP/1.1" 200 -
2026-03-23 23:33:24,525 - werkzeug - INFO - 127.0.0.1 - - [23/Mar/2026 23:33:24] "GET /api/history HTTP/1.1" 200 -
2026-03-23 23:33:40,164 - werkzeug - INFO - 127.0.0.1 - - [23/Mar/2026 23:33:40] "GET /api/history HTTP/1.1" 200 -
2026-03-23 23:33:40,167 - werkzeug - INFO - 127.0.0.1 - - [23/Mar/2026 23:33:40] "GET /api/archive?q=&tool= HTTP/1.1" 200 -
2026-03-23 23:33:54,520 - werkzeug - INFO - 127.0.0.1 - - [23/Mar/2026 23:33:54] "GET /api/history HTTP/1.1" 200 -
2026-03-23 23:33:54,526 - werkzeug - INFO - 127.0.0.1 - - [23/Mar/2026 23:33:54] "GET /api/archive?q=&tool= HTTP/1.1" 200 -
2026-03-23 23:34:24,518 - werkzeug - INFO - 127.0.0.1 - - [23/Mar/2026 23:34:24] "GET /api/history HTTP/1.1" 200 -
2026-03-23 23:34:24,522 - werkzeug - INFO - 127.0.0.1 - - [23/Mar/2026 23:34:24] "GET /api/archive?q=&tool= HTTP/1.1" 200 -
2026-03-23 23:34:40,164 - werkzeug - INFO - 127.0.0.1 - - [23/Mar/2026 23:34:40] "GET /api/history HTTP/1.1" 200 -
2026-03-23 23:34:40,169 - werkzeug - INFO - 127.0.0.1 - - [23/Mar/2026 23:34:40] "GET /api/archive?q=&tool= HTTP/1.1" 200 -
2026-03-23 23:34:54,517 - werkzeug - INFO - 127.0.0.1 - - [23/Mar/2026 23:34:54] "GET /api/archive?q=&tool= HTTP/1.1" 200 -
2026-03-23 23:34:54,523 - werkzeug - INFO - 127.0.0.1 - - [23/Mar/2026 23:34:54] "GET /api/history HTTP/1.1" 200 -
2026-03-23 23:35:24,552 - werkzeug - INFO - 127.0.0.1 - - [23/Mar/2026 23:35:24] "GET /api/history HTTP/1.1" 200 -
2026-03-23 23:35:24,559 - werkzeug - INFO - 127.0.0.1 - - [23/Mar/2026 23:35:24] "GET /api/archive?q=&tool= HTTP/1.1" 200 -
2026-03-23 23:35:50,222 - werkzeug - INFO - 127.0.0.1 - - [23/Mar/2026 23:35:50] "GET /api/history HTTP/1.1" 200 -
2026-03-23 23:35:50,227 - werkzeug - INFO - 127.0.0.1 - - [23/Mar/2026 23:35:50] "GET /api/archive?q=&tool= HTTP/1.1" 200 -
2026-03-23 23:35:54,514 - werkzeug - INFO - 127.0.0.1 - - [23/Mar/2026 23:35:54] "GET /api/history HTTP/1.1" 200 -
2026-03-23 23:35:54,518 - werkzeug - INFO - 127.0.0.1 - - [23/Mar/2026 23:35:54] "GET /api/archive?q=&tool= HTTP/1.1" 200 -
2026-03-23 23:36:24,514 - werkzeug - INFO - 127.0.0.1 - - [23/Mar/2026 23:36:24] "GET /api/archive?q=&tool= HTTP/1.1" 200 -
2026-03-23 23:36:24,517 - werkzeug - INFO - 127.0.0.1 - - [23/Mar/2026 23:36:24] "GET /api/history HTTP/1.1" 200 -
2026-03-23 23:36:47,300 - werkzeug - INFO - 127.0.0.1 - - [23/Mar/2026 23:36:47] "GET /api/history HTTP/1.1" 200 -
2026-03-23 23:36:47,305 - werkzeug - INFO - 127.0.0.1 - - [23/Mar/2026 23:36:47] "GET /api/archive?q=&tool= HTTP/1.1" 200 -
2026-03-23 23:36:54,604 - werkzeug - INFO - 127.0.0.1 - - [23/Mar/2026 23:36:54] "GET /api/history HTTP/1.1" 200 -
2026-03-23 23:36:54,610 - werkzeug - INFO - 127.0.0.1 - - [23/Mar/2026 23:36:54] "GET /api/archive?q=&tool= HTTP/1.1" 200 -
2026-03-23 23:37:24,605 - werkzeug - INFO - 127.0.0.1 - - [23/Mar/2026 23:37:24] "GET /api/history HTTP/1.1" 200 -
2026-03-23 23:37:24,607 - werkzeug - INFO - 127.0.0.1 - - [23/Mar/2026 23:37:24] "GET /api/archive?q=&tool= HTTP/1.1" 200 -
2026-03-23 23:37:45,255 - werkzeug - INFO - 127.0.0.1 - - [23/Mar/2026 23:37:45] "GET /api/history HTTP/1.1" 200 -
2026-03-23 23:37:45,259 - werkzeug - INFO - 127.0.0.1 - - [23/Mar/2026 23:37:45] "GET /api/archive?q=&tool= HTTP/1.1" 200 -
2026-03-23 23:37:54,601 - werkzeug - INFO - 127.0.0.1 - - [23/Mar/2026 23:37:54] "GET /api/history HTTP/1.1" 200 -
2026-03-23 23:37:54,608 - werkzeug - INFO - 127.0.0.1 - - [23/Mar/2026 23:37:54] "GET /api/archive?q=&tool= HTTP/1.1" 200 -
2026-03-23 23:38:24,602 - werkzeug - INFO - 127.0.0.1 - - [23/Mar/2026 23:38:24] "GET /api/history HTTP/1.1" 200 -
2026-03-23 23:38:24,606 - werkzeug - INFO - 127.0.0.1 - - [23/Mar/2026 23:38:24] "GET /api/archive?q=&tool= HTTP/1.1" 200 -
2026-03-23 23:38:45,254 - werkzeug - INFO - 127.0.0.1 - - [23/Mar/2026 23:38:45] "GET /api/history HTTP/1.1" 200 -
2026-03-23 23:38:45,256 - werkzeug - INFO - 127.0.0.1 - - [23/Mar/2026 23:38:45] "GET /api/archive?q=&tool= HTTP/1.1" 200 -
2026-03-23 23:38:54,613 - werkzeug - INFO - 127.0.0.1 - - [23/Mar/2026 23:38:54] "GET /api/archive?q=&tool= HTTP/1.1" 200 -
2026-03-23 23:38:54,616 - werkzeug - INFO - 127.0.0.1 - - [23/Mar/2026 23:38:54] "GET /api/history HTTP/1.1" 200 -
2026-03-23 23:39:24,604 - werkzeug - INFO - 127.0.0.1 - - [23/Mar/2026 23:39:24] "GET /api/history HTTP/1.1" 200 -
2026-03-23 23:39:24,609 - werkzeug - INFO - 127.0.0.1 - - [23/Mar/2026 23:39:24] "GET /api/archive?q=&tool= HTTP/1.1" 200 -
2026-03-23 23:39:45,754 - werkzeug - INFO - 127.0.0.1 - - [23/Mar/2026 23:39:45] "GET /api/history HTTP/1.1" 200 -
2026-03-23 23:39:45,760 - werkzeug - INFO - 127.0.0.1 - - [23/Mar/2026 23:39:45] "GET /api/archive?q=&tool= HTTP/1.1" 200 -
2026-03-23 23:39:54,597 - werkzeug - INFO - 127.0.0.1 - - [23/Mar/2026 23:39:54] "GET /api/history HTTP/1.1" 200 -
2026-03-23 23:39:54,605 - werkzeug - INFO - 127.0.0.1 - - [23/Mar/2026 23:39:54] "GET /api/archive?q=&tool= HTTP/1.1" 200 -
2026-03-23 23:40:24,595 - werkzeug - INFO - 127.0.0.1 - - [23/Mar/2026 23:40:24] "GET /api/history HTTP/1.1" 200 -
2026-03-23 23:40:24,599 - werkzeug - INFO - 127.0.0.1 - - [23/Mar/2026 23:40:24] "GET /api/archive?q=&tool= HTTP/1.1" 200 -
2026-03-23 23:40:40,248 - werkzeug - INFO - 127.0.0.1 - - [23/Mar/2026 23:40:40] "GET /api/history HTTP/1.1" 200 -
2026-03-23 23:40:40,253 - werkzeug - INFO - 127.0.0.1 - - [23/Mar/2026 23:40:40] "GET /api/archive?q=&tool= HTTP/1.1" 200 -
2026-03-23 23:40:54,601 - werkzeug - INFO - 127.0.0.1 - - [23/Mar/2026 23:40:54] "GET /api/history HTTP/1.1" 200 -
2026-03-23 23:40:54,607 - werkzeug - INFO - 127.0.0.1 - - [23/Mar/2026 23:40:54] "GET /api/archive?q=&tool= HTTP/1.1" 200 -
2026-03-23 23:41:24,598 - werkzeug - INFO - 127.0.0.1 - - [23/Mar/2026 23:41:24] "GET /api/history HTTP/1.1" 200 -
2026-03-23 23:41:24,604 - werkzeug - INFO - 127.0.0.1 - - [23/Mar/2026 23:41:24] "GET /api/archive?q=&tool= HTTP/1.1" 200 -
2026-03-23 23:41:40,241 - werkzeug - INFO - 127.0.0.1 - - [23/Mar/2026 23:41:40] "GET /api/history HTTP/1.1" 200 -
2026-03-23 23:41:40,246 - werkzeug - INFO - 127.0.0.1 - - [23/Mar/2026 23:41:40] "GET /api/archive?q=&tool= HTTP/1.1" 200 -
2026-03-23 23:41:54,595 - werkzeug - INFO - 127.0.0.1 - - [23/Mar/2026 23:41:54] "GET /api/history HTTP/1.1" 200 -
2026-03-23 23:41:54,600 - werkzeug - INFO - 127.0.0.1 - - [23/Mar/2026 23:41:54] "GET /api/archive?q=&tool= HTTP/1.1" 200 -
2026-03-23 23:42:24,604 - werkzeug - INFO - 127.0.0.1 - - [23/Mar/2026 23:42:24] "GET /api/history HTTP/1.1" 200 -
2026-03-23 23:42:24,607 - werkzeug - INFO - 127.0.0.1 - - [23/Mar/2026 23:42:24] "GET /api/archive?q=&tool= HTTP/1.1" 200 -
2026-03-23 23:42:40,402 - werkzeug - INFO - 127.0.0.1 - - [23/Mar/2026 23:42:40] "GET /api/history HTTP/1.1" 200 -
2026-03-23 23:42:40,417 - werkzeug - INFO - 127.0.0.1 - - [23/Mar/2026 23:42:40] "GET /api/archive?q=&tool= HTTP/1.1" 200 -
2026-03-23 23:42:54,594 - werkzeug - INFO - 127.0.0.1 - - [23/Mar/2026 23:42:54] "GET /api/history HTTP/1.1" 200 -
2026-03-23 23:42:54,599 - werkzeug - INFO - 127.0.0.1 - - [23/Mar/2026 23:42:54] "GET /api/archive?q=&tool= HTTP/1.1" 200 -
2026-03-23 23:43:24,590 - werkzeug - INFO - 127.0.0.1 - - [23/Mar/2026 23:43:24] "GET /api/history HTTP/1.1" 200 -
2026-03-23 23:43:24,599 - werkzeug - INFO - 127.0.0.1 - - [23/Mar/2026 23:43:24] "GET /api/archive?q=&tool= HTTP/1.1" 200 -
2026-03-23 23:43:50,239 - werkzeug - INFO - 127.0.0.1 - - [23/Mar/2026 23:43:50] "GET /api/history HTTP/1.1" 200 -
2026-03-23 23:43:50,247 - werkzeug - INFO - 127.0.0.1 - - [23/Mar/2026 23:43:50] "GET /api/archive?q=&tool= HTTP/1.1" 200 -
2026-03-23 23:43:54,590 - werkzeug - INFO - 127.0.0.1 - - [23/Mar/2026 23:43:54] "GET /api/history HTTP/1.1" 200 -
2026-03-23 23:43:54,595 - werkzeug - INFO - 127.0.0.1 - - [23/Mar/2026 23:43:54] "GET /api/archive?q=&tool= HTTP/1.1" 200 -
2026-03-23 23:44:24,590 - werkzeug - INFO - 127.0.0.1 - - [23/Mar/2026 23:44:24] "GET /api/history HTTP/1.1" 200 -
2026-03-23 23:44:24,594 - werkzeug - INFO - 127.0.0.1 - - [23/Mar/2026 23:44:24] "GET /api/archive?q=&tool= HTTP/1.1" 200 -
2026-03-23 23:44:44,386 - werkzeug - INFO - 127.0.0.1 - - [23/Mar/2026 23:44:44] "GET /api/history HTTP/1.1" 200 -
2026-03-23 23:44:44,392 - werkzeug - INFO - 127.0.0.1 - - [23/Mar/2026 23:44:44] "GET /api/archive?q=&tool= HTTP/1.1" 200 -
2026-03-23 23:44:54,589 - werkzeug - INFO - 127.0.0.1 - - [23/Mar/2026 23:44:54] "GET /api/history HTTP/1.1" 200 -
2026-03-23 23:44:54,642 - werkzeug - INFO - 127.0.0.1 - - [23/Mar/2026 23:44:54] "GET /api/archive?q=&tool= HTTP/1.1" 200 -
2026-03-23 23:45:24,588 - werkzeug - INFO - 127.0.0.1 - - [23/Mar/2026 23:45:24] "GET /api/history HTTP/1.1" 200 -
2026-03-23 23:45:24,592 - werkzeug - INFO - 127.0.0.1 - - [23/Mar/2026 23:45:24] "GET /api/archive?q=&tool= HTTP/1.1" 200 -
2026-03-23 23:45:41,872 - werkzeug - INFO - 127.0.0.1 - - [23/Mar/2026 23:45:41] "GET /api/history HTTP/1.1" 200 -
2026-03-23 23:45:41,888 - werkzeug - INFO - 127.0.0.1 - - [23/Mar/2026 23:45:41] "GET /api/archive?q=&tool= HTTP/1.1" 200 -
2026-03-24 00:15:59,532 - werkzeug - INFO - 127.0.0.1 - - [24/Mar/2026 00:15:59] "GET /api/history HTTP/1.1" 200 -
2026-03-24 00:15:59,534 - werkzeug - INFO - 127.0.0.1 - - [24/Mar/2026 00:15:59] "GET /api/archive?q=&tool= HTTP/1.1" 200 -
2026-03-24 00:16:36,219 - werkzeug - INFO - 127.0.0.1 - - [24/Mar/2026 00:16:36] "GET /api/history HTTP/1.1" 200 -
2026-03-24 00:16:36,238 - werkzeug - INFO - 127.0.0.1 - - [24/Mar/2026 00:16:36] "GET /api/archive?q=&tool= HTTP/1.1" 200 -
2026-03-24 00:16:37,567 - werkzeug - INFO - 127.0.0.1 - - [24/Mar/2026 00:16:37] "GET /api/history HTTP/1.1" 200 -
2026-03-24 00:16:37,586 - werkzeug - INFO - 127.0.0.1 - - [24/Mar/2026 00:16:37] "GET /api/archive?q=&tool= HTTP/1.1" 200 -
2026-03-24 00:18:21,374 - werkzeug - INFO - 127.0.0.1 - - [24/Mar/2026 00:18:21] "GET /api/archive?q=&tool= HTTP/1.1" 200 -
2026-03-24 00:18:21,383 - werkzeug - INFO - 127.0.0.1 - - [24/Mar/2026 00:18:21] "GET /api/history HTTP/1.1" 200 -
2026-03-24 00:18:24,235 - werkzeug - INFO - 127.0.0.1 - - [24/Mar/2026 00:18:24] "GET /api/history HTTP/1.1" 200 -
2026-03-24 00:18:24,298 - werkzeug - INFO - 127.0.0.1 - - [24/Mar/2026 00:18:24] "GET /api/archive?q=&tool= HTTP/1.1" 200 -
2026-03-24 00:34:31,458 - werkzeug - INFO - 127.0.0.1 - - [24/Mar/2026 00:34:31] "GET /api/history HTTP/1.1" 200 -
2026-03-24 00:34:31,462 - werkzeug - INFO - 127.0.0.1 - - [24/Mar/2026 00:34:31] "GET /api/archive?q=&tool= HTTP/1.1" 200 -
2026-03-24 00:34:32,509 - werkzeug - INFO - 127.0.0.1 - - [24/Mar/2026 00:34:32] "GET /api/history HTTP/1.1" 200 -
2026-03-24 00:34:32,520 - werkzeug - INFO - 127.0.0.1 - - [24/Mar/2026 00:34:32] "GET /api/archive?q=&tool= HTTP/1.1" 200 -
2026-03-24 00:51:47,646 - werkzeug - INFO - 127.0.0.1 - - [24/Mar/2026 00:51:47] "GET /api/history HTTP/1.1" 200 -
2026-03-24 00:51:47,652 - werkzeug - INFO - 127.0.0.1 - - [24/Mar/2026 00:51:47] "GET /api/archive?q=&tool= HTTP/1.1" 200 -
2026-03-24 00:51:47,671 - werkzeug - INFO - 127.0.0.1 - - [24/Mar/2026 00:51:47] "GET /api/history HTTP/1.1" 200 -
2026-03-24 00:51:47,679 - werkzeug - INFO - 127.0.0.1 - - [24/Mar/2026 00:51:47] "GET /api/archive?q=&tool= HTTP/1.1" 200 -
2026-03-24 01:09:38,907 - werkzeug - INFO - 127.0.0.1 - - [24/Mar/2026 01:09:38] "GET /api/history HTTP/1.1" 200 -
2026-03-24 01:09:38,913 - werkzeug - INFO - 127.0.0.1 - - [24/Mar/2026 01:09:38] "GET /api/archive?q=&tool= HTTP/1.1" 200 -
2026-03-24 01:09:38,922 - werkzeug - INFO - 127.0.0.1 - - [24/Mar/2026 01:09:38] "GET /api/history HTTP/1.1" 200 -
2026-03-24 01:09:38,938 - werkzeug - INFO - 127.0.0.1 - - [24/Mar/2026 01:09:38] "GET /api/archive?q=&tool= HTTP/1.1" 200 -
2026-03-24 01:43:48,874 - werkzeug - INFO - 127.0.0.1 - - [24/Mar/2026 01:43:48] "GET /api/history HTTP/1.1" 200 -
2026-03-24 01:43:48,876 - werkzeug - INFO - 127.0.0.1 - - [24/Mar/2026 01:43:48] "GET /api/archive?q=&tool= HTTP/1.1" 200 -
2026-03-24 01:43:48,886 - werkzeug - INFO - 127.0.0.1 - - [24/Mar/2026 01:43:48] "GET /api/history HTTP/1.1" 200 -
2026-03-24 01:43:48,890 - werkzeug - INFO - 127.0.0.1 - - [24/Mar/2026 01:43:48] "GET /api/archive?q=&tool= HTTP/1.1" 200 -
2026-03-24 01:46:58,323 - werkzeug - INFO - 127.0.0.1 - - [24/Mar/2026 01:46:58] "GET /api/history HTTP/1.1" 200 -
2026-03-24 01:46:58,349 - werkzeug - INFO - 127.0.0.1 - - [24/Mar/2026 01:46:58] "GET /api/history HTTP/1.1" 200 -
2026-03-24 01:46:58,377 - werkzeug - INFO - 127.0.0.1 - - [24/Mar/2026 01:46:58] "GET /api/archive?q=&tool= HTTP/1.1" 200 -
2026-03-24 01:46:58,405 - werkzeug - INFO - 127.0.0.1 - - [24/Mar/2026 01:46:58] "GET /api/archive?q=&tool= HTTP/1.1" 200 -
2026-03-24 02:02:47,710 - werkzeug - INFO - 127.0.0.1 - - [24/Mar/2026 02:02:47] "GET /api/archive?q=&tool= HTTP/1.1" 200 -
2026-03-24 02:02:47,714 - werkzeug - INFO - 127.0.0.1 - - [24/Mar/2026 02:02:47] "GET /api/history HTTP/1.1" 200 -
2026-03-24 02:02:47,934 - werkzeug - INFO - 127.0.0.1 - - [24/Mar/2026 02:02:47] "GET /api/history HTTP/1.1" 200 -
2026-03-24 02:02:47,937 - werkzeug - INFO - 127.0.0.1 - - [24/Mar/2026 02:02:47] "GET /api/archive?q=&tool= HTTP/1.1" 200 -
2026-03-24 02:20:56,740 - werkzeug - INFO - 127.0.0.1 - - [24/Mar/2026 02:20:56] "GET /api/history HTTP/1.1" 200 -
2026-03-24 02:20:56,746 - werkzeug - INFO - 127.0.0.1 - - [24/Mar/2026 02:20:56] "GET /api/archive?q=&tool= HTTP/1.1" 200 -
2026-03-24 02:20:56,763 - werkzeug - INFO - 127.0.0.1 - - [24/Mar/2026 02:20:56] "GET /api/history HTTP/1.1" 200 -
2026-03-24 02:20:56,771 - werkzeug - INFO - 127.0.0.1 - - [24/Mar/2026 02:20:56] "GET /api/archive?q=&tool= HTTP/1.1" 200 -
2026-03-24 02:37:55,791 - werkzeug - INFO - 127.0.0.1 - - [24/Mar/2026 02:37:55] "GET /api/history HTTP/1.1" 200 -
2026-03-24 02:37:55,802 - werkzeug - INFO - 127.0.0.1 - - [24/Mar/2026 02:37:55] "GET /api/archive?q=&tool= HTTP/1.1" 200 -
2026-03-24 02:37:55,812 - werkzeug - INFO - 127.0.0.1 - - [24/Mar/2026 02:37:55] "GET /api/history HTTP/1.1" 200 -
2026-03-24 02:37:55,822 - werkzeug - INFO - 127.0.0.1 - - [24/Mar/2026 02:37:55] "GET /api/archive?q=&tool= HTTP/1.1" 200 -
2026-03-24 02:48:19,834 - werkzeug - INFO - 127.0.0.1 - - [24/Mar/2026 02:48:19] "GET /api/history HTTP/1.1" 200 -
2026-03-24 02:48:19,846 - werkzeug - INFO - 127.0.0.1 - - [24/Mar/2026 02:48:19] "GET /api/archive?q=&tool= HTTP/1.1" 200 -
2026-03-24 02:48:19,860 - werkzeug - INFO - 127.0.0.1 - - [24/Mar/2026 02:48:19] "GET /api/history HTTP/1.1" 200 -
2026-03-24 02:48:19,870 - werkzeug - INFO - 127.0.0.1 - - [24/Mar/2026 02:48:19] "GET /api/archive?q=&tool= HTTP/1.1" 200 -
2026-03-24 03:05:27,503 - werkzeug - INFO - 127.0.0.1 - - [24/Mar/2026 03:05:27] "GET /api/history HTTP/1.1" 200 -
2026-03-24 03:05:27,509 - werkzeug - INFO - 127.0.0.1 - - [24/Mar/2026 03:05:27] "GET /api/archive?q=&tool= HTTP/1.1" 200 -
2026-03-24 03:05:27,519 - werkzeug - INFO - 127.0.0.1 - - [24/Mar/2026 03:05:27] "GET /api/archive?q=&tool= HTTP/1.1" 200 -
2026-03-24 03:05:27,531 - werkzeug - INFO - 127.0.0.1 - - [24/Mar/2026 03:05:27] "GET /api/history HTTP/1.1" 200 -
2026-03-24 03:22:32,750 - werkzeug - INFO - 127.0.0.1 - - [24/Mar/2026 03:22:32] "GET /api/history HTTP/1.1" 200 -
2026-03-24 03:22:32,755 - werkzeug - INFO - 127.0.0.1 - - [24/Mar/2026 03:22:32] "GET /api/archive?q=&tool= HTTP/1.1" 200 -
2026-03-24 03:22:32,762 - werkzeug - INFO - 127.0.0.1 - - [24/Mar/2026 03:22:32] "GET /api/history HTTP/1.1" 200 -
2026-03-24 03:22:32,780 - werkzeug - INFO - 127.0.0.1 - - [24/Mar/2026 03:22:32] "GET /api/archive?q=&tool= HTTP/1.1" 200 -
2026-03-24 03:48:46,682 - werkzeug - INFO - 127.0.0.1 - - [24/Mar/2026 03:48:46] "GET /api/history HTTP/1.1" 200 -
2026-03-24 03:48:46,687 - werkzeug - INFO - 127.0.0.1 - - [24/Mar/2026 03:48:46] "GET /api/archive?q=&tool= HTTP/1.1" 200 -
2026-03-24 03:48:46,693 - werkzeug - INFO - 127.0.0.1 - - [24/Mar/2026 03:48:46] "GET /api/history HTTP/1.1" 200 -
2026-03-24 03:48:46,698 - werkzeug - INFO - 127.0.0.1 - - [24/Mar/2026 03:48:46] "GET /api/archive?q=&tool= HTTP/1.1" 200 -
2026-03-24 04:05:46,449 - werkzeug - INFO - 127.0.0.1 - - [24/Mar/2026 04:05:46] "GET /api/history HTTP/1.1" 200 -
2026-03-24 04:05:46,485 - werkzeug - INFO - 127.0.0.1 - - [24/Mar/2026 04:05:46] "GET /api/archive?q=&tool= HTTP/1.1" 200 -
2026-03-24 04:05:46,647 - werkzeug - INFO - 127.0.0.1 - - [24/Mar/2026 04:05:46] "GET /api/history HTTP/1.1" 200 -
2026-03-24 04:05:46,696 - werkzeug - INFO - 127.0.0.1 - - [24/Mar/2026 04:05:46] "GET /api/archive?q=&tool= HTTP/1.1" 200 -
2026-03-24 04:23:20,170 - werkzeug - INFO - 127.0.0.1 - - [24/Mar/2026 04:23:20] "GET /api/history HTTP/1.1" 200 -
2026-03-24 04:23:20,177 - werkzeug - INFO - 127.0.0.1 - - [24/Mar/2026 04:23:20] "GET /api/history HTTP/1.1" 200 -
2026-03-24 04:23:20,184 - werkzeug - INFO - 127.0.0.1 - - [24/Mar/2026 04:23:20] "GET /api/archive?q=&tool= HTTP/1.1" 200 -
2026-03-24 04:23:20,197 - werkzeug - INFO - 127.0.0.1 - - [24/Mar/2026 04:23:20] "GET /api/archive?q=&tool= HTTP/1.1" 200 -
2026-03-24 04:24:43,054 - werkzeug - INFO - 127.0.0.1 - - [24/Mar/2026 04:24:43] "GET /api/history HTTP/1.1" 200 -
2026-03-24 04:24:43,065 - werkzeug - INFO - 127.0.0.1 - - [24/Mar/2026 04:24:43] "GET /api/archive?q=&tool= HTTP/1.1" 200 -
2026-03-24 04:24:43,071 - werkzeug - INFO - 127.0.0.1 - - [24/Mar/2026 04:24:43] "GET /api/history HTTP/1.1" 200 -
2026-03-24 04:24:43,078 - werkzeug - INFO - 127.0.0.1 - - [24/Mar/2026 04:24:43] "GET /api/archive?q=&tool= HTTP/1.1" 200 -
2026-03-24 04:42:09,419 - werkzeug - INFO - 127.0.0.1 - - [24/Mar/2026 04:42:09] "GET /api/history HTTP/1.1" 200 -
2026-03-24 04:42:09,430 - werkzeug - INFO - 127.0.0.1 - - [24/Mar/2026 04:42:09] "GET /api/archive?q=&tool= HTTP/1.1" 200 -
2026-03-24 04:42:09,436 - werkzeug - INFO - 127.0.0.1 - - [24/Mar/2026 04:42:09] "GET /api/history HTTP/1.1" 200 -
2026-03-24 04:42:09,444 - werkzeug - INFO - 127.0.0.1 - - [24/Mar/2026 04:42:09] "GET /api/archive?q=&tool= HTTP/1.1" 200 -
2026-03-24 05:07:50,572 - werkzeug - INFO - 127.0.0.1 - - [24/Mar/2026 05:07:50] "GET /api/history HTTP/1.1" 200 -
2026-03-24 05:07:50,577 - werkzeug - INFO - 127.0.0.1 - - [24/Mar/2026 05:07:50] "GET /api/archive?q=&tool= HTTP/1.1" 200 -
2026-03-24 05:07:50,583 - werkzeug - INFO - 127.0.0.1 - - [24/Mar/2026 05:07:50] "GET /api/history HTTP/1.1" 200 -
2026-03-24 05:07:50,585 - werkzeug - INFO - 127.0.0.1 - - [24/Mar/2026 05:07:50] "GET /api/archive?q=&tool= HTTP/1.1" 200 -
2026-03-24 05:26:30,341 - werkzeug - INFO - 127.0.0.1 - - [24/Mar/2026 05:26:30] "GET /api/history HTTP/1.1" 200 -
2026-03-24 05:26:30,347 - werkzeug - INFO - 127.0.0.1 - - [24/Mar/2026 05:26:30] "GET /api/archive?q=&tool= HTTP/1.1" 200 -
2026-03-24 05:26:30,386 - werkzeug - INFO - 127.0.0.1 - - [24/Mar/2026 05:26:30] "GET /api/history HTTP/1.1" 200 -
2026-03-24 05:26:30,393 - werkzeug - INFO - 127.0.0.1 - - [24/Mar/2026 05:26:30] "GET /api/archive?q=&tool= HTTP/1.1" 200 -
2026-03-24 05:43:51,444 - werkzeug - INFO - 127.0.0.1 - - [24/Mar/2026 05:43:51] "GET /api/history HTTP/1.1" 200 -
2026-03-24 05:43:51,456 - werkzeug - INFO - 127.0.0.1 - - [24/Mar/2026 05:43:51] "GET /api/archive?q=&tool= HTTP/1.1" 200 -
2026-03-24 05:43:51,542 - werkzeug - INFO - 127.0.0.1 - - [24/Mar/2026 05:43:51] "GET /api/history HTTP/1.1" 200 -
2026-03-24 05:43:51,548 - werkzeug - INFO - 127.0.0.1 - - [24/Mar/2026 05:43:51] "GET /api/archive?q=&tool= HTTP/1.1" 200 -
2026-03-24 05:51:25,889 - werkzeug - INFO - 127.0.0.1 - - [24/Mar/2026 05:51:25] "GET /api/history HTTP/1.1" 200 -
2026-03-24 05:51:25,895 - werkzeug - INFO - 127.0.0.1 - - [24/Mar/2026 05:51:25] "GET /api/history HTTP/1.1" 200 -
2026-03-24 05:51:25,902 - werkzeug - INFO - 127.0.0.1 - - [24/Mar/2026 05:51:25] "GET /api/archive?q=&tool= HTTP/1.1" 200 -
2026-03-24 05:51:25,909 - werkzeug - INFO - 127.0.0.1 - - [24/Mar/2026 05:51:25] "GET /api/archive?q=&tool= HTTP/1.1" 200 -
2026-03-24 06:27:52,467 - werkzeug - INFO - 127.0.0.1 - - [24/Mar/2026 06:27:52] "GET /api/history HTTP/1.1" 200 -
2026-03-24 06:27:52,470 - werkzeug - INFO - 127.0.0.1 - - [24/Mar/2026 06:27:52] "GET /api/archive?q=&tool= HTTP/1.1" 200 -
2026-03-24 06:27:52,617 - werkzeug - INFO - 127.0.0.1 - - [24/Mar/2026 06:27:52] "GET /api/history HTTP/1.1" 200 -
2026-03-24 06:27:52,621 - werkzeug - INFO - 127.0.0.1 - - [24/Mar/2026 06:27:52] "GET /api/archive?q=&tool= HTTP/1.1" 200 -
2026-03-24 06:45:09,218 - werkzeug - INFO - 127.0.0.1 - - [24/Mar/2026 06:45:09] "GET /api/history HTTP/1.1" 200 -
2026-03-24 06:45:09,224 - werkzeug - INFO - 127.0.0.1 - - [24/Mar/2026 06:45:09] "GET /api/archive?q=&tool= HTTP/1.1" 200 -
2026-03-24 06:45:09,266 - werkzeug - INFO - 127.0.0.1 - - [24/Mar/2026 06:45:09] "GET /api/history HTTP/1.1" 200 -
2026-03-24 06:45:09,274 - werkzeug - INFO - 127.0.0.1 - - [24/Mar/2026 06:45:09] "GET /api/archive?q=&tool= HTTP/1.1" 200 -
2026-03-24 06:52:09,916 - werkzeug - INFO - 127.0.0.1 - - [24/Mar/2026 06:52:09] "GET /api/history HTTP/1.1" 200 -
2026-03-24 06:52:09,925 - werkzeug - INFO - 127.0.0.1 - - [24/Mar/2026 06:52:09] "GET /api/archive?q=&tool= HTTP/1.1" 200 -
2026-03-24 06:52:09,933 - werkzeug - INFO - 127.0.0.1 - - [24/Mar/2026 06:52:09] "GET /api/history HTTP/1.1" 200 -
2026-03-24 06:52:09,940 - werkzeug - INFO - 127.0.0.1 - - [24/Mar/2026 06:52:09] "GET /api/archive?q=&tool= HTTP/1.1" 200 -
2026-03-24 06:58:03,573 - werkzeug - INFO - 127.0.0.1 - - [24/Mar/2026 06:58:03] "GET /api/history HTTP/1.1" 200 -
2026-03-24 06:58:03,581 - werkzeug - INFO - 127.0.0.1 - - [24/Mar/2026 06:58:03] "GET /api/archive?q=&tool= HTTP/1.1" 200 -
2026-03-24 06:58:03,733 - werkzeug - INFO - 127.0.0.1 - - [24/Mar/2026 06:58:03] "GET /api/history HTTP/1.1" 200 -
2026-03-24 06:58:03,737 - werkzeug - INFO - 127.0.0.1 - - [24/Mar/2026 06:58:03] "GET /api/archive?q=&tool= HTTP/1.1" 200 -
2026-03-24 06:58:18,080 - werkzeug - INFO - 127.0.0.1 - - [24/Mar/2026 06:58:18] "GET /api/archive?q=&tool= HTTP/1.1" 200 -
2026-03-24 06:58:18,084 - werkzeug - INFO - 127.0.0.1 - - [24/Mar/2026 06:58:18] "GET /api/history HTTP/1.1" 200 -
2026-03-24 06:58:48,079 - werkzeug - INFO - 127.0.0.1 - - [24/Mar/2026 06:58:48] "GET /api/archive?q=&tool= HTTP/1.1" 200 -
2026-03-24 06:58:48,082 - werkzeug - INFO - 127.0.0.1 - - [24/Mar/2026 06:58:48] "GET /api/history HTTP/1.1" 200 -
2026-03-24 06:58:56,544 - werkzeug - INFO - 127.0.0.1 - - [24/Mar/2026 06:58:56] "GET /api/history HTTP/1.1" 200 -
2026-03-24 06:58:56,558 - werkzeug - INFO - 127.0.0.1 - - [24/Mar/2026 06:58:56] "GET /api/archive?q=&tool= HTTP/1.1" 200 -
2026-03-24 06:59:05,771 - werkzeug - INFO - 127.0.0.1 - - [24/Mar/2026 06:59:05] "GET /api/history HTTP/1.1" 200 -
2026-03-24 06:59:05,776 - werkzeug - INFO - 127.0.0.1 - - [24/Mar/2026 06:59:05] "GET /api/archive?q=&tool= HTTP/1.1" 200 -
2026-03-24 06:59:18,685 - werkzeug - INFO - 127.0.0.1 - - [24/Mar/2026 06:59:18] "GET /api/history HTTP/1.1" 200 -
2026-03-24 06:59:18,689 - werkzeug - INFO - 127.0.0.1 - - [24/Mar/2026 06:59:18] "GET /api/archive?q=&tool= HTTP/1.1" 200 -
2026-03-24 06:59:45,687 - werkzeug - INFO - 127.0.0.1 - - [24/Mar/2026 06:59:45] "GET /api/archive?q=&tool= HTTP/1.1" 200 -
2026-03-24 06:59:45,692 - werkzeug - INFO - 127.0.0.1 - - [24/Mar/2026 06:59:45] "GET /api/history HTTP/1.1" 200 -
2026-03-24 06:59:48,685 - werkzeug - INFO - 127.0.0.1 - - [24/Mar/2026 06:59:48] "GET /api/history HTTP/1.1" 200 -
2026-03-24 06:59:48,687 - werkzeug - INFO - 127.0.0.1 - - [24/Mar/2026 06:59:48] "GET /api/archive?q=&tool= HTTP/1.1" 200 -
2026-03-24 07:00:50,510 - werkzeug - INFO - 127.0.0.1 - - [24/Mar/2026 07:00:50] "GET /api/history HTTP/1.1" 200 -
2026-03-24 07:00:50,514 - werkzeug - INFO - 127.0.0.1 - - [24/Mar/2026 07:00:50] "GET /api/archive?q=&tool= HTTP/1.1" 200 -
2026-03-24 07:00:50,518 - werkzeug - INFO - 127.0.0.1 - - [24/Mar/2026 07:00:50] "GET /api/history HTTP/1.1" 200 -
2026-03-24 07:00:50,523 - werkzeug - INFO - 127.0.0.1 - - [24/Mar/2026 07:00:50] "GET /api/archive?q=&tool= HTTP/1.1" 200 -
2026-03-24 07:01:50,720 - werkzeug - INFO - 127.0.0.1 - - [24/Mar/2026 07:01:50] "GET /api/history HTTP/1.1" 200 -
2026-03-24 07:01:50,726 - werkzeug - INFO - 127.0.0.1 - - [24/Mar/2026 07:01:50] "GET /api/archive?q=&tool= HTTP/1.1" 200 -
2026-03-24 07:01:50,732 - werkzeug - INFO - 127.0.0.1 - - [24/Mar/2026 07:01:50] "GET /api/history HTTP/1.1" 200 -
2026-03-24 07:01:50,738 - werkzeug - INFO - 127.0.0.1 - - [24/Mar/2026 07:01:50] "GET /api/archive?q=&tool= HTTP/1.1" 200 -
2026-03-24 07:02:51,724 - werkzeug - INFO - 127.0.0.1 - - [24/Mar/2026 07:02:51] "GET /api/history HTTP/1.1" 200 -
2026-03-24 07:02:51,728 - werkzeug - INFO - 127.0.0.1 - - [24/Mar/2026 07:02:51] "GET /api/archive?q=&tool= HTTP/1.1" 200 -
2026-03-24 07:02:51,733 - werkzeug - INFO - 127.0.0.1 - - [24/Mar/2026 07:02:51] "GET /api/history HTTP/1.1" 200 -
2026-03-24 07:02:51,738 - werkzeug - INFO - 127.0.0.1 - - [24/Mar/2026 07:02:51] "GET /api/archive?q=&tool= HTTP/1.1" 200 -
2026-03-24 07:04:02,718 - werkzeug - INFO - 127.0.0.1 - - [24/Mar/2026 07:04:02] "GET /api/history HTTP/1.1" 200 -
2026-03-24 07:04:02,727 - werkzeug - INFO - 127.0.0.1 - - [24/Mar/2026 07:04:02] "GET /api/archive?q=&tool= HTTP/1.1" 200 -
2026-03-24 07:04:02,735 - werkzeug - INFO - 127.0.0.1 - - [24/Mar/2026 07:04:02] "GET /api/history HTTP/1.1" 200 -
2026-03-24 07:04:02,741 - werkzeug - INFO - 127.0.0.1 - - [24/Mar/2026 07:04:02] "GET /api/archive?q=&tool= HTTP/1.1" 200 -
2026-03-24 07:05:13,724 - werkzeug - INFO - 127.0.0.1 - - [24/Mar/2026 07:05:13] "GET /api/history HTTP/1.1" 200 -
2026-03-24 07:05:13,730 - werkzeug - INFO - 127.0.0.1 - - [24/Mar/2026 07:05:13] "GET /api/archive?q=&tool= HTTP/1.1" 200 -
2026-03-24 07:05:13,738 - werkzeug - INFO - 127.0.0.1 - - [24/Mar/2026 07:05:13] "GET /api/history HTTP/1.1" 200 -
2026-03-24 07:05:13,742 - werkzeug - INFO - 127.0.0.1 - - [24/Mar/2026 07:05:13] "GET /api/archive?q=&tool= HTTP/1.1" 200 -
2026-03-24 07:06:12,726 - werkzeug - INFO - 127.0.0.1 - - [24/Mar/2026 07:06:12] "GET /api/history HTTP/1.1" 200 -
2026-03-24 07:06:12,730 - werkzeug - INFO - 127.0.0.1 - - [24/Mar/2026 07:06:12] "GET /api/archive?q=&tool= HTTP/1.1" 200 -
2026-03-24 07:06:12,738 - werkzeug - INFO - 127.0.0.1 - - [24/Mar/2026 07:06:12] "GET /api/history HTTP/1.1" 200 -
2026-03-24 07:06:12,745 - werkzeug - INFO - 127.0.0.1 - - [24/Mar/2026 07:06:12] "GET /api/archive?q=&tool= HTTP/1.1" 200 -
2026-03-24 07:07:03,714 - werkzeug - INFO - 127.0.0.1 - - [24/Mar/2026 07:07:03] "GET /api/history HTTP/1.1" 200 -
2026-03-24 07:07:03,722 - werkzeug - INFO - 127.0.0.1 - - [24/Mar/2026 07:07:03] "GET /api/archive?q=&tool= HTTP/1.1" 200 -
2026-03-24 07:07:03,726 - werkzeug - INFO - 127.0.0.1 - - [24/Mar/2026 07:07:03] "GET /api/history HTTP/1.1" 200 -
2026-03-24 07:07:03,731 - werkzeug - INFO - 127.0.0.1 - - [24/Mar/2026 07:07:03] "GET /api/archive?q=&tool= HTTP/1.1" 200 -
2026-03-24 07:08:03,715 - werkzeug - INFO - 127.0.0.1 - - [24/Mar/2026 07:08:03] "GET /api/history HTTP/1.1" 200 -
2026-03-24 07:08:03,721 - werkzeug - INFO - 127.0.0.1 - - [24/Mar/2026 07:08:03] "GET /api/archive?q=&tool= HTTP/1.1" 200 -
2026-03-24 07:08:03,725 - werkzeug - INFO - 127.0.0.1 - - [24/Mar/2026 07:08:03] "GET /api/history HTTP/1.1" 200 -
2026-03-24 07:08:03,729 - werkzeug - INFO - 127.0.0.1 - - [24/Mar/2026 07:08:03] "GET /api/archive?q=&tool= HTTP/1.1" 200 -
2026-03-24 07:09:03,715 - werkzeug - INFO - 127.0.0.1 - - [24/Mar/2026 07:09:03] "GET /api/history HTTP/1.1" 200 -
2026-03-24 07:09:03,721 - werkzeug - INFO - 127.0.0.1 - - [24/Mar/2026 07:09:03] "GET /api/archive?q=&tool= HTTP/1.1" 200 -
2026-03-24 07:09:03,727 - werkzeug - INFO - 127.0.0.1 - - [24/Mar/2026 07:09:03] "GET /api/history HTTP/1.1" 200 -
2026-03-24 07:09:03,731 - werkzeug - INFO - 127.0.0.1 - - [24/Mar/2026 07:09:03] "GET /api/archive?q=&tool= HTTP/1.1" 200 -
2026-03-24 07:10:10,502 - werkzeug - INFO - 127.0.0.1 - - [24/Mar/2026 07:10:10] "GET /api/history HTTP/1.1" 200 -
2026-03-24 07:10:10,513 - werkzeug - INFO - 127.0.0.1 - - [24/Mar/2026 07:10:10] "GET /api/archive?q=&tool= HTTP/1.1" 200 -
2026-03-24 07:10:10,518 - werkzeug - INFO - 127.0.0.1 - - [24/Mar/2026 07:10:10] "GET /api/history HTTP/1.1" 200 -
2026-03-24 07:10:10,523 - werkzeug - INFO - 127.0.0.1 - - [24/Mar/2026 07:10:10] "GET /api/archive?q=&tool= HTTP/1.1" 200 -
2026-03-24 07:11:06,383 - werkzeug - INFO - 127.0.0.1 - - [24/Mar/2026 07:11:06] "GET /api/history HTTP/1.1" 200 -
2026-03-24 07:11:06,389 - werkzeug - INFO - 127.0.0.1 - - [24/Mar/2026 07:11:06] "GET /api/archive?q=&tool= HTTP/1.1" 200 -
2026-03-24 07:11:06,396 - werkzeug - INFO - 127.0.0.1 - - [24/Mar/2026 07:11:06] "GET /api/history HTTP/1.1" 200 -
2026-03-24 07:11:06,400 - werkzeug - INFO - 127.0.0.1 - - [24/Mar/2026 07:11:06] "GET /api/archive?q=&tool= HTTP/1.1" 200 -
2026-03-24 07:12:13,710 - werkzeug - INFO - 127.0.0.1 - - [24/Mar/2026 07:12:13] "GET /api/history HTTP/1.1" 200 -
2026-03-24 07:12:13,713 - werkzeug - INFO - 127.0.0.1 - - [24/Mar/2026 07:12:13] "GET /api/history HTTP/1.1" 200 -
2026-03-24 07:12:13,717 - werkzeug - INFO - 127.0.0.1 - - [24/Mar/2026 07:12:13] "GET /api/archive?q=&tool= HTTP/1.1" 200 -
2026-03-24 07:12:13,723 - werkzeug - INFO - 127.0.0.1 - - [24/Mar/2026 07:12:13] "GET /api/archive?q=&tool= HTTP/1.1" 200 -
2026-03-24 07:13:03,708 - werkzeug - INFO - 127.0.0.1 - - [24/Mar/2026 07:13:03] "GET /api/history HTTP/1.1" 200 -
2026-03-24 07:13:03,713 - werkzeug - INFO - 127.0.0.1 - - [24/Mar/2026 07:13:03] "GET /api/history HTTP/1.1" 200 -
2026-03-24 07:13:03,716 - werkzeug - INFO - 127.0.0.1 - - [24/Mar/2026 07:13:03] "GET /api/archive?q=&tool= HTTP/1.1" 200 -
2026-03-24 07:13:03,722 - werkzeug - INFO - 127.0.0.1 - - [24/Mar/2026 07:13:03] "GET /api/archive?q=&tool= HTTP/1.1" 200 -
2026-03-24 07:14:07,707 - werkzeug - INFO - 127.0.0.1 - - [24/Mar/2026 07:14:07] "GET /api/history HTTP/1.1" 200 -
2026-03-24 07:14:07,714 - werkzeug - INFO - 127.0.0.1 - - [24/Mar/2026 07:14:07] "GET /api/archive?q=&tool= HTTP/1.1" 200 -
2026-03-24 07:14:07,724 - werkzeug - INFO - 127.0.0.1 - - [24/Mar/2026 07:14:07] "GET /api/history HTTP/1.1" 200 -
2026-03-24 07:14:07,730 - werkzeug - INFO - 127.0.0.1 - - [24/Mar/2026 07:14:07] "GET /api/archive?q=&tool= HTTP/1.1" 200 -
2026-03-24 07:15:11,769 - werkzeug - INFO - 127.0.0.1 - - [24/Mar/2026 07:15:11] "GET /api/history HTTP/1.1" 200 -
2026-03-24 07:15:11,773 - werkzeug - INFO - 127.0.0.1 - - [24/Mar/2026 07:15:11] "GET /api/archive?q=&tool= HTTP/1.1" 200 -
2026-03-24 07:15:11,779 - werkzeug - INFO - 127.0.0.1 - - [24/Mar/2026 07:15:11] "GET /api/history HTTP/1.1" 200 -
2026-03-24 07:15:11,793 - werkzeug - INFO - 127.0.0.1 - - [24/Mar/2026 07:15:11] "GET /api/archive?q=&tool= HTTP/1.1" 200 -
2026-03-24 07:15:54,401 - werkzeug - INFO - 127.0.0.1 - - [24/Mar/2026 07:15:54] "GET /api/history HTTP/1.1" 200 -
2026-03-24 07:15:54,408 - werkzeug - INFO - 127.0.0.1 - - [24/Mar/2026 07:15:54] "GET /api/archive?q=&tool= HTTP/1.1" 200 -
2026-03-24 07:16:03,761 - werkzeug - INFO - 127.0.0.1 - - [24/Mar/2026 07:16:03] "GET /api/history HTTP/1.1" 200 -
2026-03-24 07:16:03,764 - werkzeug - INFO - 127.0.0.1 - - [24/Mar/2026 07:16:03] "GET /api/archive?q=&tool= HTTP/1.1" 200 -
2026-03-24 07:16:05,761 - werkzeug - INFO - 127.0.0.1 - - [24/Mar/2026 07:16:05] "GET /api/history HTTP/1.1" 200 -
2026-03-24 07:16:05,769 - werkzeug - INFO - 127.0.0.1 - - [24/Mar/2026 07:16:05] "GET /api/archive?q=&tool= HTTP/1.1" 200 -
2026-03-24 07:16:35,458 - werkzeug - INFO - 127.0.0.1 - - [24/Mar/2026 07:16:35] "GET /api/history HTTP/1.1" 200 -
2026-03-24 07:16:35,460 - werkzeug - INFO - 127.0.0.1 - - [24/Mar/2026 07:16:35] "GET /api/archive?q=&tool= HTTP/1.1" 200 -
2026-03-24 07:17:05,457 - werkzeug - INFO - 127.0.0.1 - - [24/Mar/2026 07:17:05] "GET /api/history HTTP/1.1" 200 -
2026-03-24 07:17:05,462 - werkzeug - INFO - 127.0.0.1 - - [24/Mar/2026 07:17:05] "GET /api/archive?q=&tool= HTTP/1.1" 200 -
2026-03-24 07:17:08,005 - werkzeug - INFO - 127.0.0.1 - - [24/Mar/2026 07:17:08] "GET /api/history HTTP/1.1" 200 -
2026-03-24 07:17:08,012 - werkzeug - INFO - 127.0.0.1 - - [24/Mar/2026 07:17:08] "GET /api/archive?q=&tool= HTTP/1.1" 200 -
2026-03-24 07:18:03,758 - werkzeug - INFO - 127.0.0.1 - - [24/Mar/2026 07:18:03] "GET /api/history HTTP/1.1" 200 -
2026-03-24 07:18:03,762 - werkzeug - INFO - 127.0.0.1 - - [24/Mar/2026 07:18:03] "GET /api/archive?q=&tool= HTTP/1.1" 200 -
2026-03-24 07:19:03,788 - werkzeug - INFO - 127.0.0.1 - - [24/Mar/2026 07:19:03] "GET /api/history HTTP/1.1" 200 -
2026-03-24 07:19:03,793 - werkzeug - INFO - 127.0.0.1 - - [24/Mar/2026 07:19:03] "GET /api/archive?q=&tool= HTTP/1.1" 200 -
2026-03-24 07:20:03,753 - werkzeug - INFO - 127.0.0.1 - - [24/Mar/2026 07:20:03] "GET /api/history HTTP/1.1" 200 -
2026-03-24 07:20:03,756 - werkzeug - INFO - 127.0.0.1 - - [24/Mar/2026 07:20:03] "GET /api/archive?q=&tool= HTTP/1.1" 200 -
2026-03-24 07:21:03,760 - werkzeug - INFO - 127.0.0.1 - - [24/Mar/2026 07:21:03] "GET /api/history HTTP/1.1" 200 -
2026-03-24 07:21:03,764 - werkzeug - INFO - 127.0.0.1 - - [24/Mar/2026 07:21:03] "GET /api/archive?q=&tool= HTTP/1.1" 200 -
2026-03-24 07:21:16,988 - werkzeug - INFO - 127.0.0.1 - - [24/Mar/2026 07:21:16] "GET / HTTP/1.1" 200 -
2026-03-24 07:21:17,118 - werkzeug - INFO - 127.0.0.1 - - [24/Mar/2026 07:21:17] "GET /static/style.css HTTP/1.1" 200 -
2026-03-24 07:21:17,304 - werkzeug - INFO - 127.0.0.1 - - [24/Mar/2026 07:21:17] "GET /api/version HTTP/1.1" 200 -
2026-03-24 07:21:17,314 - werkzeug - INFO - 127.0.0.1 - - [24/Mar/2026 07:21:17] "GET /api/history HTTP/1.1" 200 -
2026-03-24 07:21:17,331 - werkzeug - INFO - 127.0.0.1 - - [24/Mar/2026 07:21:17] "GET /api/archive?q=&tool= HTTP/1.1" 200 -
2026-03-24 07:21:17,338 - werkzeug - INFO - 127.0.0.1 - - [24/Mar/2026 07:21:17] "GET /api/ai/status HTTP/1.1" 200 -
2026-03-24 07:21:27,486 - werkzeug - INFO - 127.0.0.1 - - [24/Mar/2026 07:21:27] "GET /api/history HTTP/1.1" 200 -
2026-03-24 07:21:27,508 - werkzeug - INFO - 127.0.0.1 - - [24/Mar/2026 07:21:27] "GET /api/archive?q=&tool= HTTP/1.1" 200 -
2026-03-24 07:21:38,949 - werkzeug - INFO - 127.0.0.1 - - [24/Mar/2026 07:21:38] "POST /api/history/archive/20260323214001_3363 HTTP/1.1" 200 -
2026-03-24 07:21:38,961 - werkzeug - INFO - 127.0.0.1 - - [24/Mar/2026 07:21:38] "GET /api/history HTTP/1.1" 200 -
2026-03-24 07:21:38,966 - werkzeug - INFO - 127.0.0.1 - - [24/Mar/2026 07:21:38] "GET /api/archive?q=&tool= HTTP/1.1" 200 -
2026-03-24 07:21:41,476 - werkzeug - INFO - 127.0.0.1 - - [24/Mar/2026 07:21:41] "POST /api/history/archive/20260323203707_7944 HTTP/1.1" 200 -
2026-03-24 07:21:41,486 - werkzeug - INFO - 127.0.0.1 - - [24/Mar/2026 07:21:41] "GET /api/history HTTP/1.1" 200 -
2026-03-24 07:21:41,492 - werkzeug - INFO - 127.0.0.1 - - [24/Mar/2026 07:21:41] "GET /api/archive?q=&tool= HTTP/1.1" 200 -
2026-03-24 07:21:41,972 - werkzeug - INFO - 127.0.0.1 - - [24/Mar/2026 07:21:41] "POST /api/history/archive/20260323200708_9279 HTTP/1.1" 200 -
2026-03-24 07:21:41,982 - werkzeug - INFO - 127.0.0.1 - - [24/Mar/2026 07:21:41] "GET /api/archive?q=&tool= HTTP/1.1" 200 -
2026-03-24 07:21:41,984 - werkzeug - INFO - 127.0.0.1 - - [24/Mar/2026 07:21:41] "GET /api/history HTTP/1.1" 200 -
2026-03-24 07:21:47,309 - werkzeug - INFO - 127.0.0.1 - - [24/Mar/2026 07:21:47] "GET /api/history HTTP/1.1" 200 -
2026-03-24 07:21:47,316 - werkzeug - INFO - 127.0.0.1 - - [24/Mar/2026 07:21:47] "GET /api/archive?q=&tool= HTTP/1.1" 200 -
2026-03-24 07:21:53,385 - werkzeug - INFO - 127.0.0.1 - - [24/Mar/2026 07:21:53] "GET /api/history HTTP/1.1" 200 -
2026-03-24 07:21:53,391 - werkzeug - INFO - 127.0.0.1 - - [24/Mar/2026 07:21:53] "GET /api/archive?q=&tool= HTTP/1.1" 200 -
2026-03-24 07:22:03,758 - werkzeug - INFO - 127.0.0.1 - - [24/Mar/2026 07:22:03] "GET /api/history HTTP/1.1" 200 -
2026-03-24 07:22:03,767 - werkzeug - INFO - 127.0.0.1 - - [24/Mar/2026 07:22:03] "GET /api/archive?q=&tool= HTTP/1.1" 200 -
2026-03-24 07:22:17,310 - werkzeug - INFO - 127.0.0.1 - - [24/Mar/2026 07:22:17] "GET /api/history HTTP/1.1" 200 -
2026-03-24 07:22:17,316 - werkzeug - INFO - 127.0.0.1 - - [24/Mar/2026 07:22:17] "GET /api/archive?q=&tool= HTTP/1.1" 200 -
2026-03-24 07:22:47,307 - werkzeug - INFO - 127.0.0.1 - - [24/Mar/2026 07:22:47] "GET /api/history HTTP/1.1" 200 -
2026-03-24 07:22:47,314 - werkzeug - INFO - 127.0.0.1 - - [24/Mar/2026 07:22:47] "GET /api/archive?q=&tool= HTTP/1.1" 200 -
2026-03-24 07:23:03,751 - werkzeug - INFO - 127.0.0.1 - - [24/Mar/2026 07:23:03] "GET /api/history HTTP/1.1" 200 -
2026-03-24 07:23:03,760 - werkzeug - INFO - 127.0.0.1 - - [24/Mar/2026 07:23:03] "GET /api/archive?q=&tool= HTTP/1.1" 200 -
2026-03-24 07:23:17,304 - werkzeug - INFO - 127.0.0.1 - - [24/Mar/2026 07:23:17] "GET /api/history HTTP/1.1" 200 -
2026-03-24 07:23:17,312 - werkzeug - INFO - 127.0.0.1 - - [24/Mar/2026 07:23:17] "GET /api/archive?q=&tool= HTTP/1.1" 200 -
2026-03-24 07:23:47,307 - werkzeug - INFO - 127.0.0.1 - - [24/Mar/2026 07:23:47] "GET /api/archive?q=&tool= HTTP/1.1" 200 -
2026-03-24 07:23:47,312 - werkzeug - INFO - 127.0.0.1 - - [24/Mar/2026 07:23:47] "GET /api/history HTTP/1.1" 200 -
2026-03-24 07:24:11,824 - werkzeug - INFO - 127.0.0.1 - - [24/Mar/2026 07:24:11] "GET /api/history HTTP/1.1" 200 -
2026-03-24 07:24:11,829 - werkzeug - INFO - 127.0.0.1 - - [24/Mar/2026 07:24:11] "GET /api/archive?q=&tool= HTTP/1.1" 200 -
2026-03-24 07:24:17,301 - werkzeug - INFO - 127.0.0.1 - - [24/Mar/2026 07:24:17] "GET /api/history HTTP/1.1" 200 -
2026-03-24 07:24:17,306 - werkzeug - INFO - 127.0.0.1 - - [24/Mar/2026 07:24:17] "GET /api/archive?q=&tool= HTTP/1.1" 200 -
2026-03-24 07:24:47,302 - werkzeug - INFO - 127.0.0.1 - - [24/Mar/2026 07:24:47] "GET /api/history HTTP/1.1" 200 -
2026-03-24 07:24:47,316 - werkzeug - INFO - 127.0.0.1 - - [24/Mar/2026 07:24:47] "GET /api/archive?q=&tool= HTTP/1.1" 200 -
2026-03-24 07:25:03,747 - werkzeug - INFO - 127.0.0.1 - - [24/Mar/2026 07:25:03] "GET /api/history HTTP/1.1" 200 -
2026-03-24 07:25:03,751 - werkzeug - INFO - 127.0.0.1 - - [24/Mar/2026 07:25:03] "GET /api/archive?q=&tool= HTTP/1.1" 200 -
2026-03-24 07:25:17,301 - werkzeug - INFO - 127.0.0.1 - - [24/Mar/2026 07:25:17] "GET /api/history HTTP/1.1" 200 -
2026-03-24 07:25:17,311 - werkzeug - INFO - 127.0.0.1 - - [24/Mar/2026 07:25:17] "GET /api/archive?q=&tool= HTTP/1.1" 200 -
2026-03-24 07:25:32,078 - werkzeug - INFO - 127.0.0.1 - - [24/Mar/2026 07:25:32] "GET / HTTP/1.1" 200 -
2026-03-24 07:25:32,120 - werkzeug - INFO - 127.0.0.1 - - [24/Mar/2026 07:25:32] "[36mGET /static/style.css HTTP/1.1[0m" 304 -
2026-03-24 07:25:32,174 - werkzeug - INFO - 127.0.0.1 - - [24/Mar/2026 07:25:32] "GET /api/version HTTP/1.1" 200 -
2026-03-24 07:25:32,193 - werkzeug - INFO - 127.0.0.1 - - [24/Mar/2026 07:25:32] "GET /api/history HTTP/1.1" 200 -
2026-03-24 07:25:32,194 - werkzeug - INFO - 127.0.0.1 - - [24/Mar/2026 07:25:32] "GET /api/ai/status HTTP/1.1" 200 -
2026-03-24 07:25:32,231 - werkzeug - INFO - 127.0.0.1 - - [24/Mar/2026 07:25:32] "GET /api/archive?q=&tool= HTTP/1.1" 200 -
2026-03-24 07:25:37,504 - werkzeug - INFO - 127.0.0.1 - - [24/Mar/2026 07:25:37] "GET /api/version HTTP/1.1" 200 -
2026-03-24 07:26:02,140 - werkzeug - INFO - 127.0.0.1 - - [24/Mar/2026 07:26:02] "GET /api/history HTTP/1.1" 200 -
2026-03-24 07:26:02,147 - werkzeug - INFO - 127.0.0.1 - - [24/Mar/2026 07:26:02] "GET /api/archive?q=&tool= HTTP/1.1" 200 -
2026-03-24 07:26:04,856 - werkzeug - INFO - 127.0.0.1 - - [24/Mar/2026 07:26:04] "GET /api/history HTTP/1.1" 200 -
2026-03-24 07:26:04,865 - werkzeug - INFO - 127.0.0.1 - - [24/Mar/2026 07:26:04] "GET /api/archive?q=&tool= HTTP/1.1" 200 -
2026-03-24 07:26:12,939 - werkzeug - INFO - 127.0.0.1 - - [24/Mar/2026 07:26:12] "GET /api/history HTTP/1.1" 200 -
2026-03-24 07:26:12,947 - werkzeug - INFO - 127.0.0.1 - - [24/Mar/2026 07:26:12] "GET /api/archive?q=&tool= HTTP/1.1" 200 -
2026-03-24 07:26:21,845 - werkzeug - INFO - 127.0.0.1 - - [24/Mar/2026 07:26:21] "POST /api/history/mark-all-read HTTP/1.1" 200 -
2026-03-24 07:26:21,856 - werkzeug - INFO - 127.0.0.1 - - [24/Mar/2026 07:26:21] "GET /api/history HTTP/1.1" 200 -
2026-03-24 07:26:21,860 - werkzeug - INFO - 127.0.0.1 - - [24/Mar/2026 07:26:21] "GET /api/archive?q=&tool= HTTP/1.1" 200 -
2026-03-24 07:26:24,881 - __main__ - WARNING - 404 Not Found: /api/history/archive-all
2026-03-24 07:26:24,882 - werkzeug - INFO - 127.0.0.1 - - [24/Mar/2026 07:26:24] "[33mPOST /api/history/archive-all HTTP/1.1[0m" 404 -
2026-03-24 07:26:24,892 - werkzeug - INFO - 127.0.0.1 - - [24/Mar/2026 07:26:24] "GET /api/history HTTP/1.1" 200 -
2026-03-24 07:26:24,897 - werkzeug - INFO - 127.0.0.1 - - [24/Mar/2026 07:26:24] "GET /api/archive?q=&tool= HTTP/1.1" 200 -
2026-03-24 07:26:27,831 - __main__ - WARNING - 404 Not Found: /api/history/archive-all
2026-03-24 07:26:27,831 - werkzeug - INFO - 127.0.0.1 - - [24/Mar/2026 07:26:27] "[33mPOST /api/history/archive-all HTTP/1.1[0m" 404 -
2026-03-24 07:26:27,841 - werkzeug - INFO - 127.0.0.1 - - [24/Mar/2026 07:26:27] "GET /api/history HTTP/1.1" 200 -
2026-03-24 07:26:27,846 - werkzeug - INFO - 127.0.0.1 - - [24/Mar/2026 07:26:27] "GET /api/archive?q=&tool= HTTP/1.1" 200 -
2026-03-24 07:26:32,138 - werkzeug - INFO - 127.0.0.1 - - [24/Mar/2026 07:26:32] "GET /api/history HTTP/1.1" 200 -
2026-03-24 07:26:32,145 - werkzeug - INFO - 127.0.0.1 - - [24/Mar/2026 07:26:32] "GET /api/archive?q=&tool= HTTP/1.1" 200 -
2026-03-24 07:26:34,657 - werkzeug - INFO - 127.0.0.1 - - [24/Mar/2026 07:26:34] "GET /api/history HTTP/1.1" 200 -
2026-03-24 07:26:34,663 - werkzeug - INFO - 127.0.0.1 - - [24/Mar/2026 07:26:34] "GET /api/archive?q=&tool= HTTP/1.1" 200 -
2026-03-24 07:26:52,779 - __main__ - WARNING - 404 Not Found: /api/history/archive-all
2026-03-24 07:26:52,779 - werkzeug - INFO - 127.0.0.1 - - [24/Mar/2026 07:26:52] "[33mPOST /api/history/archive-all HTTP/1.1[0m" 404 -
2026-03-24 07:26:52,789 - werkzeug - INFO - 127.0.0.1 - - [24/Mar/2026 07:26:52] "GET /api/history HTTP/1.1" 200 -
2026-03-24 07:26:52,792 - werkzeug - INFO - 127.0.0.1 - - [24/Mar/2026 07:26:52] "GET /api/archive?q=&tool= HTTP/1.1" 200 -
2026-03-24 07:26:57,163 - werkzeug - INFO - 127.0.0.1 - - [24/Mar/2026 07:26:57] "POST /api/history/archive/20260323200511_9279 HTTP/1.1" 200 -
2026-03-24 07:26:57,172 - werkzeug - INFO - 127.0.0.1 - - [24/Mar/2026 07:26:57] "GET /api/history HTTP/1.1" 200 -
2026-03-24 07:26:57,177 - werkzeug - INFO - 127.0.0.1 - - [24/Mar/2026 07:26:57] "GET /api/archive?q=&tool= HTTP/1.1" 200 -
2026-03-24 07:26:57,974 - werkzeug - INFO - 127.0.0.1 - - [24/Mar/2026 07:26:57] "POST /api/history/archive/20260323200501_9279 HTTP/1.1" 200 -
2026-03-24 07:26:57,985 - werkzeug - INFO - 127.0.0.1 - - [24/Mar/2026 07:26:57] "GET /api/history HTTP/1.1" 200 -
2026-03-24 07:26:57,989 - werkzeug - INFO - 127.0.0.1 - - [24/Mar/2026 07:26:57] "GET /api/archive?q=&tool= HTTP/1.1" 200 -
2026-03-24 07:26:58,509 - werkzeug - INFO - 127.0.0.1 - - [24/Mar/2026 07:26:58] "POST /api/history/archive/20260323200436_9279 HTTP/1.1" 200 -
2026-03-24 07:26:58,519 - werkzeug - INFO - 127.0.0.1 - - [24/Mar/2026 07:26:58] "GET /api/history HTTP/1.1" 200 -
2026-03-24 07:26:58,524 - werkzeug - INFO - 127.0.0.1 - - [24/Mar/2026 07:26:58] "GET /api/archive?q=&tool= HTTP/1.1" 200 -
2026-03-24 07:26:58,764 - werkzeug - INFO - 127.0.0.1 - - [24/Mar/2026 07:26:58] "POST /api/history/archive/20260323195225_8133 HTTP/1.1" 200 -
2026-03-24 07:26:58,774 - werkzeug - INFO - 127.0.0.1 - - [24/Mar/2026 07:26:58] "GET /api/history HTTP/1.1" 200 -
2026-03-24 07:26:58,780 - werkzeug - INFO - 127.0.0.1 - - [24/Mar/2026 07:26:58] "GET /api/archive?q=&tool= HTTP/1.1" 200 -
2026-03-24 07:26:58,962 - werkzeug - INFO - 127.0.0.1 - - [24/Mar/2026 07:26:58] "POST /api/history/archive/20260323195035_2974 HTTP/1.1" 200 -
2026-03-24 07:26:58,972 - werkzeug - INFO - 127.0.0.1 - - [24/Mar/2026 07:26:58] "GET /api/history HTTP/1.1" 200 -
2026-03-24 07:26:58,976 - werkzeug - INFO - 127.0.0.1 - - [24/Mar/2026 07:26:58] "GET /api/archive?q=&tool= HTTP/1.1" 200 -
2026-03-24 07:26:59,376 - werkzeug - INFO - 127.0.0.1 - - [24/Mar/2026 07:26:59] "POST /api/history/archive/20260323193443_2933 HTTP/1.1" 200 -
2026-03-24 07:26:59,384 - werkzeug - INFO - 127.0.0.1 - - [24/Mar/2026 07:26:59] "GET /api/history HTTP/1.1" 200 -
2026-03-24 07:26:59,389 - werkzeug - INFO - 127.0.0.1 - - [24/Mar/2026 07:26:59] "GET /api/archive?q=&tool= HTTP/1.1" 200 -
2026-03-24 07:26:59,588 - werkzeug - INFO - 127.0.0.1 - - [24/Mar/2026 07:26:59] "POST /api/history/archive/20260323193443_2933 HTTP/1.1" 200 -
2026-03-24 07:26:59,598 - werkzeug - INFO - 127.0.0.1 - - [24/Mar/2026 07:26:59] "GET /api/archive?q=&tool= HTTP/1.1" 200 -
2026-03-24 07:26:59,601 - werkzeug - INFO - 127.0.0.1 - - [24/Mar/2026 07:26:59] "GET /api/history HTTP/1.1" 200 -
2026-03-24 07:26:59,879 - werkzeug - INFO - 127.0.0.1 - - [24/Mar/2026 07:26:59] "POST /api/history/archive/20260323193442_2933 HTTP/1.1" 200 -
2026-03-24 07:26:59,888 - werkzeug - INFO - 127.0.0.1 - - [24/Mar/2026 07:26:59] "GET /api/history HTTP/1.1" 200 -
2026-03-24 07:26:59,894 - werkzeug - INFO - 127.0.0.1 - - [24/Mar/2026 07:26:59] "GET /api/archive?q=&tool= HTTP/1.1" 200 -
2026-03-24 07:27:00,169 - werkzeug - INFO - 127.0.0.1 - - [24/Mar/2026 07:27:00] "POST /api/history/archive/20260323193256_5363 HTTP/1.1" 200 -
2026-03-24 07:27:00,179 - werkzeug - INFO - 127.0.0.1 - - [24/Mar/2026 07:27:00] "GET /api/archive?q=&tool= HTTP/1.1" 200 -
2026-03-24 07:27:00,183 - werkzeug - INFO - 127.0.0.1 - - [24/Mar/2026 07:27:00] "GET /api/history HTTP/1.1" 200 -
2026-03-24 07:27:00,427 - werkzeug - INFO - 127.0.0.1 - - [24/Mar/2026 07:27:00] "POST /api/history/archive/20260323193255_5363 HTTP/1.1" 200 -
2026-03-24 07:27:00,437 - werkzeug - INFO - 127.0.0.1 - - [24/Mar/2026 07:27:00] "GET /api/history HTTP/1.1" 200 -
2026-03-24 07:27:00,442 - werkzeug - INFO - 127.0.0.1 - - [24/Mar/2026 07:27:00] "GET /api/archive?q=&tool= HTTP/1.1" 200 -
2026-03-24 07:27:00,697 - werkzeug - INFO - 127.0.0.1 - - [24/Mar/2026 07:27:00] "POST /api/history/archive/20260323170935_1118 HTTP/1.1" 200 -
2026-03-24 07:27:00,705 - werkzeug - INFO - 127.0.0.1 - - [24/Mar/2026 07:27:00] "GET /api/history HTTP/1.1" 200 -
2026-03-24 07:27:00,711 - werkzeug - INFO - 127.0.0.1 - - [24/Mar/2026 07:27:00] "GET /api/archive?q=&tool= HTTP/1.1" 200 -
2026-03-24 07:27:00,961 - werkzeug - INFO - 127.0.0.1 - - [24/Mar/2026 07:27:00] "POST /api/history/archive/20260323170431_6209 HTTP/1.1" 200 -
2026-03-24 07:27:00,971 - werkzeug - INFO - 127.0.0.1 - - [24/Mar/2026 07:27:00] "GET /api/history HTTP/1.1" 200 -
2026-03-24 07:27:00,975 - werkzeug - INFO - 127.0.0.1 - - [24/Mar/2026 07:27:00] "GET /api/archive?q=&tool= HTTP/1.1" 200 -
2026-03-24 07:27:01,340 - werkzeug - INFO - 127.0.0.1 - - [24/Mar/2026 07:27:01] "POST /api/history/archive/20260323151009_3367 HTTP/1.1" 200 -
2026-03-24 07:27:01,348 - werkzeug - INFO - 127.0.0.1 - - [24/Mar/2026 07:27:01] "GET /api/history HTTP/1.1" 200 -
2026-03-24 07:27:01,352 - werkzeug - INFO - 127.0.0.1 - - [24/Mar/2026 07:27:01] "GET /api/archive?q=&tool= HTTP/1.1" 200 -
2026-03-24 07:27:01,588 - werkzeug - INFO - 127.0.0.1 - - [24/Mar/2026 07:27:01] "POST /api/history/archive/20260323151008_3367 HTTP/1.1" 200 -
2026-03-24 07:27:01,597 - werkzeug - INFO - 127.0.0.1 - - [24/Mar/2026 07:27:01] "GET /api/history HTTP/1.1" 200 -
2026-03-24 07:27:01,602 - werkzeug - INFO - 127.0.0.1 - - [24/Mar/2026 07:27:01] "GET /api/archive?q=&tool= HTTP/1.1" 200 -
2026-03-24 07:27:01,848 - werkzeug - INFO - 127.0.0.1 - - [24/Mar/2026 07:27:01] "POST /api/history/archive/20260323151007_3367 HTTP/1.1" 200 -
2026-03-24 07:27:01,856 - werkzeug - INFO - 127.0.0.1 - - [24/Mar/2026 07:27:01] "GET /api/history HTTP/1.1" 200 -
2026-03-24 07:27:01,861 - werkzeug - INFO - 127.0.0.1 - - [24/Mar/2026 07:27:01] "GET /api/archive?q=&tool= HTTP/1.1" 200 -
2026-03-24 07:27:02,064 - werkzeug - INFO - 127.0.0.1 - - [24/Mar/2026 07:27:02] "POST /api/history/archive/20260323150218_3367 HTTP/1.1" 200 -
2026-03-24 07:27:02,072 - werkzeug - INFO - 127.0.0.1 - - [24/Mar/2026 07:27:02] "GET /api/history HTTP/1.1" 200 -
2026-03-24 07:27:02,077 - werkzeug - INFO - 127.0.0.1 - - [24/Mar/2026 07:27:02] "GET /api/archive?q=&tool= HTTP/1.1" 200 -
2026-03-24 07:27:02,134 - werkzeug - INFO - 127.0.0.1 - - [24/Mar/2026 07:27:02] "GET /api/history HTTP/1.1" 200 -
2026-03-24 07:27:02,138 - werkzeug - INFO - 127.0.0.1 - - [24/Mar/2026 07:27:02] "GET /api/archive?q=&tool= HTTP/1.1" 200 -
2026-03-24 07:27:02,522 - werkzeug - INFO - 127.0.0.1 - - [24/Mar/2026 07:27:02] "POST /api/history/archive/20260323150216_3367 HTTP/1.1" 200 -
2026-03-24 07:27:02,531 - werkzeug - INFO - 127.0.0.1 - - [24/Mar/2026 07:27:02] "GET /api/history HTTP/1.1" 200 -
2026-03-24 07:27:02,536 - werkzeug - INFO - 127.0.0.1 - - [24/Mar/2026 07:27:02] "GET /api/archive?q=&tool= HTTP/1.1" 200 -
2026-03-24 07:27:02,759 - werkzeug - INFO - 127.0.0.1 - - [24/Mar/2026 07:27:02] "POST /api/history/archive/20260323150215_3367 HTTP/1.1" 200 -
2026-03-24 07:27:02,768 - werkzeug - INFO - 127.0.0.1 - - [24/Mar/2026 07:27:02] "GET /api/history HTTP/1.1" 200 -
2026-03-24 07:27:02,772 - werkzeug - INFO - 127.0.0.1 - - [24/Mar/2026 07:27:02] "GET /api/archive?q=&tool= HTTP/1.1" 200 -
2026-03-24 07:27:03,026 - werkzeug - INFO - 127.0.0.1 - - [24/Mar/2026 07:27:03] "POST /api/history/archive/20260323145012_2165 HTTP/1.1" 200 -
2026-03-24 07:27:03,035 - werkzeug - INFO - 127.0.0.1 - - [24/Mar/2026 07:27:03] "GET /api/history HTTP/1.1" 200 -
2026-03-24 07:27:03,039 - werkzeug - INFO - 127.0.0.1 - - [24/Mar/2026 07:27:03] "GET /api/archive?q=&tool= HTTP/1.1" 200 -
2026-03-24 07:27:03,284 - werkzeug - INFO - 127.0.0.1 - - [24/Mar/2026 07:27:03] "POST /api/history/archive/20260323144817_2165 HTTP/1.1" 200 -
2026-03-24 07:27:03,293 - werkzeug - INFO - 127.0.0.1 - - [24/Mar/2026 07:27:03] "GET /api/history HTTP/1.1" 200 -
2026-03-24 07:27:03,299 - werkzeug - INFO - 127.0.0.1 - - [24/Mar/2026 07:27:03] "GET /api/archive?q=&tool= HTTP/1.1" 200 -
2026-03-24 07:27:03,741 - werkzeug - INFO - 127.0.0.1 - - [24/Mar/2026 07:27:03] "GET /api/history HTTP/1.1" 200 -
2026-03-24 07:27:03,751 - werkzeug - INFO - 127.0.0.1 - - [24/Mar/2026 07:27:03] "GET /api/archive?q=&tool= HTTP/1.1" 200 -
2026-03-24 07:27:04,719 - werkzeug - INFO - 127.0.0.1 - - [24/Mar/2026 07:27:04] "POST /api/history/archive/20260323144734_2165 HTTP/1.1" 200 -
2026-03-24 07:27:04,729 - werkzeug - INFO - 127.0.0.1 - - [24/Mar/2026 07:27:04] "GET /api/history HTTP/1.1" 200 -
2026-03-24 07:27:04,732 - werkzeug - INFO - 127.0.0.1 - - [24/Mar/2026 07:27:04] "GET /api/archive?q=&tool= HTTP/1.1" 200 -
2026-03-24 07:27:05,694 - werkzeug - INFO - 127.0.0.1 - - [24/Mar/2026 07:27:05] "POST /api/history/archive/20260323144257_6537 HTTP/1.1" 200 -
2026-03-24 07:27:05,704 - werkzeug - INFO - 127.0.0.1 - - [24/Mar/2026 07:27:05] "GET /api/history HTTP/1.1" 200 -
2026-03-24 07:27:05,710 - werkzeug - INFO - 127.0.0.1 - - [24/Mar/2026 07:27:05] "GET /api/archive?q=&tool= HTTP/1.1" 200 -
2026-03-24 07:27:11,532 - werkzeug - INFO - 127.0.0.1 - - [24/Mar/2026 07:27:11] "POST /api/history/archive/20260323144252_6537 HTTP/1.1" 200 -
2026-03-24 07:27:11,543 - werkzeug - INFO - 127.0.0.1 - - [24/Mar/2026 07:27:11] "GET /api/history HTTP/1.1" 200 -
2026-03-24 07:27:11,550 - werkzeug - INFO - 127.0.0.1 - - [24/Mar/2026 07:27:11] "GET /api/archive?q=&tool= HTTP/1.1" 200 -
2026-03-24 07:27:12,094 - werkzeug - INFO - 127.0.0.1 - - [24/Mar/2026 07:27:12] "POST /api/history/archive/20260323143937_2586 HTTP/1.1" 200 -
2026-03-24 07:27:12,104 - werkzeug - INFO - 127.0.0.1 - - [24/Mar/2026 07:27:12] "GET /api/history HTTP/1.1" 200 -
2026-03-24 07:27:12,107 - werkzeug - INFO - 127.0.0.1 - - [24/Mar/2026 07:27:12] "GET /api/archive?q=&tool= HTTP/1.1" 200 -
2026-03-24 07:27:12,975 - werkzeug - INFO - 127.0.0.1 - - [24/Mar/2026 07:27:12] "POST /api/history/archive/20260323142910_513 HTTP/1.1" 200 -
2026-03-24 07:27:12,986 - werkzeug - INFO - 127.0.0.1 - - [24/Mar/2026 07:27:12] "GET /api/history HTTP/1.1" 200 -
2026-03-24 07:27:12,992 - werkzeug - INFO - 127.0.0.1 - - [24/Mar/2026 07:27:12] "GET /api/archive?q=&tool= HTTP/1.1" 200 -
2026-03-24 07:27:13,555 - werkzeug - INFO - 127.0.0.1 - - [24/Mar/2026 07:27:13] "POST /api/history/archive/20260323142035_9419 HTTP/1.1" 200 -
2026-03-24 07:27:13,566 - werkzeug - INFO - 127.0.0.1 - - [24/Mar/2026 07:27:13] "GET /api/history HTTP/1.1" 200 -
2026-03-24 07:27:13,571 - werkzeug - INFO - 127.0.0.1 - - [24/Mar/2026 07:27:13] "GET /api/archive?q=&tool= HTTP/1.1" 200 -
2026-03-24 07:27:14,115 - werkzeug - INFO - 127.0.0.1 - - [24/Mar/2026 07:27:14] "POST /api/history/archive/20260323141929_9948 HTTP/1.1" 200 -
2026-03-24 07:27:14,125 - werkzeug - INFO - 127.0.0.1 - - [24/Mar/2026 07:27:14] "GET /api/history HTTP/1.1" 200 -
2026-03-24 07:27:14,131 - werkzeug - INFO - 127.0.0.1 - - [24/Mar/2026 07:27:14] "GET /api/archive?q=&tool= HTTP/1.1" 200 -
2026-03-24 07:27:14,603 - werkzeug - INFO - 127.0.0.1 - - [24/Mar/2026 07:27:14] "POST /api/history/archive/20260323141106_7738 HTTP/1.1" 200 -
2026-03-24 07:27:14,612 - werkzeug - INFO - 127.0.0.1 - - [24/Mar/2026 07:27:14] "GET /api/history HTTP/1.1" 200 -
2026-03-24 07:27:14,617 - werkzeug - INFO - 127.0.0.1 - - [24/Mar/2026 07:27:14] "GET /api/archive?q=&tool= HTTP/1.1" 200 -
2026-03-24 07:27:14,965 - werkzeug - INFO - 127.0.0.1 - - [24/Mar/2026 07:27:14] "POST /api/history/archive/20260323140830_7738 HTTP/1.1" 200 -
2026-03-24 07:27:14,975 - werkzeug - INFO - 127.0.0.1 - - [24/Mar/2026 07:27:14] "GET /api/history HTTP/1.1" 200 -
2026-03-24 07:27:14,981 - werkzeug - INFO - 127.0.0.1 - - [24/Mar/2026 07:27:14] "GET /api/archive?q=&tool= HTTP/1.1" 200 -
2026-03-24 07:27:15,358 - werkzeug - INFO - 127.0.0.1 - - [24/Mar/2026 07:27:15] "POST /api/history/archive/20260323140717_6660 HTTP/1.1" 200 -
2026-03-24 07:27:15,367 - werkzeug - INFO - 127.0.0.1 - - [24/Mar/2026 07:27:15] "GET /api/history HTTP/1.1" 200 -
2026-03-24 07:27:15,371 - werkzeug - INFO - 127.0.0.1 - - [24/Mar/2026 07:27:15] "GET /api/archive?q=&tool= HTTP/1.1" 200 -
2026-03-24 07:27:15,609 - werkzeug - INFO - 127.0.0.1 - - [24/Mar/2026 07:27:15] "POST /api/history/archive/20260323135611_9948 HTTP/1.1" 200 -
2026-03-24 07:27:15,619 - werkzeug - INFO - 127.0.0.1 - - [24/Mar/2026 07:27:15] "GET /api/history HTTP/1.1" 200 -
2026-03-24 07:27:15,624 - werkzeug - INFO - 127.0.0.1 - - [24/Mar/2026 07:27:15] "GET /api/archive?q=&tool= HTTP/1.1" 200 -
2026-03-24 07:27:15,869 - werkzeug - INFO - 127.0.0.1 - - [24/Mar/2026 07:27:15] "POST /api/history/archive/20260323134323_8915 HTTP/1.1" 200 -
2026-03-24 07:27:15,878 - werkzeug - INFO - 127.0.0.1 - - [24/Mar/2026 07:27:15] "GET /api/history HTTP/1.1" 200 -
2026-03-24 07:27:15,883 - werkzeug - INFO - 127.0.0.1 - - [24/Mar/2026 07:27:15] "GET /api/archive?q=&tool= HTTP/1.1" 200 -
2026-03-24 07:27:16,236 - werkzeug - INFO - 127.0.0.1 - - [24/Mar/2026 07:27:16] "POST /api/history/archive/20260323132325_3601 HTTP/1.1" 200 -
2026-03-24 07:27:16,245 - werkzeug - INFO - 127.0.0.1 - - [24/Mar/2026 07:27:16] "GET /api/history HTTP/1.1" 200 -
2026-03-24 07:27:16,251 - werkzeug - INFO - 127.0.0.1 - - [24/Mar/2026 07:27:16] "GET /api/archive?q=&tool= HTTP/1.1" 200 -
2026-03-24 07:27:16,537 - werkzeug - INFO - 127.0.0.1 - - [24/Mar/2026 07:27:16] "POST /api/history/archive/20260323132324_3601 HTTP/1.1" 200 -
2026-03-24 07:27:16,546 - werkzeug - INFO - 127.0.0.1 - - [24/Mar/2026 07:27:16] "GET /api/history HTTP/1.1" 200 -
2026-03-24 07:27:16,551 - werkzeug - INFO - 127.0.0.1 - - [24/Mar/2026 07:27:16] "GET /api/archive?q=&tool= HTTP/1.1" 200 -
2026-03-24 07:27:16,797 - werkzeug - INFO - 127.0.0.1 - - [24/Mar/2026 07:27:16] "POST /api/history/archive/20260323132312_359 HTTP/1.1" 200 -
2026-03-24 07:27:16,805 - werkzeug - INFO - 127.0.0.1 - - [24/Mar/2026 07:27:16] "GET /api/history HTTP/1.1" 200 -
2026-03-24 07:27:16,810 - werkzeug - INFO - 127.0.0.1 - - [24/Mar/2026 07:27:16] "GET /api/archive?q=&tool= HTTP/1.1" 200 -
2026-03-24 07:27:16,981 - werkzeug - INFO - 127.0.0.1 - - [24/Mar/2026 07:27:16] "POST /api/history/archive/20260323130808_3991 HTTP/1.1" 200 -
2026-03-24 07:27:16,989 - werkzeug - INFO - 127.0.0.1 - - [24/Mar/2026 07:27:16] "GET /api/history HTTP/1.1" 200 -
2026-03-24 07:27:16,994 - werkzeug - INFO - 127.0.0.1 - - [24/Mar/2026 07:27:16] "GET /api/archive?q=&tool= HTTP/1.1" 200 -
2026-03-24 07:27:17,183 - werkzeug - INFO - 127.0.0.1 - - [24/Mar/2026 07:27:17] "POST /api/history/archive/20260323130638_5538 HTTP/1.1" 200 -
2026-03-24 07:27:17,191 - werkzeug - INFO - 127.0.0.1 - - [24/Mar/2026 07:27:17] "GET /api/history HTTP/1.1" 200 -
2026-03-24 07:27:17,196 - werkzeug - INFO - 127.0.0.1 - - [24/Mar/2026 07:27:17] "GET /api/archive?q=&tool= HTTP/1.1" 200 -
2026-03-24 07:27:17,400 - werkzeug - INFO - 127.0.0.1 - - [24/Mar/2026 07:27:17] "POST /api/history/archive/20260323130533_5538 HTTP/1.1" 200 -
2026-03-24 07:27:17,409 - werkzeug - INFO - 127.0.0.1 - - [24/Mar/2026 07:27:17] "GET /api/history HTTP/1.1" 200 -
2026-03-24 07:27:17,414 - werkzeug - INFO - 127.0.0.1 - - [24/Mar/2026 07:27:17] "GET /api/archive?q=&tool= HTTP/1.1" 200 -
2026-03-24 07:27:17,595 - werkzeug - INFO - 127.0.0.1 - - [24/Mar/2026 07:27:17] "POST /api/history/archive/20260323130419_5538 HTTP/1.1" 200 -
2026-03-24 07:27:17,604 - werkzeug - INFO - 127.0.0.1 - - [24/Mar/2026 07:27:17] "GET /api/history HTTP/1.1" 200 -
2026-03-24 07:27:17,609 - werkzeug - INFO - 127.0.0.1 - - [24/Mar/2026 07:27:17] "GET /api/archive?q=&tool= HTTP/1.1" 200 -
2026-03-24 07:27:17,807 - werkzeug - INFO - 127.0.0.1 - - [24/Mar/2026 07:27:17] "POST /api/history/archive/20260323130303_9242 HTTP/1.1" 200 -
2026-03-24 07:27:17,816 - werkzeug - INFO - 127.0.0.1 - - [24/Mar/2026 07:27:17] "GET /api/history HTTP/1.1" 200 -
2026-03-24 07:27:17,820 - werkzeug - INFO - 127.0.0.1 - - [24/Mar/2026 07:27:17] "GET /api/archive?q=&tool= HTTP/1.1" 200 -
2026-03-24 07:27:18,020 - werkzeug - INFO - 127.0.0.1 - - [24/Mar/2026 07:27:18] "POST /api/history/archive/20260323130156_9242 HTTP/1.1" 200 -
2026-03-24 07:27:18,029 - werkzeug - INFO - 127.0.0.1 - - [24/Mar/2026 07:27:18] "GET /api/history HTTP/1.1" 200 -
2026-03-24 07:27:18,033 - werkzeug - INFO - 127.0.0.1 - - [24/Mar/2026 07:27:18] "GET /api/archive?q=&tool= HTTP/1.1" 200 -
2026-03-24 07:27:18,232 - werkzeug - INFO - 127.0.0.1 - - [24/Mar/2026 07:27:18] "POST /api/history/archive/20260323130050_3637 HTTP/1.1" 200 -
2026-03-24 07:27:18,240 - werkzeug - INFO - 127.0.0.1 - - [24/Mar/2026 07:27:18] "GET /api/history HTTP/1.1" 200 -
2026-03-24 07:27:18,245 - werkzeug - INFO - 127.0.0.1 - - [24/Mar/2026 07:27:18] "GET /api/archive?q=&tool= HTTP/1.1" 200 -
2026-03-24 07:27:18,451 - werkzeug - INFO - 127.0.0.1 - - [24/Mar/2026 07:27:18] "POST /api/history/archive/20260323125939_3637 HTTP/1.1" 200 -
2026-03-24 07:27:18,460 - werkzeug - INFO - 127.0.0.1 - - [24/Mar/2026 07:27:18] "GET /api/history HTTP/1.1" 200 -
2026-03-24 07:27:18,465 - werkzeug - INFO - 127.0.0.1 - - [24/Mar/2026 07:27:18] "GET /api/archive?q=&tool= HTTP/1.1" 200 -
2026-03-24 07:27:18,636 - werkzeug - INFO - 127.0.0.1 - - [24/Mar/2026 07:27:18] "POST /api/history/archive/20260323125827_3637 HTTP/1.1" 200 -
2026-03-24 07:27:18,644 - werkzeug - INFO - 127.0.0.1 - - [24/Mar/2026 07:27:18] "GET /api/history HTTP/1.1" 200 -
2026-03-24 07:27:18,649 - werkzeug - INFO - 127.0.0.1 - - [24/Mar/2026 07:27:18] "GET /api/archive?q=&tool= HTTP/1.1" 200 -
2026-03-24 07:27:18,847 - werkzeug - INFO - 127.0.0.1 - - [24/Mar/2026 07:27:18] "POST /api/history/archive/20260323125653_6971 HTTP/1.1" 200 -
2026-03-24 07:27:18,856 - werkzeug - INFO - 127.0.0.1 - - [24/Mar/2026 07:27:18] "GET /api/history HTTP/1.1" 200 -
2026-03-24 07:27:18,861 - werkzeug - INFO - 127.0.0.1 - - [24/Mar/2026 07:27:18] "GET /api/archive?q=&tool= HTTP/1.1" 200 -
2026-03-24 07:27:19,062 - werkzeug - INFO - 127.0.0.1 - - [24/Mar/2026 07:27:19] "POST /api/history/archive/20260323125550_6971 HTTP/1.1" 200 -
2026-03-24 07:27:19,072 - werkzeug - INFO - 127.0.0.1 - - [24/Mar/2026 07:27:19] "GET /api/history HTTP/1.1" 200 -
2026-03-24 07:27:19,077 - werkzeug - INFO - 127.0.0.1 - - [24/Mar/2026 07:27:19] "GET /api/archive?q=&tool= HTTP/1.1" 200 -
2026-03-24 07:27:19,251 - werkzeug - INFO - 127.0.0.1 - - [24/Mar/2026 07:27:19] "POST /api/history/archive/20260323125342_4639 HTTP/1.1" 200 -
2026-03-24 07:27:19,260 - werkzeug - INFO - 127.0.0.1 - - [24/Mar/2026 07:27:19] "GET /api/history HTTP/1.1" 200 -
2026-03-24 07:27:19,265 - werkzeug - INFO - 127.0.0.1 - - [24/Mar/2026 07:27:19] "GET /api/archive?q=&tool= HTTP/1.1" 200 -
2026-03-24 07:27:19,466 - werkzeug - INFO - 127.0.0.1 - - [24/Mar/2026 07:27:19] "POST /api/history/archive/20260323125311_2132 HTTP/1.1" 200 -
2026-03-24 07:27:19,475 - werkzeug - INFO - 127.0.0.1 - - [24/Mar/2026 07:27:19] "GET /api/history HTTP/1.1" 200 -
2026-03-24 07:27:19,481 - werkzeug - INFO - 127.0.0.1 - - [24/Mar/2026 07:27:19] "GET /api/archive?q=&tool= HTTP/1.1" 200 -
2026-03-24 07:27:19,685 - werkzeug - INFO - 127.0.0.1 - - [24/Mar/2026 07:27:19] "POST /api/history/archive/20260323125236_4639 HTTP/1.1" 200 -
2026-03-24 07:27:19,695 - werkzeug - INFO - 127.0.0.1 - - [24/Mar/2026 07:27:19] "GET /api/history HTTP/1.1" 200 -
2026-03-24 07:27:19,699 - werkzeug - INFO - 127.0.0.1 - - [24/Mar/2026 07:27:19] "GET /api/archive?q=&tool= HTTP/1.1" 200 -
2026-03-24 07:27:19,931 - werkzeug - INFO - 127.0.0.1 - - [24/Mar/2026 07:27:19] "POST /api/history/archive/20260323124824_2132 HTTP/1.1" 200 -
2026-03-24 07:27:19,942 - werkzeug - INFO - 127.0.0.1 - - [24/Mar/2026 07:27:19] "GET /api/history HTTP/1.1" 200 -
2026-03-24 07:27:19,947 - werkzeug - INFO - 127.0.0.1 - - [24/Mar/2026 07:27:19] "GET /api/archive?q=&tool= HTTP/1.1" 200 -
2026-03-24 07:27:20,129 - werkzeug - INFO - 127.0.0.1 - - [24/Mar/2026 07:27:20] "POST /api/history/archive/20260323124649_2132 HTTP/1.1" 200 -
2026-03-24 07:27:20,137 - werkzeug - INFO - 127.0.0.1 - - [24/Mar/2026 07:27:20] "GET /api/history HTTP/1.1" 200 -
2026-03-24 07:27:20,144 - werkzeug - INFO - 127.0.0.1 - - [24/Mar/2026 07:27:20] "GET /api/archive?q=&tool= HTTP/1.1" 200 -
2026-03-24 07:27:20,564 - werkzeug - INFO - 127.0.0.1 - - [24/Mar/2026 07:27:20] "POST /api/history/archive/20260323124342_156 HTTP/1.1" 200 -
2026-03-24 07:27:20,575 - werkzeug - INFO - 127.0.0.1 - - [24/Mar/2026 07:27:20] "GET /api/history HTTP/1.1" 200 -
2026-03-24 07:27:20,580 - werkzeug - INFO - 127.0.0.1 - - [24/Mar/2026 07:27:20] "GET /api/archive?q=&tool= HTTP/1.1" 200 -
2026-03-24 07:27:20,879 - werkzeug - INFO - 127.0.0.1 - - [24/Mar/2026 07:27:20] "POST /api/history/archive/20260323124024_2793 HTTP/1.1" 200 -
2026-03-24 07:27:20,887 - werkzeug - INFO - 127.0.0.1 - - [24/Mar/2026 07:27:20] "GET /api/history HTTP/1.1" 200 -
2026-03-24 07:27:20,892 - werkzeug - INFO - 127.0.0.1 - - [24/Mar/2026 07:27:20] "GET /api/archive?q=&tool= HTTP/1.1" 200 -
2026-03-24 07:27:21,083 - werkzeug - INFO - 127.0.0.1 - - [24/Mar/2026 07:27:21] "POST /api/history/archive/20260323123852_2793 HTTP/1.1" 200 -
2026-03-24 07:27:21,091 - werkzeug - INFO - 127.0.0.1 - - [24/Mar/2026 07:27:21] "GET /api/history HTTP/1.1" 200 -
2026-03-24 07:27:21,097 - werkzeug - INFO - 127.0.0.1 - - [24/Mar/2026 07:27:21] "GET /api/archive?q=&tool= HTTP/1.1" 200 -
2026-03-24 07:27:21,311 - werkzeug - INFO - 127.0.0.1 - - [24/Mar/2026 07:27:21] "POST /api/history/archive/20260323123615_8450 HTTP/1.1" 200 -
2026-03-24 07:27:21,320 - werkzeug - INFO - 127.0.0.1 - - [24/Mar/2026 07:27:21] "GET /api/history HTTP/1.1" 200 -
2026-03-24 07:27:21,326 - werkzeug - INFO - 127.0.0.1 - - [24/Mar/2026 07:27:21] "GET /api/archive?q=&tool= HTTP/1.1" 200 -
2026-03-24 07:27:21,531 - werkzeug - INFO - 127.0.0.1 - - [24/Mar/2026 07:27:21] "POST /api/history/archive/20260323123415_8450 HTTP/1.1" 200 -
2026-03-24 07:27:21,540 - werkzeug - INFO - 127.0.0.1 - - [24/Mar/2026 07:27:21] "GET /api/history HTTP/1.1" 200 -
2026-03-24 07:27:21,545 - werkzeug - INFO - 127.0.0.1 - - [24/Mar/2026 07:27:21] "GET /api/archive?q=&tool= HTTP/1.1" 200 -
2026-03-24 07:27:21,755 - werkzeug - INFO - 127.0.0.1 - - [24/Mar/2026 07:27:21] "POST /api/history/archive/20260323123126_972 HTTP/1.1" 200 -
2026-03-24 07:27:21,764 - werkzeug - INFO - 127.0.0.1 - - [24/Mar/2026 07:27:21] "GET /api/history HTTP/1.1" 200 -
2026-03-24 07:27:21,770 - werkzeug - INFO - 127.0.0.1 - - [24/Mar/2026 07:27:21] "GET /api/archive?q=&tool= HTTP/1.1" 200 -
2026-03-24 07:27:21,971 - werkzeug - INFO - 127.0.0.1 - - [24/Mar/2026 07:27:21] "POST /api/history/archive/20260323123012_292 HTTP/1.1" 200 -
2026-03-24 07:27:21,980 - werkzeug - INFO - 127.0.0.1 - - [24/Mar/2026 07:27:21] "GET /api/history HTTP/1.1" 200 -
2026-03-24 07:27:21,985 - werkzeug - INFO - 127.0.0.1 - - [24/Mar/2026 07:27:21] "GET /api/archive?q=&tool= HTTP/1.1" 200 -
2026-03-24 07:27:22,219 - werkzeug - INFO - 127.0.0.1 - - [24/Mar/2026 07:27:22] "POST /api/history/archive/20260323122953_4515 HTTP/1.1" 200 -
2026-03-24 07:27:22,229 - werkzeug - INFO - 127.0.0.1 - - [24/Mar/2026 07:27:22] "GET /api/history HTTP/1.1" 200 -
2026-03-24 07:27:22,235 - werkzeug - INFO - 127.0.0.1 - - [24/Mar/2026 07:27:22] "GET /api/archive?q=&tool= HTTP/1.1" 200 -
2026-03-24 07:27:22,416 - werkzeug - INFO - 127.0.0.1 - - [24/Mar/2026 07:27:22] "POST /api/history/archive/20260323122759_7412 HTTP/1.1" 200 -
2026-03-24 07:27:22,424 - werkzeug - INFO - 127.0.0.1 - - [24/Mar/2026 07:27:22] "GET /api/history HTTP/1.1" 200 -
2026-03-24 07:27:22,430 - werkzeug - INFO - 127.0.0.1 - - [24/Mar/2026 07:27:22] "GET /api/archive?q=&tool= HTTP/1.1" 200 -
2026-03-24 07:27:22,619 - werkzeug - INFO - 127.0.0.1 - - [24/Mar/2026 07:27:22] "POST /api/history/archive/20260323122711_7412 HTTP/1.1" 200 -
2026-03-24 07:27:22,629 - werkzeug - INFO - 127.0.0.1 - - [24/Mar/2026 07:27:22] "GET /api/history HTTP/1.1" 200 -
2026-03-24 07:27:22,634 - werkzeug - INFO - 127.0.0.1 - - [24/Mar/2026 07:27:22] "GET /api/archive?q=&tool= HTTP/1.1" 200 -
2026-03-24 07:27:22,829 - werkzeug - INFO - 127.0.0.1 - - [24/Mar/2026 07:27:22] "POST /api/history/archive/20260323122144_3833 HTTP/1.1" 200 -
2026-03-24 07:27:22,839 - werkzeug - INFO - 127.0.0.1 - - [24/Mar/2026 07:27:22] "GET /api/history HTTP/1.1" 200 -
2026-03-24 07:27:22,843 - werkzeug - INFO - 127.0.0.1 - - [24/Mar/2026 07:27:22] "GET /api/archive?q=&tool= HTTP/1.1" 200 -
2026-03-24 07:27:23,042 - werkzeug - INFO - 127.0.0.1 - - [24/Mar/2026 07:27:23] "POST /api/history/archive/20260323120357_5956 HTTP/1.1" 200 -
2026-03-24 07:27:23,050 - werkzeug - INFO - 127.0.0.1 - - [24/Mar/2026 07:27:23] "GET /api/history HTTP/1.1" 200 -
2026-03-24 07:27:23,054 - werkzeug - INFO - 127.0.0.1 - - [24/Mar/2026 07:27:23] "GET /api/archive?q=&tool= HTTP/1.1" 200 -
2026-03-24 07:27:23,256 - werkzeug - INFO - 127.0.0.1 - - [24/Mar/2026 07:27:23] "POST /api/history/archive/20260323120228_3891 HTTP/1.1" 200 -
2026-03-24 07:27:23,265 - werkzeug - INFO - 127.0.0.1 - - [24/Mar/2026 07:27:23] "GET /api/history HTTP/1.1" 200 -
2026-03-24 07:27:23,270 - werkzeug - INFO - 127.0.0.1 - - [24/Mar/2026 07:27:23] "GET /api/archive?q=&tool= HTTP/1.1" 200 -
2026-03-24 07:27:23,452 - werkzeug - INFO - 127.0.0.1 - - [24/Mar/2026 07:27:23] "POST /api/history/archive/20260323115158_8901 HTTP/1.1" 200 -
2026-03-24 07:27:23,460 - werkzeug - INFO - 127.0.0.1 - - [24/Mar/2026 07:27:23] "GET /api/history HTTP/1.1" 200 -
2026-03-24 07:27:23,465 - werkzeug - INFO - 127.0.0.1 - - [24/Mar/2026 07:27:23] "GET /api/archive?q=&tool= HTTP/1.1" 200 -
2026-03-24 07:27:23,662 - werkzeug - INFO - 127.0.0.1 - - [24/Mar/2026 07:27:23] "POST /api/history/archive/20260323114234_6958 HTTP/1.1" 200 -
2026-03-24 07:27:23,669 - werkzeug - INFO - 127.0.0.1 - - [24/Mar/2026 07:27:23] "GET /api/history HTTP/1.1" 200 -
2026-03-24 07:27:23,676 - werkzeug - INFO - 127.0.0.1 - - [24/Mar/2026 07:27:23] "GET /api/archive?q=&tool= HTTP/1.1" 200 -
2026-03-24 07:27:23,881 - werkzeug - INFO - 127.0.0.1 - - [24/Mar/2026 07:27:23] "POST /api/history/archive/20260323114112_3751 HTTP/1.1" 200 -
2026-03-24 07:27:23,889 - werkzeug - INFO - 127.0.0.1 - - [24/Mar/2026 07:27:23] "GET /api/history HTTP/1.1" 200 -
2026-03-24 07:27:23,894 - werkzeug - INFO - 127.0.0.1 - - [24/Mar/2026 07:27:23] "GET /api/archive?q=&tool= HTTP/1.1" 200 -
2026-03-24 07:27:24,077 - werkzeug - INFO - 127.0.0.1 - - [24/Mar/2026 07:27:24] "POST /api/history/archive/20260323113728_9849 HTTP/1.1" 200 -
2026-03-24 07:27:24,086 - werkzeug - INFO - 127.0.0.1 - - [24/Mar/2026 07:27:24] "GET /api/history HTTP/1.1" 200 -
2026-03-24 07:27:24,090 - werkzeug - INFO - 127.0.0.1 - - [24/Mar/2026 07:27:24] "GET /api/archive?q=&tool= HTTP/1.1" 200 -
2026-03-24 07:27:24,272 - werkzeug - INFO - 127.0.0.1 - - [24/Mar/2026 07:27:24] "POST /api/history/archive/20260323112242_7473 HTTP/1.1" 200 -
2026-03-24 07:27:24,283 - werkzeug - INFO - 127.0.0.1 - - [24/Mar/2026 07:27:24] "GET /api/archive?q=&tool= HTTP/1.1" 200 -
2026-03-24 07:27:24,286 - werkzeug - INFO - 127.0.0.1 - - [24/Mar/2026 07:27:24] "GET /api/history HTTP/1.1" 200 -
2026-03-24 07:27:24,484 - werkzeug - INFO - 127.0.0.1 - - [24/Mar/2026 07:27:24] "POST /api/history/archive/20260323112236_7578 HTTP/1.1" 200 -
2026-03-24 07:27:24,493 - werkzeug - INFO - 127.0.0.1 - - [24/Mar/2026 07:27:24] "GET /api/history HTTP/1.1" 200 -
2026-03-24 07:27:24,498 - werkzeug - INFO - 127.0.0.1 - - [24/Mar/2026 07:27:24] "GET /api/archive?q=&tool= HTTP/1.1" 200 -
2026-03-24 07:27:24,682 - werkzeug - INFO - 127.0.0.1 - - [24/Mar/2026 07:27:24] "POST /api/history/archive/20260323112153_7473 HTTP/1.1" 200 -
2026-03-24 07:27:24,691 - werkzeug - INFO - 127.0.0.1 - - [24/Mar/2026 07:27:24] "GET /api/history HTTP/1.1" 200 -
2026-03-24 07:27:24,696 - werkzeug - INFO - 127.0.0.1 - - [24/Mar/2026 07:27:24] "GET /api/archive?q=&tool= HTTP/1.1" 200 -
2026-03-24 07:27:24,874 - werkzeug - INFO - 127.0.0.1 - - [24/Mar/2026 07:27:24] "POST /api/history/archive/20260323112140_7473 HTTP/1.1" 200 -
2026-03-24 07:27:24,883 - werkzeug - INFO - 127.0.0.1 - - [24/Mar/2026 07:27:24] "GET /api/history HTTP/1.1" 200 -
2026-03-24 07:27:24,887 - werkzeug - INFO - 127.0.0.1 - - [24/Mar/2026 07:27:24] "GET /api/archive?q=&tool= HTTP/1.1" 200 -
2026-03-24 07:27:25,076 - werkzeug - INFO - 127.0.0.1 - - [24/Mar/2026 07:27:25] "POST /api/history/archive/20260323112018_7473 HTTP/1.1" 200 -
2026-03-24 07:27:25,086 - werkzeug - INFO - 127.0.0.1 - - [24/Mar/2026 07:27:25] "GET /api/archive?q=&tool= HTTP/1.1" 200 -
2026-03-24 07:27:25,089 - werkzeug - INFO - 127.0.0.1 - - [24/Mar/2026 07:27:25] "GET /api/history HTTP/1.1" 200 -
2026-03-24 07:27:25,277 - werkzeug - INFO - 127.0.0.1 - - [24/Mar/2026 07:27:25] "POST /api/history/archive/20260323111815_7473 HTTP/1.1" 200 -
2026-03-24 07:27:25,286 - werkzeug - INFO - 127.0.0.1 - - [24/Mar/2026 07:27:25] "GET /api/history HTTP/1.1" 200 -
2026-03-24 07:27:25,293 - werkzeug - INFO - 127.0.0.1 - - [24/Mar/2026 07:27:25] "GET /api/archive?q=&tool= HTTP/1.1" 200 -
2026-03-24 07:27:25,469 - werkzeug - INFO - 127.0.0.1 - - [24/Mar/2026 07:27:25] "POST /api/history/archive/20260323111748_1253 HTTP/1.1" 200 -
2026-03-24 07:27:25,477 - werkzeug - INFO - 127.0.0.1 - - [24/Mar/2026 07:27:25] "GET /api/history HTTP/1.1" 200 -
2026-03-24 07:27:25,482 - werkzeug - INFO - 127.0.0.1 - - [24/Mar/2026 07:27:25] "GET /api/archive?q=&tool= HTTP/1.1" 200 -
2026-03-24 07:27:25,682 - werkzeug - INFO - 127.0.0.1 - - [24/Mar/2026 07:27:25] "POST /api/history/archive/20260323111713_7374 HTTP/1.1" 200 -
2026-03-24 07:27:25,691 - werkzeug - INFO - 127.0.0.1 - - [24/Mar/2026 07:27:25] "GET /api/history HTTP/1.1" 200 -
2026-03-24 07:27:25,696 - werkzeug - INFO - 127.0.0.1 - - [24/Mar/2026 07:27:25] "GET /api/archive?q=&tool= HTTP/1.1" 200 -
2026-03-24 07:27:25,900 - werkzeug - INFO - 127.0.0.1 - - [24/Mar/2026 07:27:25] "POST /api/history/archive/20260323110922_4407 HTTP/1.1" 200 -
2026-03-24 07:27:25,909 - werkzeug - INFO - 127.0.0.1 - - [24/Mar/2026 07:27:25] "GET /api/history HTTP/1.1" 200 -
2026-03-24 07:27:25,913 - werkzeug - INFO - 127.0.0.1 - - [24/Mar/2026 07:27:25] "GET /api/archive?q=&tool= HTTP/1.1" 200 -
2026-03-24 07:27:26,129 - werkzeug - INFO - 127.0.0.1 - - [24/Mar/2026 07:27:26] "POST /api/history/archive/20260323110922_4407 HTTP/1.1" 200 -
2026-03-24 07:27:26,137 - werkzeug - INFO - 127.0.0.1 - - [24/Mar/2026 07:27:26] "GET /api/history HTTP/1.1" 200 -
2026-03-24 07:27:26,142 - werkzeug - INFO - 127.0.0.1 - - [24/Mar/2026 07:27:26] "GET /api/archive?q=&tool= HTTP/1.1" 200 -
2026-03-24 07:27:26,343 - werkzeug - INFO - 127.0.0.1 - - [24/Mar/2026 07:27:26] "POST /api/history/archive/20260323110922_4407 HTTP/1.1" 200 -
2026-03-24 07:27:26,352 - werkzeug - INFO - 127.0.0.1 - - [24/Mar/2026 07:27:26] "GET /api/history HTTP/1.1" 200 -
2026-03-24 07:27:26,357 - werkzeug - INFO - 127.0.0.1 - - [24/Mar/2026 07:27:26] "GET /api/archive?q=&tool= HTTP/1.1" 200 -
2026-03-24 07:27:26,562 - werkzeug - INFO - 127.0.0.1 - - [24/Mar/2026 07:27:26] "POST /api/history/archive/20260323110850_6842 HTTP/1.1" 200 -
2026-03-24 07:27:26,571 - werkzeug - INFO - 127.0.0.1 - - [24/Mar/2026 07:27:26] "GET /api/history HTTP/1.1" 200 -
2026-03-24 07:27:26,576 - werkzeug - INFO - 127.0.0.1 - - [24/Mar/2026 07:27:26] "GET /api/archive?q=&tool= HTTP/1.1" 200 -
2026-03-24 07:27:26,757 - werkzeug - INFO - 127.0.0.1 - - [24/Mar/2026 07:27:26] "POST /api/history/archive/20260323110850_6842 HTTP/1.1" 200 -
2026-03-24 07:27:26,766 - werkzeug - INFO - 127.0.0.1 - - [24/Mar/2026 07:27:26] "GET /api/history HTTP/1.1" 200 -
2026-03-24 07:27:26,771 - werkzeug - INFO - 127.0.0.1 - - [24/Mar/2026 07:27:26] "GET /api/archive?q=&tool= HTTP/1.1" 200 -
2026-03-24 07:27:26,944 - werkzeug - INFO - 127.0.0.1 - - [24/Mar/2026 07:27:26] "POST /api/history/archive/20260323110850_6842 HTTP/1.1" 200 -
2026-03-24 07:27:26,954 - werkzeug - INFO - 127.0.0.1 - - [24/Mar/2026 07:27:26] "GET /api/archive?q=&tool= HTTP/1.1" 200 -
2026-03-24 07:27:26,957 - werkzeug - INFO - 127.0.0.1 - - [24/Mar/2026 07:27:26] "GET /api/history HTTP/1.1" 200 -
2026-03-24 07:27:27,157 - werkzeug - INFO - 127.0.0.1 - - [24/Mar/2026 07:27:27] "POST /api/history/archive/20260323110546_9049 HTTP/1.1" 200 -
2026-03-24 07:27:27,165 - werkzeug - INFO - 127.0.0.1 - - [24/Mar/2026 07:27:27] "GET /api/history HTTP/1.1" 200 -
2026-03-24 07:27:27,169 - werkzeug - INFO - 127.0.0.1 - - [24/Mar/2026 07:27:27] "GET /api/archive?q=&tool= HTTP/1.1" 200 -
2026-03-24 07:27:27,336 - werkzeug - INFO - 127.0.0.1 - - [24/Mar/2026 07:27:27] "POST /api/history/archive/20260323110545_9049 HTTP/1.1" 200 -
2026-03-24 07:27:27,345 - werkzeug - INFO - 127.0.0.1 - - [24/Mar/2026 07:27:27] "GET /api/history HTTP/1.1" 200 -
2026-03-24 07:27:27,349 - werkzeug - INFO - 127.0.0.1 - - [24/Mar/2026 07:27:27] "GET /api/archive?q=&tool= HTTP/1.1" 200 -
2026-03-24 07:27:27,554 - werkzeug - INFO - 127.0.0.1 - - [24/Mar/2026 07:27:27] "POST /api/history/archive/20260323110545_9049 HTTP/1.1" 200 -
2026-03-24 07:27:27,563 - werkzeug - INFO - 127.0.0.1 - - [24/Mar/2026 07:27:27] "GET /api/history HTTP/1.1" 200 -
2026-03-24 07:27:27,572 - werkzeug - INFO - 127.0.0.1 - - [24/Mar/2026 07:27:27] "GET /api/archive?q=&tool= HTTP/1.1" 200 -
2026-03-24 07:27:27,775 - werkzeug - INFO - 127.0.0.1 - - [24/Mar/2026 07:27:27] "POST /api/history/archive/20260323110250_9324 HTTP/1.1" 200 -
2026-03-24 07:27:27,783 - werkzeug - INFO - 127.0.0.1 - - [24/Mar/2026 07:27:27] "GET /api/history HTTP/1.1" 200 -
2026-03-24 07:27:27,788 - werkzeug - INFO - 127.0.0.1 - - [24/Mar/2026 07:27:27] "GET /api/archive?q=&tool= HTTP/1.1" 200 -
2026-03-24 07:27:27,976 - werkzeug - INFO - 127.0.0.1 - - [24/Mar/2026 07:27:27] "POST /api/history/archive/20260323110250_9324 HTTP/1.1" 200 -
2026-03-24 07:27:27,987 - werkzeug - INFO - 127.0.0.1 - - [24/Mar/2026 07:27:27] "GET /api/archive?q=&tool= HTTP/1.1" 200 -
2026-03-24 07:27:27,988 - werkzeug - INFO - 127.0.0.1 - - [24/Mar/2026 07:27:27] "GET /api/history HTTP/1.1" 200 -
2026-03-24 07:27:28,393 - werkzeug - INFO - 127.0.0.1 - - [24/Mar/2026 07:27:28] "POST /api/history/archive/20260323110250_9324 HTTP/1.1" 200 -
2026-03-24 07:27:28,402 - werkzeug - INFO - 127.0.0.1 - - [24/Mar/2026 07:27:28] "GET /api/history HTTP/1.1" 200 -
2026-03-24 07:27:28,407 - werkzeug - INFO - 127.0.0.1 - - [24/Mar/2026 07:27:28] "GET /api/archive?q=&tool= HTTP/1.1" 200 -
2026-03-24 07:27:28,593 - werkzeug - INFO - 127.0.0.1 - - [24/Mar/2026 07:27:28] "POST /api/history/archive/20260323110157_904 HTTP/1.1" 200 -
2026-03-24 07:27:28,601 - werkzeug - INFO - 127.0.0.1 - - [24/Mar/2026 07:27:28] "GET /api/history HTTP/1.1" 200 -
2026-03-24 07:27:28,606 - werkzeug - INFO - 127.0.0.1 - - [24/Mar/2026 07:27:28] "GET /api/archive?q=&tool= HTTP/1.1" 200 -
2026-03-24 07:27:28,778 - werkzeug - INFO - 127.0.0.1 - - [24/Mar/2026 07:27:28] "POST /api/history/archive/20260323110155_904 HTTP/1.1" 200 -
2026-03-24 07:27:28,786 - werkzeug - INFO - 127.0.0.1 - - [24/Mar/2026 07:27:28] "GET /api/history HTTP/1.1" 200 -
2026-03-24 07:27:28,792 - werkzeug - INFO - 127.0.0.1 - - [24/Mar/2026 07:27:28] "GET /api/archive?q=&tool= HTTP/1.1" 200 -
2026-03-24 07:27:28,976 - werkzeug - INFO - 127.0.0.1 - - [24/Mar/2026 07:27:28] "POST /api/history/archive/20260323110155_904 HTTP/1.1" 200 -
2026-03-24 07:27:28,985 - werkzeug - INFO - 127.0.0.1 - - [24/Mar/2026 07:27:28] "GET /api/history HTTP/1.1" 200 -
2026-03-24 07:27:28,991 - werkzeug - INFO - 127.0.0.1 - - [24/Mar/2026 07:27:28] "GET /api/archive?q=&tool= HTTP/1.1" 200 -
2026-03-24 07:27:29,189 - werkzeug - INFO - 127.0.0.1 - - [24/Mar/2026 07:27:29] "POST /api/history/archive/20260323110113_4624 HTTP/1.1" 200 -
2026-03-24 07:27:29,198 - werkzeug - INFO - 127.0.0.1 - - [24/Mar/2026 07:27:29] "GET /api/history HTTP/1.1" 200 -
2026-03-24 07:27:29,203 - werkzeug - INFO - 127.0.0.1 - - [24/Mar/2026 07:27:29] "GET /api/archive?q=&tool= HTTP/1.1" 200 -
2026-03-24 07:27:29,390 - werkzeug - INFO - 127.0.0.1 - - [24/Mar/2026 07:27:29] "POST /api/history/archive/20260323110111_4624 HTTP/1.1" 200 -
2026-03-24 07:27:29,399 - werkzeug - INFO - 127.0.0.1 - - [24/Mar/2026 07:27:29] "GET /api/history HTTP/1.1" 200 -
2026-03-24 07:27:29,404 - werkzeug - INFO - 127.0.0.1 - - [24/Mar/2026 07:27:29] "GET /api/archive?q=&tool= HTTP/1.1" 200 -
2026-03-24 07:27:29,573 - werkzeug - INFO - 127.0.0.1 - - [24/Mar/2026 07:27:29] "POST /api/history/archive/20260323110111_4624 HTTP/1.1" 200 -
2026-03-24 07:27:29,582 - werkzeug - INFO - 127.0.0.1 - - [24/Mar/2026 07:27:29] "GET /api/history HTTP/1.1" 200 -
2026-03-24 07:27:29,588 - werkzeug - INFO - 127.0.0.1 - - [24/Mar/2026 07:27:29] "GET /api/archive?q=&tool= HTTP/1.1" 200 -
2026-03-24 07:27:29,779 - werkzeug - INFO - 127.0.0.1 - - [24/Mar/2026 07:27:29] "POST /api/history/archive/20260323110000_1712 HTTP/1.1" 200 -
2026-03-24 07:27:29,788 - werkzeug - INFO - 127.0.0.1 - - [24/Mar/2026 07:27:29] "GET /api/history HTTP/1.1" 200 -
2026-03-24 07:27:29,793 - werkzeug - INFO - 127.0.0.1 - - [24/Mar/2026 07:27:29] "GET /api/archive?q=&tool= HTTP/1.1" 200 -
2026-03-24 07:27:29,967 - werkzeug - INFO - 127.0.0.1 - - [24/Mar/2026 07:27:29] "POST /api/history/archive/20260323110000_1712 HTTP/1.1" 200 -
2026-03-24 07:27:29,976 - werkzeug - INFO - 127.0.0.1 - - [24/Mar/2026 07:27:29] "GET /api/history HTTP/1.1" 200 -
2026-03-24 07:27:29,981 - werkzeug - INFO - 127.0.0.1 - - [24/Mar/2026 07:27:29] "GET /api/archive?q=&tool= HTTP/1.1" 200 -
2026-03-24 07:27:30,156 - werkzeug - INFO - 127.0.0.1 - - [24/Mar/2026 07:27:30] "POST /api/history/archive/20260323110000_1712 HTTP/1.1" 200 -
2026-03-24 07:27:30,165 - werkzeug - INFO - 127.0.0.1 - - [24/Mar/2026 07:27:30] "GET /api/history HTTP/1.1" 200 -
2026-03-24 07:27:30,172 - werkzeug - INFO - 127.0.0.1 - - [24/Mar/2026 07:27:30] "GET /api/archive?q=&tool= HTTP/1.1" 200 -
2026-03-24 07:27:31,199 - werkzeug - INFO - 127.0.0.1 - - [24/Mar/2026 07:27:31] "POST /api/history/archive/20260323105427_8258 HTTP/1.1" 200 -
2026-03-24 07:27:31,207 - werkzeug - INFO - 127.0.0.1 - - [24/Mar/2026 07:27:31] "GET /api/history HTTP/1.1" 200 -
2026-03-24 07:27:31,214 - werkzeug - INFO - 127.0.0.1 - - [24/Mar/2026 07:27:31] "GET /api/archive?q=&tool= HTTP/1.1" 200 -
2026-03-24 07:27:32,134 - werkzeug - INFO - 127.0.0.1 - - [24/Mar/2026 07:27:32] "GET /api/history HTTP/1.1" 200 -
2026-03-24 07:27:32,141 - werkzeug - INFO - 127.0.0.1 - - [24/Mar/2026 07:27:32] "GET /api/archive?q=&tool= HTTP/1.1" 200 -
2026-03-24 07:28:02,133 - werkzeug - INFO - 127.0.0.1 - - [24/Mar/2026 07:28:02] "GET /api/history HTTP/1.1" 200 -
2026-03-24 07:28:02,139 - werkzeug - INFO - 127.0.0.1 - - [24/Mar/2026 07:28:02] "GET /api/archive?q=&tool= HTTP/1.1" 200 -
2026-03-24 07:28:03,746 - werkzeug - INFO - 127.0.0.1 - - [24/Mar/2026 07:28:03] "GET /api/history HTTP/1.1" 200 -
2026-03-24 07:28:03,756 - werkzeug - INFO - 127.0.0.1 - - [24/Mar/2026 07:28:03] "GET /api/archive?q=&tool= HTTP/1.1" 200 -
2026-03-24 07:28:22,145 - werkzeug - INFO - 127.0.0.1 - - [24/Mar/2026 07:28:22] "POST /api/username/maigret HTTP/1.1" 200 -
2026-03-24 07:28:23,155 - __main__ - INFO - Loaded Maigret database with 3143 sites
2026-03-24 07:28:32,134 - werkzeug - INFO - 127.0.0.1 - - [24/Mar/2026 07:28:32] "GET /api/history HTTP/1.1" 200 -
2026-03-24 07:28:32,142 - werkzeug - INFO - 127.0.0.1 - - [24/Mar/2026 07:28:32] "GET /api/archive?q=&tool= HTTP/1.1" 200 -
2026-03-24 07:29:02,130 - werkzeug - INFO - 127.0.0.1 - - [24/Mar/2026 07:29:02] "GET /api/history HTTP/1.1" 200 -
2026-03-24 07:29:02,138 - werkzeug - INFO - 127.0.0.1 - - [24/Mar/2026 07:29:02] "GET /api/archive?q=&tool= HTTP/1.1" 200 -
2026-03-24 07:29:03,740 - werkzeug - INFO - 127.0.0.1 - - [24/Mar/2026 07:29:03] "GET /api/history HTTP/1.1" 200 -
2026-03-24 07:29:03,746 - werkzeug - INFO - 127.0.0.1 - - [24/Mar/2026 07:29:03] "GET /api/archive?q=&tool= HTTP/1.1" 200 -
2026-03-24 07:29:32,130 - werkzeug - INFO - 127.0.0.1 - - [24/Mar/2026 07:29:32] "GET /api/history HTTP/1.1" 200 -
2026-03-24 07:29:32,138 - werkzeug - INFO - 127.0.0.1 - - [24/Mar/2026 07:29:32] "GET /api/archive?q=&tool= HTTP/1.1" 200 -
2026-03-24 07:30:02,133 - werkzeug - INFO - 127.0.0.1 - - [24/Mar/2026 07:30:02] "GET /api/history HTTP/1.1" 200 -
2026-03-24 07:30:02,142 - werkzeug - INFO - 127.0.0.1 - - [24/Mar/2026 07:30:02] "GET /api/archive?q=&tool= HTTP/1.1" 200 -
2026-03-24 07:30:03,811 - werkzeug - INFO - 127.0.0.1 - - [24/Mar/2026 07:30:03] "GET /api/history HTTP/1.1" 200 -
2026-03-24 07:30:03,829 - werkzeug - INFO - 127.0.0.1 - - [24/Mar/2026 07:30:03] "GET /api/archive?q=&tool= HTTP/1.1" 200 -
2026-03-24 07:30:32,190 - werkzeug - INFO - 127.0.0.1 - - [24/Mar/2026 07:30:32] "GET /api/history HTTP/1.1" 200 -
2026-03-24 07:30:32,200 - werkzeug - INFO - 127.0.0.1 - - [24/Mar/2026 07:30:32] "GET /api/archive?q=&tool= HTTP/1.1" 200 -
2026-03-24 07:31:02,197 - werkzeug - INFO - 127.0.0.1 - - [24/Mar/2026 07:31:02] "GET /api/history HTTP/1.1" 200 -
2026-03-24 07:31:02,205 - werkzeug - INFO - 127.0.0.1 - - [24/Mar/2026 07:31:02] "GET /api/archive?q=&tool= HTTP/1.1" 200 -
2026-03-24 07:31:12,814 - werkzeug - INFO - 127.0.0.1 - - [24/Mar/2026 07:31:12] "GET /api/history HTTP/1.1" 200 -
2026-03-24 07:31:12,829 - werkzeug - INFO - 127.0.0.1 - - [24/Mar/2026 07:31:12] "GET /api/archive?q=&tool= HTTP/1.1" 200 -
2026-03-24 07:31:32,193 - werkzeug - INFO - 127.0.0.1 - - [24/Mar/2026 07:31:32] "GET /api/history HTTP/1.1" 200 -
2026-03-24 07:31:32,200 - werkzeug - INFO - 127.0.0.1 - - [24/Mar/2026 07:31:32] "GET /api/archive?q=&tool= HTTP/1.1" 200 -
2026-03-24 07:32:02,189 - werkzeug - INFO - 127.0.0.1 - - [24/Mar/2026 07:32:02] "GET /api/history HTTP/1.1" 200 -
2026-03-24 07:32:02,197 - werkzeug - INFO - 127.0.0.1 - - [24/Mar/2026 07:32:02] "GET /api/archive?q=&tool= HTTP/1.1" 200 -
2026-03-24 07:32:07,794 - werkzeug - INFO - 127.0.0.1 - - [24/Mar/2026 07:32:07] "GET /api/history HTTP/1.1" 200 -
2026-03-24 07:32:07,799 - werkzeug - INFO - 127.0.0.1 - - [24/Mar/2026 07:32:07] "GET /api/archive?q=&tool= HTTP/1.1" 200 -
2026-03-24 07:32:32,186 - werkzeug - INFO - 127.0.0.1 - - [24/Mar/2026 07:32:32] "GET /api/history HTTP/1.1" 200 -
2026-03-24 07:32:32,194 - werkzeug - INFO - 127.0.0.1 - - [24/Mar/2026 07:32:32] "GET /api/archive?q=&tool= HTTP/1.1" 200 -
2026-03-24 07:33:02,189 - werkzeug - INFO - 127.0.0.1 - - [24/Mar/2026 07:33:02] "GET /api/history HTTP/1.1" 200 -
2026-03-24 07:33:02,198 - werkzeug - INFO - 127.0.0.1 - - [24/Mar/2026 07:33:02] "GET /api/archive?q=&tool= HTTP/1.1" 200 -
2026-03-24 07:33:03,797 - werkzeug - INFO - 127.0.0.1 - - [24/Mar/2026 07:33:03] "GET /api/history HTTP/1.1" 200 -
2026-03-24 07:33:03,803 - werkzeug - INFO - 127.0.0.1 - - [24/Mar/2026 07:33:03] "GET /api/archive?q=&tool= HTTP/1.1" 200 -
2026-03-24 07:33:32,187 - werkzeug - INFO - 127.0.0.1 - - [24/Mar/2026 07:33:32] "GET /api/archive?q=&tool= HTTP/1.1" 200 -
2026-03-24 07:33:32,189 - werkzeug - INFO - 127.0.0.1 - - [24/Mar/2026 07:33:32] "GET /api/history HTTP/1.1" 200 -
2026-03-24 07:34:02,182 - werkzeug - INFO - 127.0.0.1 - - [24/Mar/2026 07:34:02] "GET /api/history HTTP/1.1" 200 -
2026-03-24 07:34:02,186 - werkzeug - INFO - 127.0.0.1 - - [24/Mar/2026 07:34:02] "GET /api/archive?q=&tool= HTTP/1.1" 200 -
2026-03-24 07:34:13,052 - werkzeug - INFO - 127.0.0.1 - - [24/Mar/2026 07:34:13] "GET /api/history HTTP/1.1" 200 -
2026-03-24 07:34:13,062 - werkzeug - INFO - 127.0.0.1 - - [24/Mar/2026 07:34:13] "GET /api/archive?q=&tool= HTTP/1.1" 200 -
2026-03-24 07:34:32,187 - werkzeug - INFO - 127.0.0.1 - - [24/Mar/2026 07:34:32] "GET /api/history HTTP/1.1" 200 -
2026-03-24 07:34:32,197 - werkzeug - INFO - 127.0.0.1 - - [24/Mar/2026 07:34:32] "GET /api/archive?q=&tool= HTTP/1.1" 200 -
2026-03-24 07:34:53,214 - werkzeug - INFO - 127.0.0.1 - - [24/Mar/2026 07:34:53] "GET / HTTP/1.1" 200 -
2026-03-24 07:34:53,269 - werkzeug - INFO - 127.0.0.1 - - [24/Mar/2026 07:34:53] "[36mGET /static/style.css HTTP/1.1[0m" 304 -
2026-03-24 07:34:53,308 - werkzeug - INFO - 127.0.0.1 - - [24/Mar/2026 07:34:53] "GET /api/version HTTP/1.1" 200 -
2026-03-24 07:34:53,369 - werkzeug - INFO - 127.0.0.1 - - [24/Mar/2026 07:34:53] "GET /api/history HTTP/1.1" 200 -
2026-03-24 07:34:53,380 - werkzeug - INFO - 127.0.0.1 - - [24/Mar/2026 07:34:53] "GET /api/archive?q=&tool= HTTP/1.1" 200 -
2026-03-24 07:34:53,439 - werkzeug - INFO - 127.0.0.1 - - [24/Mar/2026 07:34:53] "GET /api/ai/status HTTP/1.1" 200 -
2026-03-24 07:35:08,789 - werkzeug - INFO - 127.0.0.1 - - [24/Mar/2026 07:35:08] "GET /api/history HTTP/1.1" 200 -
2026-03-24 07:35:08,795 - werkzeug - INFO - 127.0.0.1 - - [24/Mar/2026 07:35:08] "GET /api/archive?q=&tool= HTTP/1.1" 200 -
2026-03-24 07:35:17,243 - werkzeug - INFO - 127.0.0.1 - - [24/Mar/2026 07:35:17] "POST /api/username/maigret HTTP/1.1" 200 -
2026-03-24 07:35:23,288 - werkzeug - INFO - 127.0.0.1 - - [24/Mar/2026 07:35:23] "GET /api/history HTTP/1.1" 200 -
2026-03-24 07:35:23,296 - werkzeug - INFO - 127.0.0.1 - - [24/Mar/2026 07:35:23] "GET /api/archive?q=&tool= HTTP/1.1" 200 -
2026-03-24 07:35:53,289 - werkzeug - INFO - 127.0.0.1 - - [24/Mar/2026 07:35:53] "GET /api/history HTTP/1.1" 200 -
2026-03-24 07:35:53,297 - werkzeug - INFO - 127.0.0.1 - - [24/Mar/2026 07:35:53] "GET /api/archive?q=&tool= HTTP/1.1" 200 -
2026-03-24 07:36:01,890 - werkzeug - INFO - 127.0.0.1 - - [24/Mar/2026 07:36:01] "POST /api/system/restart HTTP/1.1" 200 -
2026-03-24 07:36:10,464 - werkzeug - INFO - [31m[1mWARNING: This is a development server. Do not use it in a production deployment. Use a production WSGI server instead.[0m
 * Running on all addresses (0.0.0.0)
 * Running on http://127.0.0.1:5000
 * Running on http://10.2.0.2:5000
2026-03-24 07:36:10,465 - werkzeug - INFO - [33mPress CTRL+C to quit[0m
2026-03-24 07:36:10,504 - werkzeug - INFO - 127.0.0.1 - - [24/Mar/2026 07:36:10] "GET / HTTP/1.1" 200 -
2026-03-24 07:36:10,557 - werkzeug - INFO - 127.0.0.1 - - [24/Mar/2026 07:36:10] "[36mGET /static/style.css HTTP/1.1[0m" 304 -
2026-03-24 07:36:10,694 - werkzeug - INFO - 127.0.0.1 - - [24/Mar/2026 07:36:10] "GET /api/version HTTP/1.1" 200 -
2026-03-24 07:36:10,698 - werkzeug - INFO - 127.0.0.1 - - [24/Mar/2026 07:36:10] "GET /api/history HTTP/1.1" 200 -
2026-03-24 07:36:10,714 - werkzeug - INFO - 127.0.0.1 - - [24/Mar/2026 07:36:10] "GET /api/archive?q=&tool= HTTP/1.1" 200 -
2026-03-24 07:36:10,743 - werkzeug - INFO - 127.0.0.1 - - [24/Mar/2026 07:36:10] "GET /api/ai/status HTTP/1.1" 200 -
2026-03-24 07:36:30,519 - werkzeug - INFO - 127.0.0.1 - - [24/Mar/2026 07:36:30] "POST /api/username/maigret HTTP/1.1" 200 -
2026-03-24 07:36:31,411 - __main__ - INFO - Loaded Maigret database with 3143 sites
2026-03-24 07:36:40,695 - werkzeug - INFO - 127.0.0.1 - - [24/Mar/2026 07:36:40] "GET /api/history HTTP/1.1" 200 -
2026-03-24 07:36:40,706 - werkzeug - INFO - 127.0.0.1 - - [24/Mar/2026 07:36:40] "GET /api/archive?q=&tool= HTTP/1.1" 200 -
2026-03-24 07:37:03,786 - werkzeug - INFO - 127.0.0.1 - - [24/Mar/2026 07:37:03] "GET /api/history HTTP/1.1" 200 -
2026-03-24 07:37:03,792 - werkzeug - INFO - 127.0.0.1 - - [24/Mar/2026 07:37:03] "GET /api/archive?q=&tool= HTTP/1.1" 200 -
2026-03-24 07:37:10,692 - werkzeug - INFO - 127.0.0.1 - - [24/Mar/2026 07:37:10] "GET /api/history HTTP/1.1" 200 -
2026-03-24 07:37:10,702 - werkzeug - INFO - 127.0.0.1 - - [24/Mar/2026 07:37:10] "GET /api/archive?q=&tool= HTTP/1.1" 200 -
2026-03-24 07:37:40,688 - werkzeug - INFO - 127.0.0.1 - - [24/Mar/2026 07:37:40] "GET /api/history HTTP/1.1" 200 -
2026-03-24 07:37:40,694 - werkzeug - INFO - 127.0.0.1 - - [24/Mar/2026 07:37:40] "GET /api/archive?q=&tool= HTTP/1.1" 200 -
2026-03-24 07:38:10,689 - werkzeug - INFO - 127.0.0.1 - - [24/Mar/2026 07:38:10] "GET /api/history HTTP/1.1" 200 -
2026-03-24 07:38:10,694 - werkzeug - INFO - 127.0.0.1 - - [24/Mar/2026 07:38:10] "GET /api/archive?q=&tool= HTTP/1.1" 200 -
2026-03-24 07:38:13,782 - werkzeug - INFO - 127.0.0.1 - - [24/Mar/2026 07:38:13] "GET /api/history HTTP/1.1" 200 -
2026-03-24 07:38:13,789 - werkzeug - INFO - 127.0.0.1 - - [24/Mar/2026 07:38:13] "GET /api/archive?q=&tool= HTTP/1.1" 200 -
2026-03-24 07:38:40,684 - werkzeug - INFO - 127.0.0.1 - - [24/Mar/2026 07:38:40] "GET /api/history HTTP/1.1" 200 -
2026-03-24 07:38:40,689 - werkzeug - INFO - 127.0.0.1 - - [24/Mar/2026 07:38:40] "GET /api/archive?q=&tool= HTTP/1.1" 200 -
2026-03-24 07:39:06,971 - werkzeug - INFO - 127.0.0.1 - - [24/Mar/2026 07:39:06] "GET /api/history HTTP/1.1" 200 -
2026-03-24 07:39:06,978 - werkzeug - INFO - 127.0.0.1 - - [24/Mar/2026 07:39:06] "GET /api/archive?q=&tool= HTTP/1.1" 200 -
2026-03-24 07:39:10,688 - werkzeug - INFO - 127.0.0.1 - - [24/Mar/2026 07:39:10] "GET /api/history HTTP/1.1" 200 -
2026-03-24 07:39:10,699 - werkzeug - INFO - 127.0.0.1 - - [24/Mar/2026 07:39:10] "GET /api/archive?q=&tool= HTTP/1.1" 200 -
2026-03-24 07:39:40,683 - werkzeug - INFO - 127.0.0.1 - - [24/Mar/2026 07:39:40] "GET /api/history HTTP/1.1" 200 -
2026-03-24 07:39:40,688 - werkzeug - INFO - 127.0.0.1 - - [24/Mar/2026 07:39:40] "GET /api/archive?q=&tool= HTTP/1.1" 200 -
2026-03-24 07:40:10,683 - werkzeug - INFO - 127.0.0.1 - - [24/Mar/2026 07:40:10] "GET /api/history HTTP/1.1" 200 -
2026-03-24 07:40:10,694 - werkzeug - INFO - 127.0.0.1 - - [24/Mar/2026 07:40:10] "GET /api/archive?q=&tool= HTTP/1.1" 200 -
2026-03-24 07:40:13,782 - werkzeug - INFO - 127.0.0.1 - - [24/Mar/2026 07:40:13] "GET /api/history HTTP/1.1" 200 -
2026-03-24 07:40:13,785 - werkzeug - INFO - 127.0.0.1 - - [24/Mar/2026 07:40:13] "GET /api/archive?q=&tool= HTTP/1.1" 200 -
2026-03-24 07:40:40,684 - werkzeug - INFO - 127.0.0.1 - - [24/Mar/2026 07:40:40] "GET /api/history HTTP/1.1" 200 -
2026-03-24 07:40:40,691 - werkzeug - INFO - 127.0.0.1 - - [24/Mar/2026 07:40:40] "GET /api/archive?q=&tool= HTTP/1.1" 200 -
2026-03-24 07:41:03,782 - werkzeug - INFO - 127.0.0.1 - - [24/Mar/2026 07:41:03] "GET /api/history HTTP/1.1" 200 -
2026-03-24 07:41:03,790 - werkzeug - INFO - 127.0.0.1 - - [24/Mar/2026 07:41:03] "GET /api/archive?q=&tool= HTTP/1.1" 200 -
2026-03-24 07:41:10,684 - werkzeug - INFO - 127.0.0.1 - - [24/Mar/2026 07:41:10] "GET /api/history HTTP/1.1" 200 -
2026-03-24 07:41:10,691 - werkzeug - INFO - 127.0.0.1 - - [24/Mar/2026 07:41:10] "GET /api/archive?q=&tool= HTTP/1.1" 200 -
2026-03-24 07:41:40,686 - werkzeug - INFO - 127.0.0.1 - - [24/Mar/2026 07:41:40] "GET /api/history HTTP/1.1" 200 -
2026-03-24 07:41:40,691 - werkzeug - INFO - 127.0.0.1 - - [24/Mar/2026 07:41:40] "GET /api/archive?q=&tool= HTTP/1.1" 200 -
2026-03-24 07:42:10,686 - werkzeug - INFO - 127.0.0.1 - - [24/Mar/2026 07:42:10] "GET /api/history HTTP/1.1" 200 -
2026-03-24 07:42:10,696 - werkzeug - INFO - 127.0.0.1 - - [24/Mar/2026 07:42:10] "GET /api/archive?q=&tool= HTTP/1.1" 200 -
2026-03-24 07:42:12,872 - werkzeug - INFO - 127.0.0.1 - - [24/Mar/2026 07:42:12] "GET /api/history HTTP/1.1" 200 -
2026-03-24 07:42:12,880 - werkzeug - INFO - 127.0.0.1 - - [24/Mar/2026 07:42:12] "GET /api/archive?q=&tool= HTTP/1.1" 200 -
2026-03-24 07:42:38,101 - werkzeug - INFO - 127.0.0.1 - - [24/Mar/2026 07:42:38] "POST /api/system/restart HTTP/1.1" 200 -
2026-03-24 07:42:46,444 - werkzeug - INFO - [31m[1mWARNING: This is a development server. Do not use it in a production deployment. Use a production WSGI server instead.[0m
 * Running on all addresses (0.0.0.0)
 * Running on http://127.0.0.1:5000
 * Running on http://10.2.0.2:5000
2026-03-24 07:42:46,445 - werkzeug - INFO - [33mPress CTRL+C to quit[0m
2026-03-24 07:42:46,491 - werkzeug - INFO - 127.0.0.1 - - [24/Mar/2026 07:42:46] "GET / HTTP/1.1" 200 -
2026-03-24 07:42:46,543 - werkzeug - INFO - 127.0.0.1 - - [24/Mar/2026 07:42:46] "[36mGET /static/style.css HTTP/1.1[0m" 304 -
2026-03-24 07:42:46,693 - werkzeug - INFO - 127.0.0.1 - - [24/Mar/2026 07:42:46] "GET /api/version HTTP/1.1" 200 -
2026-03-24 07:42:46,700 - werkzeug - INFO - 127.0.0.1 - - [24/Mar/2026 07:42:46] "GET /api/history HTTP/1.1" 200 -
2026-03-24 07:42:46,724 - werkzeug - INFO - 127.0.0.1 - - [24/Mar/2026 07:42:46] "GET /api/archive?q=&tool= HTTP/1.1" 200 -
2026-03-24 07:42:46,790 - werkzeug - INFO - 127.0.0.1 - - [24/Mar/2026 07:42:46] "GET /api/ai/status HTTP/1.1" 200 -
2026-03-24 07:43:03,878 - werkzeug - INFO - 127.0.0.1 - - [24/Mar/2026 07:43:03] "GET /api/history HTTP/1.1" 200 -
2026-03-24 07:43:03,882 - werkzeug - INFO - 127.0.0.1 - - [24/Mar/2026 07:43:03] "GET /api/archive?q=&tool= HTTP/1.1" 200 -
2026-03-24 07:43:16,674 - werkzeug - INFO - 127.0.0.1 - - [24/Mar/2026 07:43:16] "GET /api/history HTTP/1.1" 200 -
2026-03-24 07:43:16,682 - werkzeug - INFO - 127.0.0.1 - - [24/Mar/2026 07:43:16] "GET /api/archive?q=&tool= HTTP/1.1" 200 -
2026-03-24 07:43:46,674 - werkzeug - INFO - 127.0.0.1 - - [24/Mar/2026 07:43:46] "GET /api/history HTTP/1.1" 200 -
2026-03-24 07:43:46,688 - werkzeug - INFO - 127.0.0.1 - - [24/Mar/2026 07:43:46] "GET /api/archive?q=&tool= HTTP/1.1" 200 -
2026-03-24 07:43:48,650 - werkzeug - INFO - 127.0.0.1 - - [24/Mar/2026 07:43:48] "POST /api/username/maigret HTTP/1.1" 200 -
2026-03-24 07:43:49,512 - __main__ - INFO - Loaded Maigret database with 3143 sites
2026-03-24 07:44:03,780 - werkzeug - INFO - 127.0.0.1 - - [24/Mar/2026 07:44:03] "GET /api/history HTTP/1.1" 200 -
2026-03-24 07:44:03,785 - werkzeug - INFO - 127.0.0.1 - - [24/Mar/2026 07:44:03] "GET /api/archive?q=&tool= HTTP/1.1" 200 -
2026-03-24 07:44:16,674 - werkzeug - INFO - 127.0.0.1 - - [24/Mar/2026 07:44:16] "GET /api/history HTTP/1.1" 200 -
2026-03-24 07:44:16,682 - werkzeug - INFO - 127.0.0.1 - - [24/Mar/2026 07:44:16] "GET /api/archive?q=&tool= HTTP/1.1" 200 -
2026-03-24 07:44:30,676 - werkzeug - INFO - 127.0.0.1 - - [24/Mar/2026 07:44:30] "POST /api/username/maigret HTTP/1.1" 200 -
2026-03-24 07:44:44,438 - werkzeug - INFO - 127.0.0.1 - - [24/Mar/2026 07:44:44] "POST /api/username/maigret HTTP/1.1" 200 -
2026-03-24 07:44:46,675 - werkzeug - INFO - 127.0.0.1 - - [24/Mar/2026 07:44:46] "GET /api/history HTTP/1.1" 200 -
2026-03-24 07:44:46,682 - werkzeug - INFO - 127.0.0.1 - - [24/Mar/2026 07:44:46] "GET /api/archive?q=&tool= HTTP/1.1" 200 -
2026-03-24 07:45:12,781 - werkzeug - INFO - 127.0.0.1 - - [24/Mar/2026 07:45:12] "GET /api/history HTTP/1.1" 200 -
2026-03-24 07:45:12,788 - werkzeug - INFO - 127.0.0.1 - - [24/Mar/2026 07:45:12] "GET /api/archive?q=&tool= HTTP/1.1" 200 -
2026-03-24 07:45:16,672 - werkzeug - INFO - 127.0.0.1 - - [24/Mar/2026 07:45:16] "GET /api/history HTTP/1.1" 200 -
2026-03-24 07:45:16,678 - werkzeug - INFO - 127.0.0.1 - - [24/Mar/2026 07:45:16] "GET /api/archive?q=&tool= HTTP/1.1" 200 -
2026-03-24 07:45:46,570 - werkzeug - INFO - 127.0.0.1 - - [24/Mar/2026 07:45:46] "GET /api/history HTTP/1.1" 200 -
2026-03-24 07:45:46,588 - werkzeug - INFO - 127.0.0.1 - - [24/Mar/2026 07:45:46] "GET /api/archive?q=&tool= HTTP/1.1" 200 -
2026-03-24 07:46:06,964 - werkzeug - INFO - 127.0.0.1 - - [24/Mar/2026 07:46:06] "GET /api/history HTTP/1.1" 200 -
2026-03-24 07:46:06,969 - werkzeug - INFO - 127.0.0.1 - - [24/Mar/2026 07:46:06] "GET /api/archive?q=&tool= HTTP/1.1" 200 -
2026-03-24 07:46:16,563 - werkzeug - INFO - 127.0.0.1 - - [24/Mar/2026 07:46:16] "GET /api/history HTTP/1.1" 200 -
2026-03-24 07:46:16,572 - werkzeug - INFO - 127.0.0.1 - - [24/Mar/2026 07:46:16] "GET /api/archive?q=&tool= HTTP/1.1" 200 -
2026-03-24 07:46:46,570 - werkzeug - INFO - 127.0.0.1 - - [24/Mar/2026 07:46:46] "GET /api/history HTTP/1.1" 200 -
2026-03-24 07:46:46,578 - werkzeug - INFO - 127.0.0.1 - - [24/Mar/2026 07:46:46] "GET /api/archive?q=&tool= HTTP/1.1" 200 -
2026-03-24 07:47:04,722 - werkzeug - INFO - 127.0.0.1 - - [24/Mar/2026 07:47:04] "GET /api/history HTTP/1.1" 200 -
2026-03-24 07:47:04,732 - werkzeug - INFO - 127.0.0.1 - - [24/Mar/2026 07:47:04] "GET /api/archive?q=&tool= HTTP/1.1" 200 -
2026-03-24 07:47:16,570 - werkzeug - INFO - 127.0.0.1 - - [24/Mar/2026 07:47:16] "GET /api/history HTTP/1.1" 200 -
2026-03-24 07:47:16,583 - werkzeug - INFO - 127.0.0.1 - - [24/Mar/2026 07:47:16] "GET /api/archive?q=&tool= HTTP/1.1" 200 -
2026-03-24 07:47:46,564 - werkzeug - INFO - 127.0.0.1 - - [24/Mar/2026 07:47:46] "GET /api/history HTTP/1.1" 200 -
2026-03-24 07:47:46,568 - werkzeug - INFO - 127.0.0.1 - - [24/Mar/2026 07:47:46] "GET /api/archive?q=&tool= HTTP/1.1" 200 -
2026-03-24 07:48:03,669 - werkzeug - INFO - 127.0.0.1 - - [24/Mar/2026 07:48:03] "GET /api/archive?q=&tool= HTTP/1.1" 200 -
2026-03-24 07:48:03,671 - werkzeug - INFO - 127.0.0.1 - - [24/Mar/2026 07:48:03] "GET /api/history HTTP/1.1" 200 -
2026-03-24 07:48:16,561 - werkzeug - INFO - 127.0.0.1 - - [24/Mar/2026 07:48:16] "GET /api/history HTTP/1.1" 200 -
2026-03-24 07:48:16,569 - werkzeug - INFO - 127.0.0.1 - - [24/Mar/2026 07:48:16] "GET /api/archive?q=&tool= HTTP/1.1" 200 -
2026-03-24 07:48:46,558 - werkzeug - INFO - 127.0.0.1 - - [24/Mar/2026 07:48:46] "GET /api/history HTTP/1.1" 200 -
2026-03-24 07:48:46,565 - werkzeug - INFO - 127.0.0.1 - - [24/Mar/2026 07:48:46] "GET /api/archive?q=&tool= HTTP/1.1" 200 -
2026-03-24 07:49:11,666 - werkzeug - INFO - 127.0.0.1 - - [24/Mar/2026 07:49:11] "GET /api/history HTTP/1.1" 200 -
2026-03-24 07:49:11,673 - werkzeug - INFO - 127.0.0.1 - - [24/Mar/2026 07:49:11] "GET /api/archive?q=&tool= HTTP/1.1" 200 -
2026-03-24 07:49:16,557 - werkzeug - INFO - 127.0.0.1 - - [24/Mar/2026 07:49:16] "GET /api/history HTTP/1.1" 200 -
2026-03-24 07:49:16,565 - werkzeug - INFO - 127.0.0.1 - - [24/Mar/2026 07:49:16] "GET /api/archive?q=&tool= HTTP/1.1" 200 -
2026-03-24 07:49:46,561 - werkzeug - INFO - 127.0.0.1 - - [24/Mar/2026 07:49:46] "GET /api/archive?q=&tool= HTTP/1.1" 200 -
2026-03-24 07:49:46,568 - werkzeug - INFO - 127.0.0.1 - - [24/Mar/2026 07:49:46] "GET /api/history HTTP/1.1" 200 -
2026-03-24 07:50:11,666 - werkzeug - INFO - 127.0.0.1 - - [24/Mar/2026 07:50:11] "GET /api/history HTTP/1.1" 200 -
2026-03-24 07:50:11,671 - werkzeug - INFO - 127.0.0.1 - - [24/Mar/2026 07:50:11] "GET /api/archive?q=&tool= HTTP/1.1" 200 -
2026-03-24 07:50:16,556 - werkzeug - INFO - 127.0.0.1 - - [24/Mar/2026 07:50:16] "GET /api/history HTTP/1.1" 200 -
2026-03-24 07:50:16,565 - werkzeug - INFO - 127.0.0.1 - - [24/Mar/2026 07:50:16] "GET /api/archive?q=&tool= HTTP/1.1" 200 -
2026-03-24 07:50:46,553 - werkzeug - INFO - 127.0.0.1 - - [24/Mar/2026 07:50:46] "GET /api/history HTTP/1.1" 200 -
2026-03-24 07:50:46,562 - werkzeug - INFO - 127.0.0.1 - - [24/Mar/2026 07:50:46] "GET /api/archive?q=&tool= HTTP/1.1" 200 -
2026-03-24 07:51:13,681 - werkzeug - INFO - 127.0.0.1 - - [24/Mar/2026 07:51:13] "GET /api/history HTTP/1.1" 200 -
2026-03-24 07:51:13,686 - werkzeug - INFO - 127.0.0.1 - - [24/Mar/2026 07:51:13] "GET /api/archive?q=&tool= HTTP/1.1" 200 -
2026-03-24 07:51:16,546 - werkzeug - INFO - 127.0.0.1 - - [24/Mar/2026 07:51:16] "GET /api/history HTTP/1.1" 200 -
2026-03-24 07:51:16,556 - werkzeug - INFO - 127.0.0.1 - - [24/Mar/2026 07:51:16] "GET /api/archive?q=&tool= HTTP/1.1" 200 -
2026-03-24 07:51:50,442 - werkzeug - INFO - 127.0.0.1 - - [24/Mar/2026 07:51:50] "GET /api/history HTTP/1.1" 200 -
2026-03-24 07:51:50,449 - werkzeug - INFO - 127.0.0.1 - - [24/Mar/2026 07:51:50] "GET /api/archive?q=&tool= HTTP/1.1" 200 -
2026-03-24 07:57:58,383 - werkzeug - INFO - 127.0.0.1 - - [24/Mar/2026 07:57:58] "GET /api/history HTTP/1.1" 200 -
2026-03-24 07:57:58,393 - werkzeug - INFO - 127.0.0.1 - - [24/Mar/2026 07:57:58] "GET /api/archive?q=&tool= HTTP/1.1" 200 -
2026-03-24 07:58:06,259 - werkzeug - INFO - 127.0.0.1 - - [24/Mar/2026 07:58:06] "GET /api/history HTTP/1.1" 200 -
2026-03-24 07:58:06,271 - werkzeug - INFO - 127.0.0.1 - - [24/Mar/2026 07:58:06] "GET /api/archive?q=&tool= HTTP/1.1" 200 -
2026-03-24 07:58:14,667 - werkzeug - INFO - 127.0.0.1 - - [24/Mar/2026 07:58:14] "POST /api/system/restart HTTP/1.1" 200 -
2026-03-24 07:58:23,004 - werkzeug - INFO - [31m[1mWARNING: This is a development server. Do not use it in a production deployment. Use a production WSGI server instead.[0m
 * Running on all addresses (0.0.0.0)
 * Running on http://127.0.0.1:5000
 * Running on http://10.2.0.2:5000
2026-03-24 07:58:23,005 - werkzeug - INFO - [33mPress CTRL+C to quit[0m
2026-03-24 07:58:23,064 - werkzeug - INFO - 127.0.0.1 - - [24/Mar/2026 07:58:23] "GET / HTTP/1.1" 200 -
2026-03-24 07:58:23,122 - werkzeug - INFO - 127.0.0.1 - - [24/Mar/2026 07:58:23] "[36mGET /static/style.css HTTP/1.1[0m" 304 -
2026-03-24 07:58:23,262 - werkzeug - INFO - 127.0.0.1 - - [24/Mar/2026 07:58:23] "GET /api/version HTTP/1.1" 200 -
2026-03-24 07:58:23,277 - werkzeug - INFO - 127.0.0.1 - - [24/Mar/2026 07:58:23] "GET /api/history HTTP/1.1" 200 -
2026-03-24 07:58:23,282 - werkzeug - INFO - 127.0.0.1 - - [24/Mar/2026 07:58:23] "GET /api/archive?q=&tool= HTTP/1.1" 200 -
2026-03-24 07:58:23,369 - werkzeug - INFO - 127.0.0.1 - - [24/Mar/2026 07:58:23] "GET /api/ai/status HTTP/1.1" 200 -
2026-03-24 07:58:53,257 - werkzeug - INFO - 127.0.0.1 - - [24/Mar/2026 07:58:53] "GET /api/history HTTP/1.1" 200 -
2026-03-24 07:58:53,265 - werkzeug - INFO - 127.0.0.1 - - [24/Mar/2026 07:58:53] "GET /api/archive?q=&tool= HTTP/1.1" 200 -
2026-03-24 07:59:00,211 - werkzeug - INFO - 127.0.0.1 - - [24/Mar/2026 07:59:00] "GET /api/history HTTP/1.1" 200 -
2026-03-24 07:59:00,224 - werkzeug - INFO - 127.0.0.1 - - [24/Mar/2026 07:59:00] "GET /api/archive?q=&tool= HTTP/1.1" 200 -
2026-03-24 07:59:23,255 - werkzeug - INFO - 127.0.0.1 - - [24/Mar/2026 07:59:23] "GET /api/history HTTP/1.1" 200 -
2026-03-24 07:59:23,263 - werkzeug - INFO - 127.0.0.1 - - [24/Mar/2026 07:59:23] "GET /api/archive?q=&tool= HTTP/1.1" 200 -
2026-03-24 07:59:42,213 - werkzeug - INFO - 127.0.0.1 - - [24/Mar/2026 07:59:42] "POST /api/username/maigret HTTP/1.1" 200 -
2026-03-24 07:59:43,049 - __main__ - INFO - Loaded Maigret database with 3143 sites
2026-03-24 07:59:53,252 - werkzeug - INFO - 127.0.0.1 - - [24/Mar/2026 07:59:53] "GET /api/history HTTP/1.1" 200 -
2026-03-24 07:59:53,257 - werkzeug - INFO - 127.0.0.1 - - [24/Mar/2026 07:59:53] "GET /api/archive?q=&tool= HTTP/1.1" 200 -
2026-03-24 07:59:53,352 - werkzeug - INFO - 127.0.0.1 - - [24/Mar/2026 07:59:53] "GET /api/history HTTP/1.1" 200 -
2026-03-24 07:59:53,360 - werkzeug - INFO - 127.0.0.1 - - [24/Mar/2026 07:59:53] "GET /api/archive?q=&tool= HTTP/1.1" 200 -
2026-03-24 08:00:23,253 - werkzeug - INFO - 127.0.0.1 - - [24/Mar/2026 08:00:23] "GET /api/history HTTP/1.1" 200 -
2026-03-24 08:00:23,259 - werkzeug - INFO - 127.0.0.1 - - [24/Mar/2026 08:00:23] "GET /api/archive?q=&tool= HTTP/1.1" 200 -
2026-03-24 08:00:53,249 - werkzeug - INFO - 127.0.0.1 - - [24/Mar/2026 08:00:53] "GET /api/history HTTP/1.1" 200 -
2026-03-24 08:00:53,255 - werkzeug - INFO - 127.0.0.1 - - [24/Mar/2026 08:00:53] "GET /api/archive?q=&tool= HTTP/1.1" 200 -
2026-03-24 08:01:01,426 - werkzeug - INFO - 127.0.0.1 - - [24/Mar/2026 08:01:01] "GET /api/history HTTP/1.1" 200 -
2026-03-24 08:01:01,433 - werkzeug - INFO - 127.0.0.1 - - [24/Mar/2026 08:01:01] "GET /api/archive?q=&tool= HTTP/1.1" 200 -
2026-03-24 08:01:23,249 - werkzeug - INFO - 127.0.0.1 - - [24/Mar/2026 08:01:23] "GET /api/history HTTP/1.1" 200 -
2026-03-24 08:01:23,256 - werkzeug - INFO - 127.0.0.1 - - [24/Mar/2026 08:01:23] "GET /api/archive?q=&tool= HTTP/1.1" 200 -
2026-03-24 08:01:53,248 - werkzeug - INFO - 127.0.0.1 - - [24/Mar/2026 08:01:53] "GET /api/history HTTP/1.1" 200 -
2026-03-24 08:01:53,259 - werkzeug - INFO - 127.0.0.1 - - [24/Mar/2026 08:01:53] "GET /api/archive?q=&tool= HTTP/1.1" 200 -
2026-03-24 08:02:03,450 - werkzeug - INFO - 127.0.0.1 - - [24/Mar/2026 08:02:03] "GET /api/history HTTP/1.1" 200 -
2026-03-24 08:02:03,455 - werkzeug - INFO - 127.0.0.1 - - [24/Mar/2026 08:02:03] "GET /api/archive?q=&tool= HTTP/1.1" 200 -
2026-03-24 08:02:23,248 - werkzeug - INFO - 127.0.0.1 - - [24/Mar/2026 08:02:23] "GET /api/history HTTP/1.1" 200 -
2026-03-24 08:02:23,256 - werkzeug - INFO - 127.0.0.1 - - [24/Mar/2026 08:02:23] "GET /api/archive?q=&tool= HTTP/1.1" 200 -
2026-03-24 08:02:33,219 - werkzeug - INFO - 127.0.0.1 - - [24/Mar/2026 08:02:33] "POST /api/system/restart HTTP/1.1" 200 -
2026-03-24 08:02:41,534 - werkzeug - INFO - [31m[1mWARNING: This is a development server. Do not use it in a production deployment. Use a production WSGI server instead.[0m
 * Running on all addresses (0.0.0.0)
 * Running on http://127.0.0.1:5000
 * Running on http://10.2.0.2:5000
2026-03-24 08:02:41,535 - werkzeug - INFO - [33mPress CTRL+C to quit[0m
2026-03-24 08:02:41,591 - werkzeug - INFO - 127.0.0.1 - - [24/Mar/2026 08:02:41] "GET / HTTP/1.1" 200 -
2026-03-24 08:02:41,641 - werkzeug - INFO - 127.0.0.1 - - [24/Mar/2026 08:02:41] "[36mGET /static/style.css HTTP/1.1[0m" 304 -
2026-03-24 08:02:41,790 - werkzeug - INFO - 127.0.0.1 - - [24/Mar/2026 08:02:41] "GET /api/version HTTP/1.1" 200 -
2026-03-24 08:02:41,800 - werkzeug - INFO - 127.0.0.1 - - [24/Mar/2026 08:02:41] "GET /api/history HTTP/1.1" 200 -
2026-03-24 08:02:41,820 - werkzeug - INFO - 127.0.0.1 - - [24/Mar/2026 08:02:41] "GET /api/archive?q=&tool= HTTP/1.1" 200 -
2026-03-24 08:02:41,870 - werkzeug - INFO - 127.0.0.1 - - [24/Mar/2026 08:02:41] "GET /api/ai/status HTTP/1.1" 200 -
2026-03-24 08:02:58,347 - werkzeug - INFO - 127.0.0.1 - - [24/Mar/2026 08:02:58] "GET /api/history HTTP/1.1" 200 -
2026-03-24 08:02:58,352 - werkzeug - INFO - 127.0.0.1 - - [24/Mar/2026 08:02:58] "GET /api/archive?q=&tool= HTTP/1.1" 200 -
2026-03-24 08:03:06,376 - werkzeug - INFO - 127.0.0.1 - - [24/Mar/2026 08:03:06] "POST /api/username/maigret HTTP/1.1" 200 -
2026-03-24 08:03:07,181 - __main__ - INFO - Loaded Maigret database with 3143 sites
2026-03-24 08:03:11,774 - werkzeug - INFO - 127.0.0.1 - - [24/Mar/2026 08:03:11] "GET /api/history HTTP/1.1" 200 -
2026-03-24 08:03:11,782 - werkzeug - INFO - 127.0.0.1 - - [24/Mar/2026 08:03:11] "GET /api/archive?q=&tool= HTTP/1.1" 200 -
2026-03-24 08:03:41,768 - werkzeug - INFO - 127.0.0.1 - - [24/Mar/2026 08:03:41] "GET /api/archive?q=&tool= HTTP/1.1" 200 -
2026-03-24 08:03:41,775 - werkzeug - INFO - 127.0.0.1 - - [24/Mar/2026 08:03:41] "GET /api/history HTTP/1.1" 200 -
2026-03-24 08:03:53,342 - werkzeug - INFO - 127.0.0.1 - - [24/Mar/2026 08:03:53] "GET /api/history HTTP/1.1" 200 -
2026-03-24 08:03:53,350 - werkzeug - INFO - 127.0.0.1 - - [24/Mar/2026 08:03:53] "GET /api/archive?q=&tool= HTTP/1.1" 200 -
2026-03-24 08:04:11,770 - werkzeug - INFO - 127.0.0.1 - - [24/Mar/2026 08:04:11] "GET /api/history HTTP/1.1" 200 -
2026-03-24 08:04:11,781 - werkzeug - INFO - 127.0.0.1 - - [24/Mar/2026 08:04:11] "GET /api/archive?q=&tool= HTTP/1.1" 200 -
2026-03-24 08:04:41,768 - werkzeug - INFO - 127.0.0.1 - - [24/Mar/2026 08:04:41] "GET /api/history HTTP/1.1" 200 -
2026-03-24 08:04:41,775 - werkzeug - INFO - 127.0.0.1 - - [24/Mar/2026 08:04:41] "GET /api/archive?q=&tool= HTTP/1.1" 200 -
2026-03-24 08:04:56,630 - werkzeug - INFO - 127.0.0.1 - - [24/Mar/2026 08:04:56] "GET /api/history HTTP/1.1" 200 -
2026-03-24 08:04:56,635 - werkzeug - INFO - 127.0.0.1 - - [24/Mar/2026 08:04:56] "GET /api/archive?q=&tool= HTTP/1.1" 200 -
2026-03-24 08:05:11,767 - werkzeug - INFO - 127.0.0.1 - - [24/Mar/2026 08:05:11] "GET /api/history HTTP/1.1" 200 -
2026-03-24 08:05:11,774 - werkzeug - INFO - 127.0.0.1 - - [24/Mar/2026 08:05:11] "GET /api/archive?q=&tool= HTTP/1.1" 200 -
2026-03-24 08:05:28,524 - werkzeug - INFO - 127.0.0.1 - - [24/Mar/2026 08:05:28] "GET / HTTP/1.1" 200 -
2026-03-24 08:05:28,580 - werkzeug - INFO - 127.0.0.1 - - [24/Mar/2026 08:05:28] "[36mGET /static/style.css HTTP/1.1[0m" 304 -
2026-03-24 08:05:28,645 - werkzeug - INFO - 127.0.0.1 - - [24/Mar/2026 08:05:28] "GET /api/version HTTP/1.1" 200 -
2026-03-24 08:05:28,663 - werkzeug - INFO - 127.0.0.1 - - [24/Mar/2026 08:05:28] "GET /api/history HTTP/1.1" 200 -
2026-03-24 08:05:28,667 - werkzeug - INFO - 127.0.0.1 - - [24/Mar/2026 08:05:28] "GET /api/archive?q=&tool= HTTP/1.1" 200 -
2026-03-24 08:05:28,684 - werkzeug - INFO - 127.0.0.1 - - [24/Mar/2026 08:05:28] "GET /api/ai/status HTTP/1.1" 200 -
2026-03-24 08:05:39,421 - werkzeug - INFO - 127.0.0.1 - - [24/Mar/2026 08:05:39] "POST /api/username/maigret HTTP/1.1" 200 -
2026-03-24 08:05:46,169 - werkzeug - INFO - 127.0.0.1 - - [24/Mar/2026 08:05:46] "POST /api/system/restart HTTP/1.1" 200 -
2026-03-24 08:05:54,444 - werkzeug - INFO - [31m[1mWARNING: This is a development server. Do not use it in a production deployment. Use a production WSGI server instead.[0m
 * Running on all addresses (0.0.0.0)
 * Running on http://127.0.0.1:5000
 * Running on http://10.2.0.2:5000
2026-03-24 08:05:54,444 - werkzeug - INFO - [33mPress CTRL+C to quit[0m
2026-03-24 08:05:54,448 - werkzeug - INFO - 127.0.0.1 - - [24/Mar/2026 08:05:54] "GET /api/history HTTP/1.1" 200 -
2026-03-24 08:05:54,455 - werkzeug - INFO - 127.0.0.1 - - [24/Mar/2026 08:05:54] "GET /api/archive?q=&tool= HTTP/1.1" 200 -
2026-03-24 08:05:54,494 - werkzeug - INFO - 127.0.0.1 - - [24/Mar/2026 08:05:54] "GET / HTTP/1.1" 200 -
2026-03-24 08:05:54,547 - werkzeug - INFO - 127.0.0.1 - - [24/Mar/2026 08:05:54] "[36mGET /static/style.css HTTP/1.1[0m" 304 -
2026-03-24 08:05:54,570 - werkzeug - INFO - 127.0.0.1 - - [24/Mar/2026 08:05:54] "GET /api/version HTTP/1.1" 200 -
2026-03-24 08:05:54,578 - werkzeug - INFO - 127.0.0.1 - - [24/Mar/2026 08:05:54] "GET /api/history HTTP/1.1" 200 -
2026-03-24 08:05:54,597 - werkzeug - INFO - 127.0.0.1 - - [24/Mar/2026 08:05:54] "GET /api/archive?q=&tool= HTTP/1.1" 200 -
2026-03-24 08:05:54,711 - werkzeug - INFO - 127.0.0.1 - - [24/Mar/2026 08:05:54] "GET /api/ai/status HTTP/1.1" 200 -
2026-03-24 08:06:16,560 - werkzeug - INFO - 127.0.0.1 - - [24/Mar/2026 08:06:16] "POST /api/username/maigret HTTP/1.1" 200 -
2026-03-24 08:06:17,296 - __main__ - INFO - Loaded Maigret database with 3143 sites
2026-03-24 08:06:24,568 - werkzeug - INFO - 127.0.0.1 - - [24/Mar/2026 08:06:24] "GET /api/history HTTP/1.1" 200 -
2026-03-24 08:06:24,577 - werkzeug - INFO - 127.0.0.1 - - [24/Mar/2026 08:06:24] "GET /api/archive?q=&tool= HTTP/1.1" 200 -
2026-03-24 08:06:54,560 - werkzeug - INFO - 127.0.0.1 - - [24/Mar/2026 08:06:54] "GET /api/history HTTP/1.1" 200 -
2026-03-24 08:06:54,564 - werkzeug - INFO - 127.0.0.1 - - [24/Mar/2026 08:06:54] "GET /api/archive?q=&tool= HTTP/1.1" 200 -
2026-03-24 08:06:56,505 - werkzeug - INFO - 127.0.0.1 - - [24/Mar/2026 08:06:56] "GET /api/history HTTP/1.1" 200 -
2026-03-24 08:06:56,515 - werkzeug - INFO - 127.0.0.1 - - [24/Mar/2026 08:06:56] "GET /api/archive?q=&tool= HTTP/1.1" 200 -
2026-03-24 08:07:24,570 - werkzeug - INFO - 127.0.0.1 - - [24/Mar/2026 08:07:24] "GET /api/history HTTP/1.1" 200 -
2026-03-24 08:07:24,577 - werkzeug - INFO - 127.0.0.1 - - [24/Mar/2026 08:07:24] "GET /api/archive?q=&tool= HTTP/1.1" 200 -
2026-03-24 08:07:54,417 - werkzeug - INFO - 127.0.0.1 - - [24/Mar/2026 08:07:54] "GET /api/history HTTP/1.1" 200 -
2026-03-24 08:07:54,425 - werkzeug - INFO - 127.0.0.1 - - [24/Mar/2026 08:07:54] "GET /api/archive?q=&tool= HTTP/1.1" 200 -
2026-03-24 08:08:00,048 - werkzeug - INFO - 127.0.0.1 - - [24/Mar/2026 08:08:00] "GET /api/history HTTP/1.1" 200 -
2026-03-24 08:08:00,061 - werkzeug - INFO - 127.0.0.1 - - [24/Mar/2026 08:08:00] "GET /api/archive?q=&tool= HTTP/1.1" 200 -
2026-03-24 08:08:24,424 - werkzeug - INFO - 127.0.0.1 - - [24/Mar/2026 08:08:24] "GET /api/history HTTP/1.1" 200 -
2026-03-24 08:08:24,432 - werkzeug - INFO - 127.0.0.1 - - [24/Mar/2026 08:08:24] "GET /api/archive?q=&tool= HTTP/1.1" 200 -
2026-03-24 08:08:53,435 - werkzeug - INFO - 127.0.0.1 - - [24/Mar/2026 08:08:53] "GET / HTTP/1.1" 200 -
2026-03-24 08:08:53,490 - werkzeug - INFO - 127.0.0.1 - - [24/Mar/2026 08:08:53] "[36mGET /static/style.css HTTP/1.1[0m" 304 -
2026-03-24 08:08:53,536 - werkzeug - INFO - 127.0.0.1 - - [24/Mar/2026 08:08:53] "GET /api/version HTTP/1.1" 200 -
2026-03-24 08:08:53,559 - werkzeug - INFO - 127.0.0.1 - - [24/Mar/2026 08:08:53] "GET /api/history HTTP/1.1" 200 -
2026-03-24 08:08:53,563 - werkzeug - INFO - 127.0.0.1 - - [24/Mar/2026 08:08:53] "GET /api/archive?q=&tool= HTTP/1.1" 200 -
2026-03-24 08:08:53,571 - werkzeug - INFO - 127.0.0.1 - - [24/Mar/2026 08:08:53] "GET /api/ai/status HTTP/1.1" 200 -
2026-03-24 08:08:55,199 - werkzeug - INFO - 127.0.0.1 - - [24/Mar/2026 08:08:55] "GET /api/history HTTP/1.1" 200 -
2026-03-24 08:08:55,218 - werkzeug - INFO - 127.0.0.1 - - [24/Mar/2026 08:08:55] "GET /api/archive?q=&tool= HTTP/1.1" 200 -
2026-03-24 08:09:01,000 - werkzeug - INFO - 127.0.0.1 - - [24/Mar/2026 08:09:01] "POST /api/username/maigret HTTP/1.1" 200 -
2026-03-24 08:09:06,603 - werkzeug - INFO - 127.0.0.1 - - [24/Mar/2026 08:09:06] "POST /api/system/restart HTTP/1.1" 200 -
2026-03-24 08:09:14,864 - werkzeug - INFO - [31m[1mWARNING: This is a development server. Do not use it in a production deployment. Use a production WSGI server instead.[0m
 * Running on all addresses (0.0.0.0)
 * Running on http://127.0.0.1:5000
 * Running on http://10.2.0.2:5000
2026-03-24 08:09:14,864 - werkzeug - INFO - [33mPress CTRL+C to quit[0m
2026-03-24 08:09:14,891 - werkzeug - INFO - 127.0.0.1 - - [24/Mar/2026 08:09:14] "GET / HTTP/1.1" 200 -
2026-03-24 08:09:14,942 - werkzeug - INFO - 127.0.0.1 - - [24/Mar/2026 08:09:14] "[36mGET /static/style.css HTTP/1.1[0m" 304 -
2026-03-24 08:09:15,083 - werkzeug - INFO - 127.0.0.1 - - [24/Mar/2026 08:09:15] "GET /api/version HTTP/1.1" 200 -
2026-03-24 08:09:15,121 - werkzeug - INFO - 127.0.0.1 - - [24/Mar/2026 08:09:15] "GET /api/history HTTP/1.1" 200 -
2026-03-24 08:09:15,175 - werkzeug - INFO - 127.0.0.1 - - [24/Mar/2026 08:09:15] "GET /api/archive?q=&tool= HTTP/1.1" 200 -
2026-03-24 08:09:15,203 - werkzeug - INFO - 127.0.0.1 - - [24/Mar/2026 08:09:15] "GET /api/ai/status HTTP/1.1" 200 -
2026-03-24 08:09:27,773 - werkzeug - INFO - 127.0.0.1 - - [24/Mar/2026 08:09:27] "POST /api/username/maigret HTTP/1.1" 200 -
2026-03-24 08:09:28,714 - __main__ - INFO - Loaded Maigret database with 3143 sites
2026-03-24 08:09:45,077 - werkzeug - INFO - 127.0.0.1 - - [24/Mar/2026 08:09:45] "GET /api/history HTTP/1.1" 200 -
2026-03-24 08:09:45,084 - werkzeug - INFO - 127.0.0.1 - - [24/Mar/2026 08:09:45] "GET /api/archive?q=&tool= HTTP/1.1" 200 -
2026-03-24 08:09:53,455 - werkzeug - INFO - 127.0.0.1 - - [24/Mar/2026 08:09:53] "GET /api/history HTTP/1.1" 200 -
2026-03-24 08:09:53,470 - werkzeug - INFO - 127.0.0.1 - - [24/Mar/2026 08:09:53] "GET /api/archive?q=&tool= HTTP/1.1" 200 -
2026-03-24 08:10:18,992 - werkzeug - INFO - 127.0.0.1 - - [24/Mar/2026 08:10:18] "GET /api/history HTTP/1.1" 200 -
2026-03-24 08:10:19,042 - werkzeug - INFO - 127.0.0.1 - - [24/Mar/2026 08:10:19] "GET /api/archive?q=&tool= HTTP/1.1" 200 -
2026-03-24 08:10:45,079 - werkzeug - INFO - 127.0.0.1 - - [24/Mar/2026 08:10:45] "GET /api/history HTTP/1.1" 200 -
2026-03-24 08:10:45,088 - werkzeug - INFO - 127.0.0.1 - - [24/Mar/2026 08:10:45] "GET /api/archive?q=&tool= HTTP/1.1" 200 -
2026-03-24 08:10:55,184 - werkzeug - INFO - 127.0.0.1 - - [24/Mar/2026 08:10:55] "GET /api/history HTTP/1.1" 200 -
2026-03-24 08:10:55,197 - werkzeug - INFO - 127.0.0.1 - - [24/Mar/2026 08:10:55] "GET /api/archive?q=&tool= HTTP/1.1" 200 -
2026-03-24 08:11:15,069 - werkzeug - INFO - 127.0.0.1 - - [24/Mar/2026 08:11:15] "GET /api/history HTTP/1.1" 200 -
2026-03-24 08:11:15,080 - werkzeug - INFO - 127.0.0.1 - - [24/Mar/2026 08:11:15] "GET /api/archive?q=&tool= HTTP/1.1" 200 -
2026-03-24 08:11:45,065 - werkzeug - INFO - 127.0.0.1 - - [24/Mar/2026 08:11:45] "GET /api/history HTTP/1.1" 200 -
2026-03-24 08:11:45,071 - werkzeug - INFO - 127.0.0.1 - - [24/Mar/2026 08:11:45] "GET /api/archive?q=&tool= HTTP/1.1" 200 -
2026-03-24 08:11:53,254 - werkzeug - INFO - 127.0.0.1 - - [24/Mar/2026 08:11:53] "GET /api/history HTTP/1.1" 200 -
2026-03-24 08:11:53,259 - werkzeug - INFO - 127.0.0.1 - - [24/Mar/2026 08:11:53] "GET /api/archive?q=&tool= HTTP/1.1" 200 -
2026-03-24 08:12:00,413 - werkzeug - INFO - 127.0.0.1 - - [24/Mar/2026 08:12:00] "POST /api/username/maigret HTTP/1.1" 200 -
2026-03-24 08:12:15,072 - werkzeug - INFO - 127.0.0.1 - - [24/Mar/2026 08:12:15] "GET /api/history HTTP/1.1" 200 -
2026-03-24 08:12:15,082 - werkzeug - INFO - 127.0.0.1 - - [24/Mar/2026 08:12:15] "GET /api/archive?q=&tool= HTTP/1.1" 200 -
2026-03-24 08:12:17,729 - werkzeug - INFO - 127.0.0.1 - - [24/Mar/2026 08:12:17] "POST /api/username/maigret HTTP/1.1" 200 -
2026-03-24 08:12:45,068 - werkzeug - INFO - 127.0.0.1 - - [24/Mar/2026 08:12:45] "GET /api/history HTTP/1.1" 200 -
2026-03-24 08:12:45,073 - werkzeug - INFO - 127.0.0.1 - - [24/Mar/2026 08:12:45] "GET /api/archive?q=&tool= HTTP/1.1" 200 -
2026-03-24 08:12:53,603 - werkzeug - INFO - 127.0.0.1 - - [24/Mar/2026 08:12:53] "GET /api/history HTTP/1.1" 200 -
2026-03-24 08:12:53,612 - werkzeug - INFO - 127.0.0.1 - - [24/Mar/2026 08:12:53] "GET /api/archive?q=&tool= HTTP/1.1" 200 -
2026-03-24 08:13:15,070 - werkzeug - INFO - 127.0.0.1 - - [24/Mar/2026 08:13:15] "GET /api/history HTTP/1.1" 200 -
2026-03-24 08:13:15,076 - werkzeug - INFO - 127.0.0.1 - - [24/Mar/2026 08:13:15] "GET /api/archive?q=&tool= HTTP/1.1" 200 -
2026-03-24 08:13:45,084 - werkzeug - INFO - 127.0.0.1 - - [24/Mar/2026 08:13:45] "GET /api/history HTTP/1.1" 200 -
2026-03-24 08:13:45,091 - werkzeug - INFO - 127.0.0.1 - - [24/Mar/2026 08:13:45] "GET /api/archive?q=&tool= HTTP/1.1" 200 -
2026-03-24 08:14:02,250 - werkzeug - INFO - 127.0.0.1 - - [24/Mar/2026 08:14:02] "GET /api/history HTTP/1.1" 200 -
2026-03-24 08:14:02,260 - werkzeug - INFO - 127.0.0.1 - - [24/Mar/2026 08:14:02] "GET /api/archive?q=&tool= HTTP/1.1" 200 -
2026-03-24 08:14:15,061 - werkzeug - INFO - 127.0.0.1 - - [24/Mar/2026 08:14:15] "GET /api/history HTTP/1.1" 200 -
2026-03-24 08:14:15,073 - werkzeug - INFO - 127.0.0.1 - - [24/Mar/2026 08:14:15] "GET /api/archive?q=&tool= HTTP/1.1" 200 -
2026-03-24 08:14:45,066 - werkzeug - INFO - 127.0.0.1 - - [24/Mar/2026 08:14:45] "GET /api/history HTTP/1.1" 200 -
2026-03-24 08:14:45,075 - werkzeug - INFO - 127.0.0.1 - - [24/Mar/2026 08:14:45] "GET /api/archive?q=&tool= HTTP/1.1" 200 -
2026-03-24 08:14:54,647 - werkzeug - INFO - 127.0.0.1 - - [24/Mar/2026 08:14:54] "GET /api/history HTTP/1.1" 200 -
2026-03-24 08:14:54,652 - werkzeug - INFO - 127.0.0.1 - - [24/Mar/2026 08:14:54] "GET /api/archive?q=&tool= HTTP/1.1" 200 -
2026-03-24 08:15:14,618 - httpx - INFO - HTTP Request: GET https://map.snapchat.com/search?query=John%20Doe "HTTP/1.1 308 Permanent Redirect"
2026-03-24 08:15:14,712 - httpx - INFO - HTTP Request: GET https://medium.com/search?q=John%20Doe "HTTP/1.1 403 Forbidden"
2026-03-24 08:15:14,738 - httpx - INFO - HTTP Request: GET https://www.youtube.com/results?search_query=John%20Doe "HTTP/1.1 200 OK"
2026-03-24 08:15:14,754 - httpx - INFO - HTTP Request: GET https://twitter.com/search?q=John%20Doe&src=sp "HTTP/1.1 301 Moved Permanently"
2026-03-24 08:15:14,776 - httpx - INFO - HTTP Request: GET https://www.twitch.tv/search?term=John%20Doe "HTTP/1.1 200 OK"
2026-03-24 08:15:14,810 - httpx - INFO - HTTP Request: GET https://www.facebook.com/search/people/?q=John%20Doe "HTTP/1.1 404 Not Found"
2026-03-24 08:15:14,822 - httpx - INFO - HTTP Request: GET https://api.github.com/search/users?q=John+Doe+in:name "HTTP/1.1 200 OK"
2026-03-24 08:15:14,877 - httpx - INFO - HTTP Request: GET https://www.reddit.com/search/?q=John%20Doe "HTTP/1.1 302 Found"
2026-03-24 08:15:14,968 - httpx - INFO - HTTP Request: GET https://www.linkedin.com/search/results/people/?keywords=John%20Doe "HTTP/1.1 307 Temporary Redirect"
2026-03-24 08:15:15,068 - werkzeug - INFO - 127.0.0.1 - - [24/Mar/2026 08:15:15] "GET /api/archive?q=&tool= HTTP/1.1" 200 -
2026-03-24 08:15:15,077 - werkzeug - INFO - 127.0.0.1 - - [24/Mar/2026 08:15:15] "GET /api/history HTTP/1.1" 200 -
2026-03-24 08:15:15,083 - httpx - INFO - HTTP Request: GET https://www.tiktok.com/api/search/general/full/?keyword=John%20Doe "HTTP/1.1 200 OK"
2026-03-24 08:15:15,264 - httpx - INFO - HTTP Request: GET https://www.linkedin.com/uas/login?session_redirect=%2Fsearch%2Fresults%2Fpeople%2F%3Fkeywords%3DJohn%2520Doe&skipRedirect=true "HTTP/1.1 200 OK"
2026-03-24 08:15:15,342 - httpx - INFO - HTTP Request: GET https://www.pinterest.com/search/users/?q=John%20Doe "HTTP/1.1 200 OK"
2026-03-24 08:15:15,431 - httpx - INFO - HTTP Request: GET https://x.com/search?q=John%20Doe&src=sp "HTTP/1.1 200 OK"
2026-03-24 08:15:15,477 - httpx - INFO - HTTP Request: GET https://www.reddit.com/search/?q=John%20Doe&rdt=47592 "HTTP/1.1 403 Blocked"
2026-03-24 08:15:15,858 - httpx - INFO - HTTP Request: GET https://www.instagram.com/web/search/topsearch/?search_term=John%20Doe "HTTP/1.1 302 Found"
2026-03-24 08:15:16,070 - httpx - INFO - HTTP Request: GET https://www.instagram.com/accounts/login/?next=/web/search/topsearch/%3Fsearch_term%3DJohn%2520Doe "HTTP/1.1 200 OK"
2026-03-24 08:15:16,098 - httpx - INFO - HTTP Request: GET https://www.snapchat.com/ "HTTP/1.1 200 OK"
2026-03-24 08:15:16,445 - __main__ - INFO - Name search for 'John Doe': 3 platforms with results
2026-03-24 08:15:16,446 - werkzeug - INFO - 127.0.0.1 - - [24/Mar/2026 08:15:16] "POST /api/name-search HTTP/1.1" 200 -
2026-03-24 08:15:30,157 - werkzeug - INFO - 127.0.0.1 - - [24/Mar/2026 08:15:30] "POST /api/username/maigret HTTP/1.1" 200 -
2026-03-24 08:15:45,057 - werkzeug - INFO - 127.0.0.1 - - [24/Mar/2026 08:15:45] "GET /api/history HTTP/1.1" 200 -
2026-03-24 08:15:45,066 - werkzeug - INFO - 127.0.0.1 - - [24/Mar/2026 08:15:45] "GET /api/archive?q=&tool= HTTP/1.1" 200 -
2026-03-24 08:16:01,535 - werkzeug - INFO - 127.0.0.1 - - [24/Mar/2026 08:16:01] "GET /api/history HTTP/1.1" 200 -
2026-03-24 08:16:01,539 - werkzeug - INFO - 127.0.0.1 - - [24/Mar/2026 08:16:01] "GET /api/archive?q=&tool= HTTP/1.1" 200 -
2026-03-24 08:16:15,060 - werkzeug - INFO - 127.0.0.1 - - [24/Mar/2026 08:16:15] "GET /api/history HTTP/1.1" 200 -
2026-03-24 08:16:15,068 - werkzeug - INFO - 127.0.0.1 - - [24/Mar/2026 08:16:15] "GET /api/archive?q=&tool= HTTP/1.1" 200 -
2026-03-24 08:16:45,056 - werkzeug - INFO - 127.0.0.1 - - [24/Mar/2026 08:16:45] "GET /api/history HTTP/1.1" 200 -
2026-03-24 08:16:45,065 - werkzeug - INFO - 127.0.0.1 - - [24/Mar/2026 08:16:45] "GET /api/archive?q=&tool= HTTP/1.1" 200 -
2026-03-24 08:17:03,182 - werkzeug - INFO - 127.0.0.1 - - [24/Mar/2026 08:17:03] "GET /api/history HTTP/1.1" 200 -
2026-03-24 08:17:03,190 - werkzeug - INFO - 127.0.0.1 - - [24/Mar/2026 08:17:03] "GET /api/archive?q=&tool= HTTP/1.1" 200 -
2026-03-24 08:17:15,056 - werkzeug - INFO - 127.0.0.1 - - [24/Mar/2026 08:17:15] "GET /api/archive?q=&tool= HTTP/1.1" 200 -
2026-03-24 08:17:15,060 - werkzeug - INFO - 127.0.0.1 - - [24/Mar/2026 08:17:15] "GET /api/history HTTP/1.1" 200 -
2026-03-24 08:17:45,057 - werkzeug - INFO - 127.0.0.1 - - [24/Mar/2026 08:17:45] "GET /api/history HTTP/1.1" 200 -
2026-03-24 08:17:45,062 - werkzeug - INFO - 127.0.0.1 - - [24/Mar/2026 08:17:45] "GET /api/archive?q=&tool= HTTP/1.1" 200 -
2026-03-24 08:18:03,219 - werkzeug - INFO - 127.0.0.1 - - [24/Mar/2026 08:18:03] "GET /api/history HTTP/1.1" 200 -
2026-03-24 08:18:03,232 - werkzeug - INFO - 127.0.0.1 - - [24/Mar/2026 08:18:03] "GET /api/archive?q=&tool= HTTP/1.1" 200 -
2026-03-24 08:18:04,550 - werkzeug - INFO - 127.0.0.1 - - [24/Mar/2026 08:18:04] "POST /api/system/restart HTTP/1.1" 200 -
2026-03-24 08:18:12,987 - werkzeug - INFO - [31m[1mWARNING: This is a development server. Do not use it in a production deployment. Use a production WSGI server instead.[0m
 * Running on all addresses (0.0.0.0)
 * Running on http://127.0.0.1:5000
 * Running on http://10.2.0.2:5000
2026-03-24 08:18:12,987 - werkzeug - INFO - [33mPress CTRL+C to quit[0m
2026-03-24 08:18:13,088 - werkzeug - INFO - 127.0.0.1 - - [24/Mar/2026 08:18:13] "GET / HTTP/1.1" 200 -
2026-03-24 08:18:13,143 - werkzeug - INFO - 127.0.0.1 - - [24/Mar/2026 08:18:13] "[36mGET /static/style.css HTTP/1.1[0m" 304 -
2026-03-24 08:18:13,290 - werkzeug - INFO - 127.0.0.1 - - [24/Mar/2026 08:18:13] "GET /api/version HTTP/1.1" 200 -
2026-03-24 08:18:13,310 - werkzeug - INFO - 127.0.0.1 - - [24/Mar/2026 08:18:13] "GET /api/history HTTP/1.1" 200 -
2026-03-24 08:18:13,326 - werkzeug - INFO - 127.0.0.1 - - [24/Mar/2026 08:18:13] "GET /api/archive?q=&tool= HTTP/1.1" 200 -
2026-03-24 08:18:13,386 - werkzeug - INFO - 127.0.0.1 - - [24/Mar/2026 08:18:13] "GET /api/ai/status HTTP/1.1" 200 -
2026-03-24 08:18:34,939 - werkzeug - INFO - 127.0.0.1 - - [24/Mar/2026 08:18:34] "POST /api/username/maigret HTTP/1.1" 200 -
2026-03-24 08:18:35,661 - __main__ - INFO - Loaded Maigret database with 3143 sites
2026-03-24 08:18:43,280 - werkzeug - INFO - 127.0.0.1 - - [24/Mar/2026 08:18:43] "GET /api/history HTTP/1.1" 200 -
2026-03-24 08:18:43,290 - werkzeug - INFO - 127.0.0.1 - - [24/Mar/2026 08:18:43] "GET /api/archive?q=&tool= HTTP/1.1" 200 -
2026-03-24 08:18:53,177 - werkzeug - INFO - 127.0.0.1 - - [24/Mar/2026 08:18:53] "GET /api/history HTTP/1.1" 200 -
2026-03-24 08:18:53,189 - werkzeug - INFO - 127.0.0.1 - - [24/Mar/2026 08:18:53] "GET /api/archive?q=&tool= HTTP/1.1" 200 -
2026-03-24 08:19:13,279 - werkzeug - INFO - 127.0.0.1 - - [24/Mar/2026 08:19:13] "GET /api/history HTTP/1.1" 200 -
2026-03-24 08:19:13,287 - werkzeug - INFO - 127.0.0.1 - - [24/Mar/2026 08:19:13] "GET /api/archive?q=&tool= HTTP/1.1" 200 -
2026-03-24 08:19:16,658 - werkzeug - INFO - 127.0.0.1 - - [24/Mar/2026 08:19:16] "POST /api/username/maigret HTTP/1.1" 200 -
2026-03-24 08:19:43,276 - werkzeug - INFO - 127.0.0.1 - - [24/Mar/2026 08:19:43] "GET /api/history HTTP/1.1" 200 -
2026-03-24 08:19:43,289 - werkzeug - INFO - 127.0.0.1 - - [24/Mar/2026 08:19:43] "GET /api/archive?q=&tool= HTTP/1.1" 200 -
2026-03-24 08:19:49,581 - werkzeug - INFO - 127.0.0.1 - - [24/Mar/2026 08:19:49] "POST /api/username/stream HTTP/1.1" 200 -
2026-03-24 08:19:50,454 - httpx - INFO - HTTP Request: GET https://www.1337x.to/user/muziekantje/ "HTTP/1.1 403 Forbidden"
2026-03-24 08:19:51,105 - httpx - INFO - HTTP Request: GET https://2dimensions.com/a/muziekantje "HTTP/1.1 301 Moved Permanently"
2026-03-24 08:19:51,429 - httpx - INFO - HTTP Request: GET http://rive.app/a/muziekantje "HTTP/1.1 301 Moved Permanently"
2026-03-24 08:19:52,265 - httpx - INFO - HTTP Request: GET https://rive.app/a/muziekantje "HTTP/1.1 404 Not Found"
2026-03-24 08:19:53,598 - httpx - INFO - HTTP Request: GET https://www.7cups.com/@muziekantje "HTTP/1.1 404 Not Found"
2026-03-24 08:19:54,455 - httpx - INFO - HTTP Request: GET https://apclips.com/muziekantje "HTTP/1.1 403 Forbidden"
2026-03-24 08:19:55,303 - httpx - INFO - HTTP Request: GET https://about.me/muziekantje "HTTP/1.1 404 Not Found"
2026-03-24 08:19:58,923 - httpx - INFO - HTTP Request: GET https://independent.academia.edu/muziekantje "HTTP/1.1 404 Not Found"
2026-03-24 08:19:59,645 - httpx - INFO - HTTP Request: GET https://admireme.vip/muziekantje "HTTP/1.1 301 Moved Permanently"
2026-03-24 08:19:59,915 - httpx - INFO - HTTP Request: GET https://admireme.vip/muziekantje/ "HTTP/1.1 404 Not Found"
2026-03-24 08:20:00,920 - httpx - INFO - HTTP Request: GET https://airbit.com/muziekantje "HTTP/1.1 404 Not Found"
2026-03-24 08:20:01,418 - werkzeug - INFO - 127.0.0.1 - - [24/Mar/2026 08:20:01] "GET /api/history HTTP/1.1" 200 -
2026-03-24 08:20:01,433 - werkzeug - INFO - 127.0.0.1 - - [24/Mar/2026 08:20:01] "GET /api/archive?q=&tool= HTTP/1.1" 200 -
2026-03-24 08:20:02,300 - httpx - INFO - HTTP Request: GET https://www.airliners.net/user/muziekantje/profile/photos "HTTP/1.1 404 Not Found"
2026-03-24 08:20:02,885 - httpx - INFO - HTTP Request: GET https://www.allthingsworn.com/profile/muziekantje "HTTP/1.1 403 Forbidden"
2026-03-24 08:20:03,739 - httpx - INFO - HTTP Request: GET https://allmylinks.com/muziekantje "HTTP/1.1 404 Not Found"
2026-03-24 08:20:04,723 - httpx - INFO - HTTP Request: GET https://aniworld.to/user/profil/muziekantje "HTTP/1.1 302 Found"
2026-03-24 08:20:05,026 - httpx - INFO - HTTP Request: GET https://aniworld.to/profil/notFound "HTTP/1.1 200 OK"
2026-03-24 08:20:05,574 - httpx - INFO - HTTP Request: POST https://anilist.co/user/muziekantje/ "HTTP/1.1 200 OK"
2026-03-24 08:20:06,808 - httpx - INFO - HTTP Request: GET https://developer.apple.com/forums/profile/muziekantje "HTTP/1.1 404 Not Found"
2026-03-24 08:20:08,048 - httpx - INFO - HTTP Request: GET https://discussions.apple.com/profile/muziekantje "HTTP/1.1 404 Not Found"
2026-03-24 08:20:08,800 - httpx - INFO - HTTP Request: GET https://www.aparat.com/muziekantje/ "HTTP/1.0 504 Gateway Timeout"
2026-03-24 08:20:09,418 - httpx - INFO - HTTP Request: GET https://archiveofourown.org/users/muziekantje "HTTP/1.1 403 Forbidden"
2026-03-24 08:20:10,245 - httpx - INFO - HTTP Request: GET https://archive.org/details/@muziekantje "HTTP/1.1 200 OK"
2026-03-24 08:20:11,127 - httpx - INFO - HTTP Request: GET https://forum.arduino.cc/u/muziekantje/summary "HTTP/1.1 404 Not Found"
2026-03-24 08:20:11,738 - httpx - INFO - HTTP Request: GET https://www.artstation.com/muziekantje "HTTP/1.1 403 Forbidden"
2026-03-24 08:20:12,745 - httpx - INFO - HTTP Request: GET https://asciinema.org/~muziekantje "HTTP/1.1 404 Not Found"
2026-03-24 08:20:13,274 - werkzeug - INFO - 127.0.0.1 - - [24/Mar/2026 08:20:13] "GET /api/history HTTP/1.1" 200 -
2026-03-24 08:20:13,284 - werkzeug - INFO - 127.0.0.1 - - [24/Mar/2026 08:20:13] "GET /api/archive?q=&tool= HTTP/1.1" 200 -
2026-03-24 08:20:13,567 - httpx - INFO - HTTP Request: GET https://ask.fedoraproject.org/u/muziekantje "HTTP/1.1 301 Moved Permanently"
2026-03-24 08:20:14,431 - httpx - INFO - HTTP Request: GET https://discussion.fedoraproject.org/askfedora/u/muziekantje "HTTP/1.1 404 Not Found"
2026-03-24 08:20:15,512 - httpx - INFO - HTTP Request: GET https://atcoder.jp/users/muziekantje "HTTP/1.1 404 Not Found"
2026-03-24 08:20:16,165 - httpx - INFO - HTTP Request: GET https://vjudge.net/user/muziekantje "HTTP/1.1 404 Not Found"
2026-03-24 08:20:17,152 - httpx - INFO - HTTP Request: GET https://audiojungle.net/user/muziekantje "HTTP/1.1 404 Not Found"
2026-03-24 08:20:18,279 - httpx - INFO - HTTP Request: GET https://www.autofrage.net/nutzer/muziekantje "HTTP/1.1 404 Not Found"
2026-03-24 08:20:19,554 - httpx - INFO - HTTP Request: GET https://www.avizo.cz/muziekantje/ "HTTP/1.1 301 Moved Permanently"
2026-03-24 08:20:20,038 - httpx - INFO - HTTP Request: GET https://www.avizo.cz "HTTP/1.1 200 OK"
2026-03-24 08:20:20,933 - httpx - INFO - HTTP Request: GET https://skillsprofile.skillbuilder.aws/user/muziekantje/ "HTTP/1.1 308 Permanent Redirect"
2026-03-24 08:20:21,448 - httpx - INFO - HTTP Request: GET https://skillsprofile.skillbuilder.aws/user/muziekantje "HTTP/1.1 200 OK"
2026-03-24 08:20:21,949 - httpx - INFO - HTTP Request: GET https://muziekantje.booth.pm/ "HTTP/1.1 403 Forbidden"
2026-03-24 08:20:22,649 - httpx - INFO - HTTP Request: GET https://www.bandcamp.com/muziekantje "HTTP/1.1 301 Moved Permanently"
2026-03-24 08:20:23,422 - httpx - INFO - HTTP Request: GET https://bandcamp.com/muziekantje "HTTP/1.1 404 Not Found"
2026-03-24 08:20:24,851 - httpx - INFO - HTTP Request: GET https://www.bazar.cz/muziekantje/ "HTTP/1.1 302 Found"
2026-03-24 08:20:25,446 - httpx - INFO - HTTP Request: GET https://www.bazar.cz/error404.aspx "HTTP/1.1 404 Not Found"
2026-03-24 08:20:26,428 - httpx - INFO - HTTP Request: GET https://www.behance.net/muziekantje "HTTP/1.1 404 Not Found"
2026-03-24 08:20:27,695 - httpx - INFO - HTTP Request: GET https://bezuzyteczna.pl/uzytkownicy/muziekantje "HTTP/1.1 404 Not Found"
2026-03-24 08:20:28,480 - httpx - INFO - HTTP Request: GET https://www.biggerpockets.com/users/muziekantje "HTTP/1.1 404 Not Found"
2026-03-24 08:20:29,223 - httpx - INFO - HTTP Request: GET https://forum.dangerousthings.com/u/muziekantje "HTTP/1.1 404 Not Found"
2026-03-24 08:20:30,258 - httpx - INFO - HTTP Request: GET https://bitbucket.org/muziekantje/ "HTTP/1.1 404 Not Found"
2026-03-24 08:20:31,222 - httpx - INFO - HTTP Request: GET https://community.bitwarden.com/u/muziekantje/summary "HTTP/1.1 404 Not Found"
2026-03-24 08:20:32,370 - httpx - INFO - HTTP Request: GET https://www.blipfoto.com/muziekantje "HTTP/1.1 404 Not Found"
2026-03-24 08:20:33,289 - httpx - INFO - HTTP Request: GET https://blitztactics.com/muziekantje "HTTP/1.1 404 Not Found"
2026-03-24 08:20:34,051 - httpx - INFO - HTTP Request: GET https://muziekantje.blogspot.com "HTTP/1.1 200 OK"
2026-03-24 08:20:34,883 - httpx - INFO - HTTP Request: GET https://bsky.app/profile/muziekantje.bsky.social "HTTP/1.1 200 OK"
2026-03-24 08:20:35,397 - httpx - INFO - HTTP Request: GET https://pt.bongacams.com/profile/muziekantje "HTTP/1.1 403 Forbidden"
2026-03-24 08:20:36,027 - httpx - INFO - HTTP Request: GET https://www.bookcrossing.com/mybookshelf/muziekantje/ "HTTP/1.1 403 Forbidden"
2026-03-24 08:20:36,526 - httpx - INFO - HTTP Request: GET https://boardgamegeek.com/user/muziekantje "HTTP/1.1 403 Forbidden"
2026-03-24 08:20:37,019 - httpx - INFO - HTTP Request: GET https://community.brave.com/u/muziekantje/ "HTTP/1.1 301 Moved Permanently"
2026-03-24 08:20:37,898 - httpx - INFO - HTTP Request: GET https://community.brave.app/u/muziekantje/ "HTTP/1.1 404 Not Found"
2026-03-24 08:20:38,749 - httpx - INFO - HTTP Request: GET https://bugcrowd.com/muziekantje "HTTP/1.1 404 Not Found"
2026-03-24 08:20:39,448 - httpx - INFO - HTTP Request: GET https://buymeacoff.ee/muziekantje "HTTP/1.1 301 Moved Permanently"
2026-03-24 08:20:40,298 - httpx - INFO - HTTP Request: GET https://buymeacoffee.com/muziekantje "HTTP/1.1 404 Not Found"
2026-03-24 08:20:40,968 - httpx - INFO - HTTP Request: GET https://buzzfeed.com/muziekantje "HTTP/1.1 301 Moved Permanently"
2026-03-24 08:20:41,832 - httpx - INFO - HTTP Request: GET https://www.buzzfeed.com/muziekantje "HTTP/1.1 404 Not Found"
2026-03-24 08:20:42,902 - httpx - INFO - HTTP Request: GET https://forum.cfx.re/u/muziekantje/summary "HTTP/1.1 404 Not Found"
2026-03-24 08:20:43,272 - werkzeug - INFO - 127.0.0.1 - - [24/Mar/2026 08:20:43] "GET /api/history HTTP/1.1" 200 -
2026-03-24 08:20:43,284 - werkzeug - INFO - 127.0.0.1 - - [24/Mar/2026 08:20:43] "GET /api/archive?q=&tool= HTTP/1.1" 200 -
2026-03-24 08:20:43,602 - httpx - INFO - HTTP Request: GET https://www.cgtrader.com/muziekantje "HTTP/1.1 301 Moved Permanently"
2026-03-24 08:20:43,984 - httpx - INFO - HTTP Request: GET https://www.cgtrader.com/designers/muziekantje "HTTP/1.1 301 Moved Permanently"
2026-03-24 08:20:44,386 - httpx - INFO - HTTP Request: GET https://www.cgtrader.com/not_found "HTTP/1.1 404 Not Found"
2026-03-24 08:20:46,025 - httpx - INFO - HTTP Request: GET https://www.cnet.com/profiles/muziekantje/ "HTTP/1.1 404 Not Found"
2026-03-24 08:20:47,356 - httpx - INFO - HTTP Request: GET https://cssbattle.dev/player/muziekantje "HTTP/1.1 200 OK"
2026-03-24 08:20:48,479 - httpx - INFO - HTTP Request: GET https://ctan.org/author/muziekantje "HTTP/1.1 404 404"
2026-03-24 08:20:49,509 - httpx - INFO - HTTP Request: GET https://caddy.community/u/muziekantje/summary "HTTP/1.1 404 Not Found"
2026-03-24 08:20:50,458 - httpx - INFO - HTTP Request: GET https://community.cartalk.com/u/muziekantje/summary "HTTP/1.1 404 Not Found"
2026-03-24 08:20:51,110 - httpx - INFO - HTTP Request: GET https://muziekantje.carbonmade.com "HTTP/1.1 404 Not Found"
2026-03-24 08:20:53,160 - werkzeug - INFO - 127.0.0.1 - - [24/Mar/2026 08:20:53] "GET /api/history HTTP/1.1" 200 -
2026-03-24 08:20:53,165 - werkzeug - INFO - 127.0.0.1 - - [24/Mar/2026 08:20:53] "GET /api/archive?q=&tool= HTTP/1.1" 200 -
2026-03-24 08:20:56,813 - httpx - INFO - HTTP Request: GET https://cash.app/$muziekantje "HTTP/1.1 403 Forbidden"
2026-03-24 08:20:58,038 - httpx - INFO - HTTP Request: GET https://www.championat.com/user/muziekantje "HTTP/1.1 301 Moved Permanently"
2026-03-24 08:20:58,483 - httpx - INFO - HTTP Request: GET https://www.championat.com/user/muziekantje/ "HTTP/1.1 404 Not Found"
2026-03-24 08:20:59,748 - httpx - INFO - HTTP Request: GET https://chaos.social/@muziekantje "HTTP/1.1 404 Not Found"
2026-03-24 08:21:01,154 - httpx - INFO - HTTP Request: GET https://profil.chatujme.cz/muziekantje "HTTP/1.1 404 Not Found"
2026-03-24 08:21:01,754 - httpx - INFO - HTTP Request: GET https://chaturbate.com/muziekantje "HTTP/1.1 403 Forbidden"
2026-03-24 08:21:02,616 - httpx - INFO - HTTP Request: GET https://www.chess.com/member/muziekantje "HTTP/1.1 200 OK"
2026-03-24 08:21:03,637 - httpx - INFO - HTTP Request: GET https://choice.community/u/muziekantje/summary "HTTP/1.1 404 Not Found"
2026-03-24 08:21:04,382 - httpx - INFO - HTTP Request: GET https://clapperapp.com/muziekantje "HTTP/1.1 301 Found"
2026-03-24 08:21:05,413 - httpx - INFO - HTTP Request: GET https://www.clapperapp.com/muziekantje "HTTP/1.1 400 Bad Request"
2026-03-24 08:21:06,112 - httpx - INFO - HTTP Request: GET https://community.cloudflare.com/u/muziekantje "HTTP/1.1 403 Forbidden"
2026-03-24 08:21:07,016 - httpx - INFO - HTTP Request: GET https://www.clozemaster.com/players/muziekantje "HTTP/1.1 302 Found"
2026-03-24 08:21:07,268 - httpx - INFO - HTTP Request: GET https://www.clozemaster.com/dashboard "HTTP/1.1 200 OK"
2026-03-24 08:21:08,349 - httpx - INFO - HTTP Request: GET https://www.clubhouse.com/@muziekantje "HTTP/1.1 404 Not Found"
2026-03-24 08:21:08,997 - httpx - INFO - HTTP Request: GET https://codesnippets.fandom.com/wiki/User:muziekantje "HTTP/1.1 403 Forbidden"
2026-03-24 08:21:10,093 - httpx - INFO - HTTP Request: GET https://codeberg.org/muziekantje "HTTP/1.1 404 Not Found"
2026-03-24 08:21:10,913 - httpx - INFO - HTTP Request: GET https://www.codecademy.com/profiles/muziekantje "HTTP/1.1 200 OK"
2026-03-24 08:21:11,788 - httpx - INFO - HTTP Request: GET https://www.codechef.com/users/muziekantje "HTTP/1.1 302 Found"
2026-03-24 08:21:12,110 - httpx - INFO - HTTP Request: GET https://www.codechef.com/ "HTTP/1.1 200 OK"
2026-03-24 08:21:12,630 - httpx - INFO - HTTP Request: GET https://codeforces.com/profile/muziekantje "HTTP/1.1 403 Forbidden"
2026-03-24 08:21:13,245 - httpx - INFO - HTTP Request: GET https://codepen.io/muziekantje "HTTP/1.1 403 Forbidden"
2026-03-24 08:21:13,274 - werkzeug - INFO - 127.0.0.1 - - [24/Mar/2026 08:21:13] "GET /api/history HTTP/1.1" 200 -
2026-03-24 08:21:13,279 - werkzeug - INFO - 127.0.0.1 - - [24/Mar/2026 08:21:13] "GET /api/archive?q=&tool= HTTP/1.1" 200 -
2026-03-24 08:21:14,520 - httpx - INFO - HTTP Request: GET https://profile.codersrank.io/user/muziekantje/ "HTTP/1.1 200 OK"
2026-03-24 08:21:15,485 - httpx - INFO - HTTP Request: GET https://coderwall.com/muziekantje "HTTP/1.1 404 Not Found"
2026-03-24 08:21:16,236 - httpx - INFO - HTTP Request: GET https://codesandbox.io/u/muziekantje "HTTP/1.1 200 OK"
2026-03-24 08:21:16,951 - httpx - INFO - HTTP Request: GET https://www.codewars.com/users/muziekantje "HTTP/1.1 404 Not Found"
2026-03-24 08:21:17,972 - httpx - INFO - HTTP Request: GET https://codolio.com/profile/muziekantje "HTTP/1.1 200 OK"
2026-03-24 08:21:18,725 - httpx - INFO - HTTP Request: GET https://coinvote.cc/profile/muziekantje "HTTP/1.1 410 Gone"
2026-03-24 08:21:19,369 - httpx - INFO - HTTP Request: GET https://www.colourlovers.com/lover/muziekantje "HTTP/1.1 403 Forbidden"
2026-03-24 08:21:20,119 - httpx - INFO - HTTP Request: GET https://muziekantje.contently.com/ "HTTP/1.1 302 Found"
2026-03-24 08:21:21,971 - httpx - INFO - HTTP Request: GET https://contently.com/ "HTTP/1.1 200 OK"
2026-03-24 08:21:22,678 - httpx - INFO - HTTP Request: GET https://www.coroflot.com/muziekantje "HTTP/1.1 404 Not Found"
2026-03-24 08:21:23,396 - httpx - INFO - HTTP Request: GET https://cplusplus.com/user/muziekantje "HTTP/1.1 302 Found"
2026-03-24 08:21:25,143 - httpx - INFO - HTTP Request: GET https://cplusplus.com/user/muziekantje/ "HTTP/1.1 200 OK"
2026-03-24 08:21:25,983 - httpx - INFO - HTTP Request: GET https://www.cracked.com/members/muziekantje/ "HTTP/1.1 301 Moved Permanently"
2026-03-24 08:21:26,394 - httpx - INFO - HTTP Request: GET http://test-pools-04.cracked.com/members/muziekantje "HTTP/1.1 301 Moved Permanently"
2026-03-24 08:21:26,985 - httpx - INFO - HTTP Request: GET https://www.cracked.com/members/muziekantje "HTTP/1.1 302 Moved Temporarily"
2026-03-24 08:21:27,499 - httpx - INFO - HTTP Request: GET https://www.cracked.com/ "HTTP/1.1 200 OK"
2026-03-24 08:21:28,703 - httpx - INFO - HTTP Request: GET https://cracked.sh/muziekantje "HTTP/1.1 404 Not Found"
2026-03-24 08:21:29,573 - httpx - INFO - HTTP Request: GET https://www.credly.com/users/muziekantje "HTTP/1.1 404 Not Found"
2026-03-24 08:21:30,480 - httpx - INFO - HTTP Request: GET https://muziekantje.crevado.com "HTTP/1.1 404 Not Found"
2026-03-24 08:21:31,360 - httpx - INFO - HTTP Request: GET https://crowdin.com/profile/muziekantje "HTTP/1.1 404 Not Found"
2026-03-24 08:21:32,512 - httpx - INFO - HTTP Request: GET https://cryptohack.org/user/muziekantje/ "HTTP/1.1 302 FOUND"
2026-03-24 08:21:32,829 - httpx - INFO - HTTP Request: GET https://cryptohack.org/ "HTTP/1.1 200 OK"
2026-03-24 08:21:33,744 - httpx - INFO - HTTP Request: GET https://community.cryptomator.org/u/muziekantje "HTTP/1.1 404 Not Found"
2026-03-24 08:21:34,764 - httpx - INFO - HTTP Request: GET https://cults3d.com/en/users/muziekantje/creations "HTTP/1.1 404 Not Found"
2026-03-24 08:21:35,631 - httpx - INFO - HTTP Request: GET https://cyberdefenders.org/p/muziekantje "HTTP/1.1 301 Moved Permanently"
2026-03-24 08:21:36,054 - httpx - INFO - HTTP Request: GET https://cyberdefenders.org/p/muziekantje/ "HTTP/1.1 404 Not Found"
2026-03-24 08:21:36,941 - httpx - INFO - HTTP Request: GET https://dev.to/muziekantje "HTTP/1.1 404 Not Found"
2026-03-24 08:21:37,623 - httpx - INFO - HTTP Request: GET https://dmoj.ca/user/muziekantje "HTTP/1.1 404 Not Found"
2026-03-24 08:21:38,759 - httpx - INFO - HTTP Request: GET https://www.dailymotion.com/muziekantje "HTTP/1.1 200 OK"
2026-03-24 08:21:40,469 - httpx - INFO - HTTP Request: GET https://gallog.dcinside.com/muziekantje "HTTP/1.1 404 Not Found"
2026-03-24 08:21:41,219 - httpx - INFO - HTTP Request: GET https://www.dealabs.com/profile/muziekantje "HTTP/1.1 410 Gone"
2026-03-24 08:21:43,275 - werkzeug - INFO - 127.0.0.1 - - [24/Mar/2026 08:21:43] "GET /api/archive?q=&tool= HTTP/1.1" 200 -
2026-03-24 08:21:43,277 - werkzeug - INFO - 127.0.0.1 - - [24/Mar/2026 08:21:43] "GET /api/history HTTP/1.1" 200 -
2026-03-24 08:22:03,162 - werkzeug - INFO - 127.0.0.1 - - [24/Mar/2026 08:22:03] "GET /api/history HTTP/1.1" 200 -
2026-03-24 08:22:03,167 - werkzeug - INFO - 127.0.0.1 - - [24/Mar/2026 08:22:03] "GET /api/archive?q=&tool= HTTP/1.1" 200 -
2026-03-24 08:22:13,270 - werkzeug - INFO - 127.0.0.1 - - [24/Mar/2026 08:22:13] "GET /api/history HTTP/1.1" 200 -
2026-03-24 08:22:13,277 - werkzeug - INFO - 127.0.0.1 - - [24/Mar/2026 08:22:13] "GET /api/archive?q=&tool= HTTP/1.1" 200 -
2026-03-24 08:22:43,270 - werkzeug - INFO - 127.0.0.1 - - [24/Mar/2026 08:22:43] "GET /api/history HTTP/1.1" 200 -
2026-03-24 08:22:43,279 - werkzeug - INFO - 127.0.0.1 - - [24/Mar/2026 08:22:43] "GET /api/archive?q=&tool= HTTP/1.1" 200 -
2026-03-24 08:22:53,159 - werkzeug - INFO - 127.0.0.1 - - [24/Mar/2026 08:22:53] "GET /api/history HTTP/1.1" 200 -
2026-03-24 08:22:53,165 - werkzeug - INFO - 127.0.0.1 - - [24/Mar/2026 08:22:53] "GET /api/archive?q=&tool= HTTP/1.1" 200 -
2026-03-24 08:23:13,267 - werkzeug - INFO - 127.0.0.1 - - [24/Mar/2026 08:23:13] "GET /api/history HTTP/1.1" 200 -
2026-03-24 08:23:13,275 - werkzeug - INFO - 127.0.0.1 - - [24/Mar/2026 08:23:13] "GET /api/archive?q=&tool= HTTP/1.1" 200 -
2026-03-24 08:23:18,118 - werkzeug - INFO - 127.0.0.1 - - [24/Mar/2026 08:23:18] "POST /api/username/maigret HTTP/1.1" 200 -
2026-03-24 08:23:43,360 - werkzeug - INFO - 127.0.0.1 - - [24/Mar/2026 08:23:43] "GET /api/history HTTP/1.1" 200 -
2026-03-24 08:23:43,368 - werkzeug - INFO - 127.0.0.1 - - [24/Mar/2026 08:23:43] "GET /api/archive?q=&tool= HTTP/1.1" 200 -
2026-03-24 08:23:53,361 - werkzeug - INFO - 127.0.0.1 - - [24/Mar/2026 08:23:53] "GET /api/history HTTP/1.1" 200 -
2026-03-24 08:23:53,367 - werkzeug - INFO - 127.0.0.1 - - [24/Mar/2026 08:23:53] "GET /api/archive?q=&tool= HTTP/1.1" 200 -
2026-03-24 08:24:13,365 - werkzeug - INFO - 127.0.0.1 - - [24/Mar/2026 08:24:13] "GET /api/history HTTP/1.1" 200 -
2026-03-24 08:24:13,381 - werkzeug - INFO - 127.0.0.1 - - [24/Mar/2026 08:24:13] "GET /api/archive?q=&tool= HTTP/1.1" 200 -
2026-03-24 08:24:43,363 - werkzeug - INFO - 127.0.0.1 - - [24/Mar/2026 08:24:43] "GET /api/history HTTP/1.1" 200 -
2026-03-24 08:24:43,371 - werkzeug - INFO - 127.0.0.1 - - [24/Mar/2026 08:24:43] "GET /api/archive?q=&tool= HTTP/1.1" 200 -
2026-03-24 08:25:00,073 - werkzeug - INFO - 127.0.0.1 - - [24/Mar/2026 08:25:00] "GET /api/history HTTP/1.1" 200 -
2026-03-24 08:25:00,080 - werkzeug - INFO - 127.0.0.1 - - [24/Mar/2026 08:25:00] "GET /api/archive?q=&tool= HTTP/1.1" 200 -
2026-03-24 08:25:13,363 - werkzeug - INFO - 127.0.0.1 - - [24/Mar/2026 08:25:13] "GET /api/history HTTP/1.1" 200 -
2026-03-24 08:25:13,377 - werkzeug - INFO - 127.0.0.1 - - [24/Mar/2026 08:25:13] "GET /api/archive?q=&tool= HTTP/1.1" 200 -
2026-03-24 08:25:43,362 - werkzeug - INFO - 127.0.0.1 - - [24/Mar/2026 08:25:43] "GET /api/history HTTP/1.1" 200 -
2026-03-24 08:25:43,370 - werkzeug - INFO - 127.0.0.1 - - [24/Mar/2026 08:25:43] "GET /api/archive?q=&tool= HTTP/1.1" 200 -
2026-03-24 08:25:56,260 - werkzeug - INFO - 127.0.0.1 - - [24/Mar/2026 08:25:56] "GET /api/history HTTP/1.1" 200 -
2026-03-24 08:25:56,270 - werkzeug - INFO - 127.0.0.1 - - [24/Mar/2026 08:25:56] "GET /api/archive?q=&tool= HTTP/1.1" 200 -
2026-03-24 08:26:13,360 - werkzeug - INFO - 127.0.0.1 - - [24/Mar/2026 08:26:13] "GET /api/history HTTP/1.1" 200 -
2026-03-24 08:26:13,366 - werkzeug - INFO - 127.0.0.1 - - [24/Mar/2026 08:26:13] "GET /api/archive?q=&tool= HTTP/1.1" 200 -
2026-03-24 08:26:43,360 - werkzeug - INFO - 127.0.0.1 - - [24/Mar/2026 08:26:43] "GET /api/history HTTP/1.1" 200 -
2026-03-24 08:26:43,365 - werkzeug - INFO - 127.0.0.1 - - [24/Mar/2026 08:26:43] "GET /api/archive?q=&tool= HTTP/1.1" 200 -
2026-03-24 08:26:53,245 - werkzeug - INFO - 127.0.0.1 - - [24/Mar/2026 08:26:53] "GET /api/history HTTP/1.1" 200 -
2026-03-24 08:26:53,255 - werkzeug - INFO - 127.0.0.1 - - [24/Mar/2026 08:26:53] "GET /api/archive?q=&tool= HTTP/1.1" 200 -
2026-03-24 08:27:13,356 - werkzeug - INFO - 127.0.0.1 - - [24/Mar/2026 08:27:13] "GET /api/history HTTP/1.1" 200 -
2026-03-24 08:27:13,367 - werkzeug - INFO - 127.0.0.1 - - [24/Mar/2026 08:27:13] "GET /api/archive?q=&tool= HTTP/1.1" 200 -
2026-03-24 08:27:29,657 - app - INFO - Loaded Maigret database with 3143 sites
2026-03-24 08:27:43,355 - werkzeug - INFO - 127.0.0.1 - - [24/Mar/2026 08:27:43] "GET /api/archive?q=&tool= HTTP/1.1" 200 -
2026-03-24 08:27:43,359 - werkzeug - INFO - 127.0.0.1 - - [24/Mar/2026 08:27:43] "GET /api/history HTTP/1.1" 200 -
2026-03-24 08:27:53,256 - werkzeug - INFO - 127.0.0.1 - - [24/Mar/2026 08:27:53] "GET /api/history HTTP/1.1" 200 -
2026-03-24 08:27:53,262 - werkzeug - INFO - 127.0.0.1 - - [24/Mar/2026 08:27:53] "GET /api/archive?q=&tool= HTTP/1.1" 200 -
2026-03-24 08:28:13,351 - werkzeug - INFO - 127.0.0.1 - - [24/Mar/2026 08:28:13] "GET /api/history HTTP/1.1" 200 -
2026-03-24 08:28:13,359 - werkzeug - INFO - 127.0.0.1 - - [24/Mar/2026 08:28:13] "GET /api/archive?q=&tool= HTTP/1.1" 200 -
2026-03-24 08:28:43,357 - werkzeug - INFO - 127.0.0.1 - - [24/Mar/2026 08:28:43] "GET /api/history HTTP/1.1" 200 -
2026-03-24 08:28:43,370 - werkzeug - INFO - 127.0.0.1 - - [24/Mar/2026 08:28:43] "GET /api/archive?q=&tool= HTTP/1.1" 200 -
2026-03-24 08:29:03,363 - werkzeug - INFO - 127.0.0.1 - - [24/Mar/2026 08:29:03] "GET /api/history HTTP/1.1" 200 -
2026-03-24 08:29:03,371 - werkzeug - INFO - 127.0.0.1 - - [24/Mar/2026 08:29:03] "GET /api/archive?q=&tool= HTTP/1.1" 200 -
2026-03-24 08:29:13,352 - werkzeug - INFO - 127.0.0.1 - - [24/Mar/2026 08:29:13] "GET /api/history HTTP/1.1" 200 -
2026-03-24 08:29:13,360 - werkzeug - INFO - 127.0.0.1 - - [24/Mar/2026 08:29:13] "GET /api/archive?q=&tool= HTTP/1.1" 200 -
2026-03-24 08:29:38,382 - werkzeug - INFO - 127.0.0.1 - - [24/Mar/2026 08:29:38] "POST /api/username/maigret HTTP/1.1" 200 -
2026-03-24 08:29:43,353 - werkzeug - INFO - 127.0.0.1 - - [24/Mar/2026 08:29:43] "GET /api/history HTTP/1.1" 200 -
2026-03-24 08:29:43,364 - werkzeug - INFO - 127.0.0.1 - - [24/Mar/2026 08:29:43] "GET /api/archive?q=&tool= HTTP/1.1" 200 -
2026-03-24 08:29:58,815 - werkzeug - INFO - 127.0.0.1 - - [24/Mar/2026 08:29:58] "POST /api/username/maigret HTTP/1.1" 200 -
2026-03-24 08:30:01,112 - werkzeug - INFO - 127.0.0.1 - - [24/Mar/2026 08:30:01] "GET /api/history HTTP/1.1" 200 -
2026-03-24 08:30:01,117 - werkzeug - INFO - 127.0.0.1 - - [24/Mar/2026 08:30:01] "GET /api/archive?q=&tool= HTTP/1.1" 200 -
2026-03-24 08:30:13,350 - werkzeug - INFO - 127.0.0.1 - - [24/Mar/2026 08:30:13] "GET /api/history HTTP/1.1" 200 -
2026-03-24 08:30:13,360 - werkzeug - INFO - 127.0.0.1 - - [24/Mar/2026 08:30:13] "GET /api/archive?q=&tool= HTTP/1.1" 200 -
2026-03-24 08:30:20,610 - werkzeug - INFO - 127.0.0.1 - - [24/Mar/2026 08:30:20] "POST /api/username/maigret HTTP/1.1" 200 -
2026-03-24 08:30:43,353 - werkzeug - INFO - 127.0.0.1 - - [24/Mar/2026 08:30:43] "GET /api/history HTTP/1.1" 200 -
2026-03-24 08:30:43,358 - werkzeug - INFO - 127.0.0.1 - - [24/Mar/2026 08:30:43] "GET /api/archive?q=&tool= HTTP/1.1" 200 -
2026-03-24 08:30:56,002 - werkzeug - INFO - 127.0.0.1 - - [24/Mar/2026 08:30:56] "GET /api/history HTTP/1.1" 200 -
2026-03-24 08:30:56,011 - werkzeug - INFO - 127.0.0.1 - - [24/Mar/2026 08:30:56] "GET /api/archive?q=&tool= HTTP/1.1" 200 -
2026-03-24 08:31:13,353 - werkzeug - INFO - 127.0.0.1 - - [24/Mar/2026 08:31:13] "GET /api/history HTTP/1.1" 200 -
2026-03-24 08:31:13,364 - werkzeug - INFO - 127.0.0.1 - - [24/Mar/2026 08:31:13] "GET /api/archive?q=&tool= HTTP/1.1" 200 -
2026-03-24 08:31:13,692 - werkzeug - INFO - 127.0.0.1 - - [24/Mar/2026 08:31:13] "POST /api/username/maigret HTTP/1.1" 200 -
2026-03-24 08:31:43,350 - werkzeug - INFO - 127.0.0.1 - - [24/Mar/2026 08:31:43] "GET /api/history HTTP/1.1" 200 -
2026-03-24 08:31:43,362 - werkzeug - INFO - 127.0.0.1 - - [24/Mar/2026 08:31:43] "GET /api/archive?q=&tool= HTTP/1.1" 200 -
2026-03-24 08:32:01,806 - werkzeug - INFO - 127.0.0.1 - - [24/Mar/2026 08:32:01] "GET /api/history HTTP/1.1" 200 -
2026-03-24 08:32:01,814 - werkzeug - INFO - 127.0.0.1 - - [24/Mar/2026 08:32:01] "GET /api/archive?q=&tool= HTTP/1.1" 200 -
2026-03-24 08:32:07,541 - werkzeug - INFO - 127.0.0.1 - - [24/Mar/2026 08:32:07] "POST /api/username/maigret HTTP/1.1" 200 -
2026-03-24 08:32:13,349 - werkzeug - INFO - 127.0.0.1 - - [24/Mar/2026 08:32:13] "GET /api/archive?q=&tool= HTTP/1.1" 200 -
2026-03-24 08:32:13,352 - werkzeug - INFO - 127.0.0.1 - - [24/Mar/2026 08:32:13] "GET /api/history HTTP/1.1" 200 -
2026-03-24 08:32:38,387 - werkzeug - INFO - [31m[1mWARNING: This is a development server. Do not use it in a production deployment. Use a production WSGI server instead.[0m
 * Running on all addresses (0.0.0.0)
 * Running on http://127.0.0.1:5000
 * Running on http://10.2.0.2:5000
2026-03-24 08:32:38,388 - werkzeug - INFO - [33mPress CTRL+C to quit[0m
2026-03-24 08:32:42,290 - werkzeug - INFO - 127.0.0.1 - - [24/Mar/2026 08:32:42] "POST /api/username/maigret HTTP/1.1" 200 -
2026-03-24 08:32:43,291 - __main__ - INFO - Loaded Maigret database with 3143 sites
2026-03-24 08:32:43,393 - werkzeug - INFO - 127.0.0.1 - - [24/Mar/2026 08:32:43] "GET /api/history HTTP/1.1" 200 -
2026-03-24 08:32:43,405 - werkzeug - INFO - 127.0.0.1 - - [24/Mar/2026 08:32:43] "GET /api/archive?q=&tool= HTTP/1.1" 200 -
2026-03-24 08:32:44,477 - maigret_stream - INFO - Got queue status: complete
2026-03-24 08:32:53,255 - werkzeug - INFO - 127.0.0.1 - - [24/Mar/2026 08:32:53] "GET /api/history HTTP/1.1" 200 -
2026-03-24 08:32:53,263 - werkzeug - INFO - 127.0.0.1 - - [24/Mar/2026 08:32:53] "GET /api/archive?q=&tool= HTTP/1.1" 200 -
2026-03-24 08:33:13,347 - werkzeug - INFO - 127.0.0.1 - - [24/Mar/2026 08:33:13] "GET /api/history HTTP/1.1" 200 -
2026-03-24 08:33:13,352 - werkzeug - INFO - 127.0.0.1 - - [24/Mar/2026 08:33:13] "GET /api/archive?q=&tool= HTTP/1.1" 200 -
2026-03-24 08:33:43,345 - werkzeug - INFO - 127.0.0.1 - - [24/Mar/2026 08:33:43] "GET /api/history HTTP/1.1" 200 -
2026-03-24 08:33:43,352 - werkzeug - INFO - 127.0.0.1 - - [24/Mar/2026 08:33:43] "GET /api/archive?q=&tool= HTTP/1.1" 200 -
2026-03-24 08:33:53,267 - werkzeug - INFO - 127.0.0.1 - - [24/Mar/2026 08:33:53] "GET /api/history HTTP/1.1" 200 -
2026-03-24 08:33:53,274 - werkzeug - INFO - 127.0.0.1 - - [24/Mar/2026 08:33:53] "GET /api/archive?q=&tool= HTTP/1.1" 200 -
2026-03-24 08:33:57,711 - werkzeug - INFO - 127.0.0.1 - - [24/Mar/2026 08:33:57] "POST /api/username/maigret HTTP/1.1" 200 -
2026-03-24 08:33:59,575 - maigret_stream - INFO - Got queue status: complete
2026-03-24 08:34:13,346 - werkzeug - INFO - 127.0.0.1 - - [24/Mar/2026 08:34:13] "GET /api/history HTTP/1.1" 200 -
2026-03-24 08:34:13,359 - werkzeug - INFO - 127.0.0.1 - - [24/Mar/2026 08:34:13] "GET /api/archive?q=&tool= HTTP/1.1" 200 -
2026-03-24 08:34:43,352 - werkzeug - INFO - 127.0.0.1 - - [24/Mar/2026 08:34:43] "GET /api/history HTTP/1.1" 200 -
2026-03-24 08:34:43,356 - werkzeug - INFO - 127.0.0.1 - - [24/Mar/2026 08:34:43] "GET /api/archive?q=&tool= HTTP/1.1" 200 -
2026-03-24 08:34:53,305 - werkzeug - INFO - 127.0.0.1 - - [24/Mar/2026 08:34:53] "GET /api/history HTTP/1.1" 200 -
2026-03-24 08:34:53,311 - werkzeug - INFO - 127.0.0.1 - - [24/Mar/2026 08:34:53] "GET /api/archive?q=&tool= HTTP/1.1" 200 -
2026-03-24 08:35:13,339 - werkzeug - INFO - 127.0.0.1 - - [24/Mar/2026 08:35:13] "GET /api/history HTTP/1.1" 200 -
2026-03-24 08:35:13,343 - werkzeug - INFO - 127.0.0.1 - - [24/Mar/2026 08:35:13] "GET /api/archive?q=&tool= HTTP/1.1" 200 -
2026-03-24 08:35:43,346 - werkzeug - INFO - 127.0.0.1 - - [24/Mar/2026 08:35:43] "GET /api/history HTTP/1.1" 200 -
2026-03-24 08:35:43,355 - werkzeug - INFO - 127.0.0.1 - - [24/Mar/2026 08:35:43] "GET /api/archive?q=&tool= HTTP/1.1" 200 -
2026-03-24 08:35:53,248 - werkzeug - INFO - 127.0.0.1 - - [24/Mar/2026 08:35:53] "GET /api/history HTTP/1.1" 200 -
2026-03-24 08:35:53,254 - werkzeug - INFO - 127.0.0.1 - - [24/Mar/2026 08:35:53] "GET /api/archive?q=&tool= HTTP/1.1" 200 -
2026-03-24 08:36:13,341 - werkzeug - INFO - 127.0.0.1 - - [24/Mar/2026 08:36:13] "GET /api/history HTTP/1.1" 200 -
2026-03-24 08:36:13,344 - werkzeug - INFO - 127.0.0.1 - - [24/Mar/2026 08:36:13] "GET /api/archive?q=&tool= HTTP/1.1" 200 -
2026-03-24 08:36:43,342 - werkzeug - INFO - 127.0.0.1 - - [24/Mar/2026 08:36:43] "GET /api/history HTTP/1.1" 200 -
2026-03-24 08:36:43,350 - werkzeug - INFO - 127.0.0.1 - - [24/Mar/2026 08:36:43] "GET /api/archive?q=&tool= HTTP/1.1" 200 -
2026-03-24 08:36:55,996 - werkzeug - INFO - 127.0.0.1 - - [24/Mar/2026 08:36:55] "GET /api/history HTTP/1.1" 200 -
2026-03-24 08:36:55,998 - werkzeug - INFO - 127.0.0.1 - - [24/Mar/2026 08:36:55] "GET /api/archive?q=&tool= HTTP/1.1" 200 -
2026-03-24 08:37:13,344 - werkzeug - INFO - 127.0.0.1 - - [24/Mar/2026 08:37:13] "GET /api/history HTTP/1.1" 200 -
2026-03-24 08:37:13,351 - werkzeug - INFO - 127.0.0.1 - - [24/Mar/2026 08:37:13] "GET /api/archive?q=&tool= HTTP/1.1" 200 -
2026-03-24 08:37:43,344 - werkzeug - INFO - 127.0.0.1 - - [24/Mar/2026 08:37:43] "GET /api/history HTTP/1.1" 200 -
2026-03-24 08:37:43,352 - werkzeug - INFO - 127.0.0.1 - - [24/Mar/2026 08:37:43] "GET /api/archive?q=&tool= HTTP/1.1" 200 -
2026-03-24 08:37:58,246 - werkzeug - INFO - 127.0.0.1 - - [24/Mar/2026 08:37:58] "GET /api/history HTTP/1.1" 200 -
2026-03-24 08:37:58,253 - werkzeug - INFO - 127.0.0.1 - - [24/Mar/2026 08:37:58] "GET /api/archive?q=&tool= HTTP/1.1" 200 -
2026-03-24 08:38:13,342 - werkzeug - INFO - 127.0.0.1 - - [24/Mar/2026 08:38:13] "GET /api/history HTTP/1.1" 200 -
2026-03-24 08:38:13,346 - werkzeug - INFO - 127.0.0.1 - - [24/Mar/2026 08:38:13] "GET /api/archive?q=&tool= HTTP/1.1" 200 -
2026-03-24 08:38:43,338 - werkzeug - INFO - 127.0.0.1 - - [24/Mar/2026 08:38:43] "GET /api/history HTTP/1.1" 200 -
2026-03-24 08:38:43,342 - werkzeug - INFO - 127.0.0.1 - - [24/Mar/2026 08:38:43] "GET /api/archive?q=&tool= HTTP/1.1" 200 -
2026-03-24 08:39:05,613 - werkzeug - INFO - 127.0.0.1 - - [24/Mar/2026 08:39:05] "GET /api/history HTTP/1.1" 200 -
2026-03-24 08:39:05,619 - werkzeug - INFO - 127.0.0.1 - - [24/Mar/2026 08:39:05] "GET /api/archive?q=&tool= HTTP/1.1" 200 -
2026-03-24 08:39:13,361 - werkzeug - INFO - 127.0.0.1 - - [24/Mar/2026 08:39:13] "GET /api/history HTTP/1.1" 200 -
2026-03-24 08:39:13,370 - werkzeug - INFO - 127.0.0.1 - - [24/Mar/2026 08:39:13] "GET /api/archive?q=&tool= HTTP/1.1" 200 -
2026-03-24 08:39:43,375 - werkzeug - INFO - 127.0.0.1 - - [24/Mar/2026 08:39:43] "GET /api/archive?q=&tool= HTTP/1.1" 200 -
2026-03-24 08:39:43,377 - werkzeug - INFO - 127.0.0.1 - - [24/Mar/2026 08:39:43] "GET /api/history HTTP/1.1" 200 -
2026-03-24 08:40:06,271 - werkzeug - INFO - 127.0.0.1 - - [24/Mar/2026 08:40:06] "GET /api/archive?q=&tool= HTTP/1.1" 200 -
2026-03-24 08:40:06,274 - werkzeug - INFO - 127.0.0.1 - - [24/Mar/2026 08:40:06] "GET /api/history HTTP/1.1" 200 -
2026-03-24 08:40:13,375 - werkzeug - INFO - 127.0.0.1 - - [24/Mar/2026 08:40:13] "GET /api/archive?q=&tool= HTTP/1.1" 200 -
2026-03-24 08:40:13,378 - werkzeug - INFO - 127.0.0.1 - - [24/Mar/2026 08:40:13] "GET /api/history HTTP/1.1" 200 -
2026-03-24 08:40:43,372 - werkzeug - INFO - 127.0.0.1 - - [24/Mar/2026 08:40:43] "GET /api/history HTTP/1.1" 200 -
2026-03-24 08:40:43,380 - werkzeug - INFO - 127.0.0.1 - - [24/Mar/2026 08:40:43] "GET /api/archive?q=&tool= HTTP/1.1" 200 -
2026-03-24 08:41:00,262 - werkzeug - INFO - 127.0.0.1 - - [24/Mar/2026 08:41:00] "GET /api/history HTTP/1.1" 200 -
2026-03-24 08:41:00,267 - werkzeug - INFO - 127.0.0.1 - - [24/Mar/2026 08:41:00] "GET /api/archive?q=&tool= HTTP/1.1" 200 -
2026-03-24 08:41:13,370 - werkzeug - INFO - 127.0.0.1 - - [24/Mar/2026 08:41:13] "GET /api/history HTTP/1.1" 200 -
2026-03-24 08:41:13,377 - werkzeug - INFO - 127.0.0.1 - - [24/Mar/2026 08:41:13] "GET /api/archive?q=&tool= HTTP/1.1" 200 -
2026-03-24 08:41:43,370 - werkzeug - INFO - 127.0.0.1 - - [24/Mar/2026 08:41:43] "GET /api/history HTTP/1.1" 200 -
2026-03-24 08:41:43,373 - werkzeug - INFO - 127.0.0.1 - - [24/Mar/2026 08:41:43] "GET /api/archive?q=&tool= HTTP/1.1" 200 -
2026-03-24 08:42:00,266 - werkzeug - INFO - 127.0.0.1 - - [24/Mar/2026 08:42:00] "GET /api/history HTTP/1.1" 200 -
2026-03-24 08:42:00,274 - werkzeug - INFO - 127.0.0.1 - - [24/Mar/2026 08:42:00] "GET /api/archive?q=&tool= HTTP/1.1" 200 -
2026-03-24 08:42:13,370 - werkzeug - INFO - 127.0.0.1 - - [24/Mar/2026 08:42:13] "GET /api/history HTTP/1.1" 200 -
2026-03-24 08:42:13,378 - werkzeug - INFO - 127.0.0.1 - - [24/Mar/2026 08:42:13] "GET /api/archive?q=&tool= HTTP/1.1" 200 -
2026-03-24 08:42:43,367 - werkzeug - INFO - 127.0.0.1 - - [24/Mar/2026 08:42:43] "GET /api/history HTTP/1.1" 200 -
2026-03-24 08:42:43,373 - werkzeug - INFO - 127.0.0.1 - - [24/Mar/2026 08:42:43] "GET /api/archive?q=&tool= HTTP/1.1" 200 -
2026-03-24 08:43:01,255 - werkzeug - INFO - 127.0.0.1 - - [24/Mar/2026 08:43:01] "GET /api/history HTTP/1.1" 200 -
2026-03-24 08:43:01,260 - werkzeug - INFO - 127.0.0.1 - - [24/Mar/2026 08:43:01] "GET /api/archive?q=&tool= HTTP/1.1" 200 -
2026-03-24 08:43:20,081 - werkzeug - INFO - 127.0.0.1 - - [24/Mar/2026 08:43:20] "GET /api/history HTTP/1.1" 200 -
2026-03-24 08:43:20,089 - werkzeug - INFO - 127.0.0.1 - - [24/Mar/2026 08:43:20] "GET /api/archive?q=&tool= HTTP/1.1" 200 -
2026-03-24 08:56:30,769 - werkzeug - INFO - 127.0.0.1 - - [24/Mar/2026 08:56:30] "GET /api/history HTTP/1.1" 200 -
2026-03-24 08:56:30,777 - werkzeug - INFO - 127.0.0.1 - - [24/Mar/2026 08:56:30] "GET /api/archive?q=&tool= HTTP/1.1" 200 -
2026-03-24 08:56:40,690 - werkzeug - INFO - 127.0.0.1 - - [24/Mar/2026 08:56:40] "GET /api/history HTTP/1.1" 200 -
2026-03-24 08:56:40,700 - werkzeug - INFO - 127.0.0.1 - - [24/Mar/2026 08:56:40] "GET /api/archive?q=&tool= HTTP/1.1" 200 -
2026-03-24 08:57:00,754 - werkzeug - INFO - 127.0.0.1 - - [24/Mar/2026 08:57:00] "GET /api/history HTTP/1.1" 200 -
2026-03-24 08:57:00,757 - werkzeug - INFO - 127.0.0.1 - - [24/Mar/2026 08:57:00] "GET /api/archive?q=&tool= HTTP/1.1" 200 -
2026-03-24 08:57:30,755 - werkzeug - INFO - 127.0.0.1 - - [24/Mar/2026 08:57:30] "GET /api/history HTTP/1.1" 200 -
2026-03-24 08:57:30,763 - werkzeug - INFO - 127.0.0.1 - - [24/Mar/2026 08:57:30] "GET /api/archive?q=&tool= HTTP/1.1" 200 -
2026-03-24 08:57:50,720 - werkzeug - INFO - 127.0.0.1 - - [24/Mar/2026 08:57:50] "GET /api/history HTTP/1.1" 200 -
2026-03-24 08:57:50,728 - werkzeug - INFO - 127.0.0.1 - - [24/Mar/2026 08:57:50] "GET /api/archive?q=&tool= HTTP/1.1" 200 -
2026-03-24 08:57:52,171 - werkzeug - INFO - 127.0.0.1 - - [24/Mar/2026 08:57:52] "POST /api/system/restart HTTP/1.1" 200 -
2026-03-24 08:58:00,766 - werkzeug - INFO - [31m[1mWARNING: This is a development server. Do not use it in a production deployment. Use a production WSGI server instead.[0m
 * Running on all addresses (0.0.0.0)
 * Running on http://127.0.0.1:5000
 * Running on http://10.2.0.2:5000
2026-03-24 08:58:00,767 - werkzeug - INFO - [33mPress CTRL+C to quit[0m
2026-03-24 08:58:00,825 - werkzeug - INFO - 127.0.0.1 - - [24/Mar/2026 08:58:00] "GET / HTTP/1.1" 200 -
2026-03-24 08:58:00,898 - werkzeug - INFO - 127.0.0.1 - - [24/Mar/2026 08:58:00] "[36mGET /static/style.css HTTP/1.1[0m" 304 -
2026-03-24 08:58:01,018 - werkzeug - INFO - 127.0.0.1 - - [24/Mar/2026 08:58:01] "GET /api/version HTTP/1.1" 200 -
2026-03-24 08:58:01,025 - werkzeug - INFO - 127.0.0.1 - - [24/Mar/2026 08:58:01] "GET /api/history HTTP/1.1" 200 -
2026-03-24 08:58:01,036 - werkzeug - INFO - 127.0.0.1 - - [24/Mar/2026 08:58:01] "GET /api/archive?q=&tool= HTTP/1.1" 200 -
2026-03-24 08:58:01,056 - werkzeug - INFO - 127.0.0.1 - - [24/Mar/2026 08:58:01] "GET /api/ai/status HTTP/1.1" 200 -
2026-03-24 08:58:23,371 - werkzeug - INFO - 127.0.0.1 - - [24/Mar/2026 08:58:23] "POST /api/username/maigret HTTP/1.1" 200 -
2026-03-24 08:58:24,385 - __main__ - INFO - Loaded Maigret database with 3143 sites
2026-03-24 08:58:31,012 - werkzeug - INFO - 127.0.0.1 - - [24/Mar/2026 08:58:31] "GET /api/history HTTP/1.1" 200 -
2026-03-24 08:58:31,017 - werkzeug - INFO - 127.0.0.1 - - [24/Mar/2026 08:58:31] "GET /api/archive?q=&tool= HTTP/1.1" 200 -
2026-03-24 08:58:40,714 - werkzeug - INFO - 127.0.0.1 - - [24/Mar/2026 08:58:40] "GET /api/archive?q=&tool= HTTP/1.1" 200 -
2026-03-24 08:58:40,715 - werkzeug - INFO - 127.0.0.1 - - [24/Mar/2026 08:58:40] "GET /api/history HTTP/1.1" 200 -
2026-03-24 08:58:41,180 - werkzeug - INFO - 127.0.0.1 - - [24/Mar/2026 08:58:41] "POST /api/username/maigret HTTP/1.1" 200 -
2026-03-24 08:59:01,011 - werkzeug - INFO - 127.0.0.1 - - [24/Mar/2026 08:59:01] "GET /api/history HTTP/1.1" 200 -
2026-03-24 08:59:01,015 - werkzeug - INFO - 127.0.0.1 - - [24/Mar/2026 08:59:01] "GET /api/archive?q=&tool= HTTP/1.1" 200 -
2026-03-24 08:59:12,926 - werkzeug - INFO - 127.0.0.1 - - [24/Mar/2026 08:59:12] "GET /api/cache/status HTTP/1.1" 200 -
2026-03-24 08:59:24,639 - werkzeug - INFO - 127.0.0.1 - - [24/Mar/2026 08:59:24] "POST /api/username/maigret HTTP/1.1" 200 -
2026-03-24 08:59:31,012 - werkzeug - INFO - 127.0.0.1 - - [24/Mar/2026 08:59:31] "GET /api/history HTTP/1.1" 200 -
2026-03-24 08:59:31,024 - werkzeug - INFO - 127.0.0.1 - - [24/Mar/2026 08:59:31] "GET /api/archive?q=&tool= HTTP/1.1" 200 -
2026-03-24 08:59:41,066 - werkzeug - INFO - 127.0.0.1 - - [24/Mar/2026 08:59:41] "GET /api/history HTTP/1.1" 200 -
2026-03-24 08:59:41,083 - werkzeug - INFO - 127.0.0.1 - - [24/Mar/2026 08:59:41] "GET /api/archive?q=&tool= HTTP/1.1" 200 -
2026-03-24 09:00:01,011 - werkzeug - INFO - 127.0.0.1 - - [24/Mar/2026 09:00:01] "GET /api/history HTTP/1.1" 200 -
2026-03-24 09:00:01,018 - werkzeug - INFO - 127.0.0.1 - - [24/Mar/2026 09:00:01] "GET /api/archive?q=&tool= HTTP/1.1" 200 -
2026-03-24 09:00:31,010 - werkzeug - INFO - 127.0.0.1 - - [24/Mar/2026 09:00:31] "GET /api/history HTTP/1.1" 200 -
2026-03-24 09:00:31,016 - werkzeug - INFO - 127.0.0.1 - - [24/Mar/2026 09:00:31] "GET /api/archive?q=&tool= HTTP/1.1" 200 -
2026-03-24 09:00:45,670 - werkzeug - INFO - 127.0.0.1 - - [24/Mar/2026 09:00:45] "GET /api/history HTTP/1.1" 200 -
2026-03-24 09:00:45,686 - werkzeug - INFO - 127.0.0.1 - - [24/Mar/2026 09:00:45] "GET /api/archive?q=&tool= HTTP/1.1" 200 -
2026-03-24 09:01:01,005 - werkzeug - INFO - 127.0.0.1 - - [24/Mar/2026 09:01:01] "GET /api/history HTTP/1.1" 200 -
2026-03-24 09:01:01,011 - werkzeug - INFO - 127.0.0.1 - - [24/Mar/2026 09:01:01] "GET /api/archive?q=&tool= HTTP/1.1" 200 -
2026-03-24 09:01:31,008 - werkzeug - INFO - 127.0.0.1 - - [24/Mar/2026 09:01:31] "GET /api/history HTTP/1.1" 200 -
2026-03-24 09:01:31,017 - werkzeug - INFO - 127.0.0.1 - - [24/Mar/2026 09:01:31] "GET /api/archive?q=&tool= HTTP/1.1" 200 -
2026-03-24 09:01:48,707 - werkzeug - INFO - 127.0.0.1 - - [24/Mar/2026 09:01:48] "GET /api/history HTTP/1.1" 200 -
2026-03-24 09:01:48,713 - werkzeug - INFO - 127.0.0.1 - - [24/Mar/2026 09:01:48] "GET /api/archive?q=&tool= HTTP/1.1" 200 -
2026-03-24 09:02:01,011 - werkzeug - INFO - 127.0.0.1 - - [24/Mar/2026 09:02:01] "GET /api/history HTTP/1.1" 200 -
2026-03-24 09:02:01,021 - werkzeug - INFO - 127.0.0.1 - - [24/Mar/2026 09:02:01] "GET /api/archive?q=&tool= HTTP/1.1" 200 -
2026-03-24 09:02:31,012 - werkzeug - INFO - 127.0.0.1 - - [24/Mar/2026 09:02:31] "GET /api/history HTTP/1.1" 200 -
2026-03-24 09:02:31,020 - werkzeug - INFO - 127.0.0.1 - - [24/Mar/2026 09:02:31] "GET /api/archive?q=&tool= HTTP/1.1" 200 -
2026-03-24 09:02:43,658 - werkzeug - INFO - 127.0.0.1 - - [24/Mar/2026 09:02:43] "GET /api/history HTTP/1.1" 200 -
2026-03-24 09:02:43,663 - werkzeug - INFO - 127.0.0.1 - - [24/Mar/2026 09:02:43] "GET /api/archive?q=&tool= HTTP/1.1" 200 -
2026-03-24 09:03:01,003 - werkzeug - INFO - 127.0.0.1 - - [24/Mar/2026 09:03:01] "GET /api/history HTTP/1.1" 200 -
2026-03-24 09:03:01,012 - werkzeug - INFO - 127.0.0.1 - - [24/Mar/2026 09:03:01] "GET /api/archive?q=&tool= HTTP/1.1" 200 -
2026-03-24 09:03:31,002 - werkzeug - INFO - 127.0.0.1 - - [24/Mar/2026 09:03:31] "GET /api/history HTTP/1.1" 200 -
2026-03-24 09:03:31,012 - werkzeug - INFO - 127.0.0.1 - - [24/Mar/2026 09:03:31] "GET /api/archive?q=&tool= HTTP/1.1" 200 -
2026-03-24 09:03:43,839 - werkzeug - INFO - 127.0.0.1 - - [24/Mar/2026 09:03:43] "GET /api/history HTTP/1.1" 200 -
2026-03-24 09:03:43,848 - werkzeug - INFO - 127.0.0.1 - - [24/Mar/2026 09:03:43] "GET /api/archive?q=&tool= HTTP/1.1" 200 -
2026-03-24 09:04:01,002 - werkzeug - INFO - 127.0.0.1 - - [24/Mar/2026 09:04:01] "GET /api/history HTTP/1.1" 200 -
2026-03-24 09:04:01,009 - werkzeug - INFO - 127.0.0.1 - - [24/Mar/2026 09:04:01] "GET /api/archive?q=&tool= HTTP/1.1" 200 -
2026-03-24 09:04:30,994 - werkzeug - INFO - 127.0.0.1 - - [24/Mar/2026 09:04:30] "GET /api/history HTTP/1.1" 200 -
2026-03-24 09:04:30,997 - werkzeug - INFO - 127.0.0.1 - - [24/Mar/2026 09:04:30] "GET /api/archive?q=&tool= HTTP/1.1" 200 -
2026-03-24 09:04:49,633 - werkzeug - INFO - 127.0.0.1 - - [24/Mar/2026 09:04:49] "GET /api/history HTTP/1.1" 200 -
2026-03-24 09:04:49,642 - werkzeug - INFO - 127.0.0.1 - - [24/Mar/2026 09:04:49] "GET /api/archive?q=&tool= HTTP/1.1" 200 -
2026-03-24 09:05:00,999 - werkzeug - INFO - 127.0.0.1 - - [24/Mar/2026 09:05:00] "GET /api/history HTTP/1.1" 200 -
2026-03-24 09:05:01,002 - werkzeug - INFO - 127.0.0.1 - - [24/Mar/2026 09:05:01] "GET /api/archive?q=&tool= HTTP/1.1" 200 -
2026-03-24 09:05:30,996 - werkzeug - INFO - 127.0.0.1 - - [24/Mar/2026 09:05:30] "GET /api/history HTTP/1.1" 200 -
2026-03-24 09:05:31,000 - werkzeug - INFO - 127.0.0.1 - - [24/Mar/2026 09:05:31] "GET /api/archive?q=&tool= HTTP/1.1" 200 -
2026-03-24 09:05:59,084 - werkzeug - INFO - 127.0.0.1 - - [24/Mar/2026 09:05:59] "GET /api/history HTTP/1.1" 200 -
2026-03-24 09:05:59,091 - werkzeug - INFO - 127.0.0.1 - - [24/Mar/2026 09:05:59] "GET /api/archive?q=&tool= HTTP/1.1" 200 -
2026-03-24 09:06:00,993 - werkzeug - INFO - 127.0.0.1 - - [24/Mar/2026 09:06:00] "GET /api/history HTTP/1.1" 200 -
2026-03-24 09:06:00,996 - werkzeug - INFO - 127.0.0.1 - - [24/Mar/2026 09:06:00] "GET /api/archive?q=&tool= HTTP/1.1" 200 -
2026-03-24 09:06:31,000 - werkzeug - INFO - 127.0.0.1 - - [24/Mar/2026 09:06:31] "GET /api/history HTTP/1.1" 200 -
2026-03-24 09:06:31,008 - werkzeug - INFO - 127.0.0.1 - - [24/Mar/2026 09:06:31] "GET /api/archive?q=&tool= HTTP/1.1" 200 -
2026-03-24 09:06:46,675 - werkzeug - INFO - 127.0.0.1 - - [24/Mar/2026 09:06:46] "GET /api/history HTTP/1.1" 200 -
2026-03-24 09:06:46,685 - werkzeug - INFO - 127.0.0.1 - - [24/Mar/2026 09:06:46] "GET /api/archive?q=&tool= HTTP/1.1" 200 -
2026-03-24 09:07:00,994 - werkzeug - INFO - 127.0.0.1 - - [24/Mar/2026 09:07:00] "GET /api/history HTTP/1.1" 200 -
2026-03-24 09:07:00,999 - werkzeug - INFO - 127.0.0.1 - - [24/Mar/2026 09:07:00] "GET /api/archive?q=&tool= HTTP/1.1" 200 -
2026-03-24 09:07:07,201 - werkzeug - INFO - 127.0.0.1 - - [24/Mar/2026 09:07:07] "POST /api/username/stream HTTP/1.1" 200 -
2026-03-24 09:07:07,987 - httpx - INFO - HTTP Request: GET https://www.1337x.to/user/muziekantje/ "HTTP/1.1 403 Forbidden"
2026-03-24 09:07:08,604 - httpx - INFO - HTTP Request: GET https://2dimensions.com/a/muziekantje "HTTP/1.1 301 Moved Permanently"
2026-03-24 09:07:08,920 - httpx - INFO - HTTP Request: GET http://rive.app/a/muziekantje "HTTP/1.1 301 Moved Permanently"
2026-03-24 09:07:09,779 - httpx - INFO - HTTP Request: GET https://rive.app/a/muziekantje "HTTP/1.1 404 Not Found"
2026-03-24 09:07:10,846 - httpx - INFO - HTTP Request: GET https://www.7cups.com/@muziekantje "HTTP/1.1 404 Not Found"
2026-03-24 09:07:11,619 - httpx - INFO - HTTP Request: GET https://apclips.com/muziekantje "HTTP/1.1 403 Forbidden"
2026-03-24 09:07:12,264 - httpx - INFO - HTTP Request: GET https://about.me/muziekantje "HTTP/1.1 404 Not Found"
2026-03-24 09:07:12,886 - httpx - INFO - HTTP Request: GET https://independent.academia.edu/muziekantje "HTTP/1.1 404 Not Found"
2026-03-24 09:07:13,684 - httpx - INFO - HTTP Request: GET https://admireme.vip/muziekantje "HTTP/1.1 301 Moved Permanently"
2026-03-24 09:07:13,988 - httpx - INFO - HTTP Request: GET https://admireme.vip/muziekantje/ "HTTP/1.1 404 Not Found"
2026-03-24 09:07:14,897 - httpx - INFO - HTTP Request: GET https://airbit.com/muziekantje "HTTP/1.1 404 Not Found"
2026-03-24 09:07:15,702 - httpx - INFO - HTTP Request: GET https://www.airliners.net/user/muziekantje/profile/photos "HTTP/1.1 404 Not Found"
2026-03-24 09:07:16,415 - httpx - INFO - HTTP Request: GET https://www.allthingsworn.com/profile/muziekantje "HTTP/1.1 403 Forbidden"
2026-03-24 09:07:17,238 - httpx - INFO - HTTP Request: GET https://allmylinks.com/muziekantje "HTTP/1.1 404 Not Found"
2026-03-24 09:07:18,180 - httpx - INFO - HTTP Request: GET https://aniworld.to/user/profil/muziekantje "HTTP/1.1 302 Found"
2026-03-24 09:07:18,473 - httpx - INFO - HTTP Request: GET https://aniworld.to/profil/notFound "HTTP/1.1 200 OK"
2026-03-24 09:07:19,167 - httpx - INFO - HTTP Request: POST https://anilist.co/user/muziekantje/ "HTTP/1.1 200 OK"
2026-03-24 09:07:20,524 - httpx - INFO - HTTP Request: GET https://developer.apple.com/forums/profile/muziekantje "HTTP/1.1 404 Not Found"
2026-03-24 09:07:21,742 - httpx - INFO - HTTP Request: GET https://discussions.apple.com/profile/muziekantje "HTTP/1.1 404 Not Found"
2026-03-24 09:07:22,435 - httpx - INFO - HTTP Request: GET https://www.aparat.com/muziekantje/ "HTTP/1.0 504 Gateway Timeout"
2026-03-24 09:07:23,210 - httpx - INFO - HTTP Request: GET https://archiveofourown.org/users/muziekantje "HTTP/1.1 403 Forbidden"
2026-03-24 09:07:24,019 - httpx - INFO - HTTP Request: GET https://archive.org/details/@muziekantje "HTTP/1.1 200 OK"
2026-03-24 09:07:24,876 - httpx - INFO - HTTP Request: GET https://forum.arduino.cc/u/muziekantje/summary "HTTP/1.1 404 Not Found"
2026-03-24 09:07:25,373 - httpx - INFO - HTTP Request: GET https://www.artstation.com/muziekantje "HTTP/1.1 403 Forbidden"
2026-03-24 09:07:26,348 - httpx - INFO - HTTP Request: GET https://asciinema.org/~muziekantje "HTTP/1.1 404 Not Found"
2026-03-24 09:07:27,238 - httpx - INFO - HTTP Request: GET https://ask.fedoraproject.org/u/muziekantje "HTTP/1.1 301 Moved Permanently"
2026-03-24 09:07:28,064 - httpx - INFO - HTTP Request: GET https://discussion.fedoraproject.org/askfedora/u/muziekantje "HTTP/1.1 404 Not Found"
2026-03-24 09:07:29,621 - httpx - INFO - HTTP Request: GET https://atcoder.jp/users/muziekantje "HTTP/1.1 404 Not Found"
2026-03-24 09:07:30,255 - httpx - INFO - HTTP Request: GET https://vjudge.net/user/muziekantje "HTTP/1.1 404 Not Found"
2026-03-24 09:07:30,990 - werkzeug - INFO - 127.0.0.1 - - [24/Mar/2026 09:07:30] "GET /api/history HTTP/1.1" 200 -
2026-03-24 09:07:30,999 - werkzeug - INFO - 127.0.0.1 - - [24/Mar/2026 09:07:30] "GET /api/archive?q=&tool= HTTP/1.1" 200 -
2026-03-24 09:07:31,166 - httpx - INFO - HTTP Request: GET https://audiojungle.net/user/muziekantje "HTTP/1.1 404 Not Found"
2026-03-24 09:07:32,187 - httpx - INFO - HTTP Request: GET https://www.autofrage.net/nutzer/muziekantje "HTTP/1.1 404 Not Found"
2026-03-24 09:07:33,450 - httpx - INFO - HTTP Request: GET https://www.avizo.cz/muziekantje/ "HTTP/1.1 301 Moved Permanently"
2026-03-24 09:07:34,054 - httpx - INFO - HTTP Request: GET https://www.avizo.cz "HTTP/1.1 200 OK"
2026-03-24 09:07:35,458 - httpx - INFO - HTTP Request: GET https://skillsprofile.skillbuilder.aws/user/muziekantje/ "HTTP/1.1 308 Permanent Redirect"
2026-03-24 09:07:36,075 - httpx - INFO - HTTP Request: GET https://skillsprofile.skillbuilder.aws/user/muziekantje "HTTP/1.1 200 OK"
2026-03-24 09:07:36,553 - httpx - INFO - HTTP Request: GET https://muziekantje.booth.pm/ "HTTP/1.1 403 Forbidden"
2026-03-24 09:07:37,037 - httpx - INFO - HTTP Request: GET https://www.bandcamp.com/muziekantje "HTTP/1.1 301 Moved Permanently"
2026-03-24 09:07:37,594 - httpx - INFO - HTTP Request: GET https://bandcamp.com/muziekantje "HTTP/1.1 404 Not Found"
2026-03-24 09:07:38,743 - httpx - INFO - HTTP Request: GET https://www.bazar.cz/muziekantje/ "HTTP/1.1 302 Found"
2026-03-24 09:07:39,172 - httpx - INFO - HTTP Request: GET https://www.bazar.cz/error404.aspx "HTTP/1.1 404 Not Found"
2026-03-24 09:07:40,001 - httpx - INFO - HTTP Request: GET https://www.behance.net/muziekantje "HTTP/1.1 404 Not Found"
2026-03-24 09:07:40,994 - httpx - INFO - HTTP Request: GET https://bezuzyteczna.pl/uzytkownicy/muziekantje "HTTP/1.1 404 Not Found"
2026-03-24 09:07:41,811 - httpx - INFO - HTTP Request: GET https://www.biggerpockets.com/users/muziekantje "HTTP/1.1 404 Not Found"
2026-03-24 09:07:42,478 - httpx - INFO - HTTP Request: GET https://forum.dangerousthings.com/u/muziekantje "HTTP/1.1 404 Not Found"
2026-03-24 09:07:43,323 - httpx - INFO - HTTP Request: GET https://bitbucket.org/muziekantje/ "HTTP/1.1 404 Not Found"
2026-03-24 09:07:44,159 - httpx - INFO - HTTP Request: GET https://community.bitwarden.com/u/muziekantje/summary "HTTP/1.1 404 Not Found"
2026-03-24 09:07:45,126 - httpx - INFO - HTTP Request: GET https://www.blipfoto.com/muziekantje "HTTP/1.1 404 Not Found"
2026-03-24 09:07:46,023 - httpx - INFO - HTTP Request: GET https://blitztactics.com/muziekantje "HTTP/1.1 404 Not Found"
2026-03-24 09:07:46,659 - httpx - INFO - HTTP Request: GET https://muziekantje.blogspot.com "HTTP/1.1 200 OK"
2026-03-24 09:07:47,480 - httpx - INFO - HTTP Request: GET https://bsky.app/profile/muziekantje.bsky.social "HTTP/1.1 200 OK"
2026-03-24 09:07:48,092 - httpx - INFO - HTTP Request: GET https://pt.bongacams.com/profile/muziekantje "HTTP/1.1 403 Forbidden"
2026-03-24 09:07:48,692 - httpx - INFO - HTTP Request: GET https://www.bookcrossing.com/mybookshelf/muziekantje/ "HTTP/1.1 403 Forbidden"
2026-03-24 09:07:49,274 - httpx - INFO - HTTP Request: GET https://boardgamegeek.com/user/muziekantje "HTTP/1.1 403 Forbidden"
2026-03-24 09:07:49,844 - httpx - INFO - HTTP Request: GET https://community.brave.com/u/muziekantje/ "HTTP/1.1 301 Moved Permanently"
2026-03-24 09:07:50,627 - werkzeug - INFO - 127.0.0.1 - - [24/Mar/2026 09:07:50] "GET /api/history HTTP/1.1" 200 -
2026-03-24 09:07:50,634 - werkzeug - INFO - 127.0.0.1 - - [24/Mar/2026 09:07:50] "GET /api/archive?q=&tool= HTTP/1.1" 200 -
2026-03-24 09:07:50,805 - httpx - INFO - HTTP Request: GET https://community.brave.app/u/muziekantje/ "HTTP/1.1 404 Not Found"
2026-03-24 09:07:51,425 - httpx - INFO - HTTP Request: GET https://bugcrowd.com/muziekantje "HTTP/1.1 404 Not Found"
2026-03-24 09:07:51,898 - httpx - INFO - HTTP Request: GET https://buymeacoff.ee/muziekantje "HTTP/1.1 301 Moved Permanently"
2026-03-24 09:07:52,572 - httpx - INFO - HTTP Request: GET https://buymeacoffee.com/muziekantje "HTTP/1.1 404 Not Found"
2026-03-24 09:07:53,189 - httpx - INFO - HTTP Request: GET https://buzzfeed.com/muziekantje "HTTP/1.1 301 Moved Permanently"
2026-03-24 09:07:53,701 - httpx - INFO - HTTP Request: GET https://www.buzzfeed.com/muziekantje "HTTP/1.1 404 Not Found"
2026-03-24 09:07:54,739 - httpx - INFO - HTTP Request: GET https://forum.cfx.re/u/muziekantje/summary "HTTP/1.1 404 Not Found"
2026-03-24 09:07:55,479 - httpx - INFO - HTTP Request: GET https://www.cgtrader.com/muziekantje "HTTP/1.1 301 Moved Permanently"
2026-03-24 09:07:55,716 - httpx - INFO - HTTP Request: GET https://www.cgtrader.com/designers/muziekantje "HTTP/1.1 301 Moved Permanently"
2026-03-24 09:07:56,151 - httpx - INFO - HTTP Request: GET https://www.cgtrader.com/not_found "HTTP/1.1 404 Not Found"
2026-03-24 09:07:57,683 - httpx - INFO - HTTP Request: GET https://www.cnet.com/profiles/muziekantje/ "HTTP/1.1 404 Not Found"
2026-03-24 09:07:58,750 - httpx - INFO - HTTP Request: GET https://cssbattle.dev/player/muziekantje "HTTP/1.1 200 OK"
2026-03-24 09:07:59,590 - httpx - INFO - HTTP Request: GET https://ctan.org/author/muziekantje "HTTP/1.1 404 404"
2026-03-24 09:08:00,649 - httpx - INFO - HTTP Request: GET https://caddy.community/u/muziekantje/summary "HTTP/1.1 404 Not Found"
2026-03-24 09:08:00,987 - werkzeug - INFO - 127.0.0.1 - - [24/Mar/2026 09:08:00] "GET /api/history HTTP/1.1" 200 -
2026-03-24 09:08:00,999 - werkzeug - INFO - 127.0.0.1 - - [24/Mar/2026 09:08:00] "GET /api/archive?q=&tool= HTTP/1.1" 200 -
2026-03-24 09:08:01,546 - httpx - INFO - HTTP Request: GET https://community.cartalk.com/u/muziekantje/summary "HTTP/1.1 404 Not Found"
2026-03-24 09:08:02,225 - httpx - INFO - HTTP Request: GET https://muziekantje.carbonmade.com "HTTP/1.1 404 Not Found"
2026-03-24 09:08:09,025 - httpx - INFO - HTTP Request: GET https://cash.app/$muziekantje "HTTP/1.1 403 Forbidden"
2026-03-24 09:08:10,232 - httpx - INFO - HTTP Request: GET https://www.championat.com/user/muziekantje "HTTP/1.1 301 Moved Permanently"
2026-03-24 09:08:10,684 - httpx - INFO - HTTP Request: GET https://www.championat.com/user/muziekantje/ "HTTP/1.1 404 Not Found"
2026-03-24 09:08:11,586 - httpx - INFO - HTTP Request: GET https://chaos.social/@muziekantje "HTTP/1.1 404 Not Found"
2026-03-24 09:08:13,005 - httpx - INFO - HTTP Request: GET https://profil.chatujme.cz/muziekantje "HTTP/1.1 404 Not Found"
2026-03-24 09:08:13,486 - httpx - INFO - HTTP Request: GET https://chaturbate.com/muziekantje "HTTP/1.1 403 Forbidden"
2026-03-24 09:08:14,375 - httpx - INFO - HTTP Request: GET https://www.chess.com/member/muziekantje "HTTP/1.1 200 OK"
2026-03-24 09:08:15,398 - httpx - INFO - HTTP Request: GET https://choice.community/u/muziekantje/summary "HTTP/1.1 404 Not Found"
2026-03-24 09:08:16,119 - httpx - INFO - HTTP Request: GET https://clapperapp.com/muziekantje "HTTP/1.1 301 Found"
2026-03-24 09:08:17,086 - httpx - INFO - HTTP Request: GET https://www.clapperapp.com/muziekantje "HTTP/1.1 400 Bad Request"
2026-03-24 09:08:17,659 - httpx - INFO - HTTP Request: GET https://community.cloudflare.com/u/muziekantje "HTTP/1.1 403 Forbidden"
2026-03-24 09:08:18,397 - httpx - INFO - HTTP Request: GET https://www.clozemaster.com/players/muziekantje "HTTP/1.1 302 Found"
2026-03-24 09:08:18,572 - httpx - INFO - HTTP Request: GET https://www.clozemaster.com/dashboard "HTTP/1.1 200 OK"
2026-03-24 09:08:19,365 - httpx - INFO - HTTP Request: GET https://www.clubhouse.com/@muziekantje "HTTP/1.1 404 Not Found"
2026-03-24 09:08:20,040 - httpx - INFO - HTTP Request: GET https://codesnippets.fandom.com/wiki/User:muziekantje "HTTP/1.1 403 Forbidden"
2026-03-24 09:08:20,823 - httpx - INFO - HTTP Request: GET https://codeberg.org/muziekantje "HTTP/1.1 404 Not Found"
2026-03-24 09:08:21,950 - httpx - INFO - HTTP Request: GET https://www.codecademy.com/profiles/muziekantje "HTTP/1.1 200 OK"
2026-03-24 09:08:22,735 - httpx - INFO - HTTP Request: GET https://www.codechef.com/users/muziekantje "HTTP/1.1 302 Found"
2026-03-24 09:08:22,999 - httpx - INFO - HTTP Request: GET https://www.codechef.com/ "HTTP/1.1 200 OK"
2026-03-24 09:08:23,504 - httpx - INFO - HTTP Request: GET https://codeforces.com/profile/muziekantje "HTTP/1.1 403 Forbidden"
2026-03-24 09:08:24,086 - httpx - INFO - HTTP Request: GET https://codepen.io/muziekantje "HTTP/1.1 403 Forbidden"
2026-03-24 09:08:24,929 - httpx - INFO - HTTP Request: GET https://profile.codersrank.io/user/muziekantje/ "HTTP/1.1 200 OK"
2026-03-24 09:08:25,628 - httpx - INFO - HTTP Request: GET https://coderwall.com/muziekantje "HTTP/1.1 404 Not Found"
2026-03-24 09:08:26,208 - httpx - INFO - HTTP Request: GET https://codesandbox.io/u/muziekantje "HTTP/1.1 200 OK"
2026-03-24 09:08:26,896 - httpx - INFO - HTTP Request: GET https://www.codewars.com/users/muziekantje "HTTP/1.1 404 Not Found"
2026-03-24 09:08:27,562 - httpx - INFO - HTTP Request: GET https://codolio.com/profile/muziekantje "HTTP/1.1 200 OK"
2026-03-24 09:08:28,198 - httpx - INFO - HTTP Request: GET https://coinvote.cc/profile/muziekantje "HTTP/1.1 410 Gone"
2026-03-24 09:08:28,900 - httpx - INFO - HTTP Request: GET https://www.colourlovers.com/lover/muziekantje "HTTP/1.1 403 Forbidden"
2026-03-24 09:08:29,557 - httpx - INFO - HTTP Request: GET https://muziekantje.contently.com/ "HTTP/1.1 302 Found"
2026-03-24 09:08:30,243 - httpx - INFO - HTTP Request: GET https://contently.com/ "HTTP/1.1 200 OK"
2026-03-24 09:08:30,990 - werkzeug - INFO - 127.0.0.1 - - [24/Mar/2026 09:08:30] "GET /api/history HTTP/1.1" 200 -
2026-03-24 09:08:30,995 - werkzeug - INFO - 127.0.0.1 - - [24/Mar/2026 09:08:30] "GET /api/archive?q=&tool= HTTP/1.1" 200 -
2026-03-24 09:08:31,019 - httpx - INFO - HTTP Request: GET https://www.coroflot.com/muziekantje "HTTP/1.1 404 Not Found"
2026-03-24 09:08:31,781 - httpx - INFO - HTTP Request: GET https://cplusplus.com/user/muziekantje "HTTP/1.1 302 Found"
2026-03-24 09:08:33,518 - httpx - INFO - HTTP Request: GET https://cplusplus.com/user/muziekantje/ "HTTP/1.1 200 OK"
2026-03-24 09:08:34,143 - httpx - INFO - HTTP Request: GET https://www.cracked.com/members/muziekantje/ "HTTP/1.1 301 Moved Permanently"
2026-03-24 09:08:34,503 - httpx - INFO - HTTP Request: GET http://test-pools-04.cracked.com/members/muziekantje "HTTP/1.1 301 Moved Permanently"
2026-03-24 09:08:34,785 - httpx - INFO - HTTP Request: GET https://www.cracked.com/members/muziekantje "HTTP/1.1 302 Moved Temporarily"
2026-03-24 09:08:35,040 - httpx - INFO - HTTP Request: GET https://www.cracked.com/ "HTTP/1.1 200 OK"
2026-03-24 09:08:35,869 - httpx - INFO - HTTP Request: GET https://cracked.sh/muziekantje "HTTP/1.1 404 Not Found"
2026-03-24 09:08:36,666 - httpx - INFO - HTTP Request: GET https://www.credly.com/users/muziekantje "HTTP/1.1 404 Not Found"
2026-03-24 09:08:37,516 - httpx - INFO - HTTP Request: GET https://muziekantje.crevado.com "HTTP/1.1 404 Not Found"
2026-03-24 09:08:38,166 - httpx - INFO - HTTP Request: GET https://crowdin.com/profile/muziekantje "HTTP/1.1 404 Not Found"
2026-03-24 09:08:38,920 - httpx - INFO - HTTP Request: GET https://cryptohack.org/user/muziekantje/ "HTTP/1.1 302 FOUND"
2026-03-24 09:08:39,224 - httpx - INFO - HTTP Request: GET https://cryptohack.org/ "HTTP/1.1 200 OK"
2026-03-24 09:08:40,099 - httpx - INFO - HTTP Request: GET https://community.cryptomator.org/u/muziekantje "HTTP/1.1 404 Not Found"
2026-03-24 09:08:40,626 - werkzeug - INFO - 127.0.0.1 - - [24/Mar/2026 09:08:40] "GET /api/history HTTP/1.1" 200 -
2026-03-24 09:08:40,636 - werkzeug - INFO - 127.0.0.1 - - [24/Mar/2026 09:08:40] "GET /api/archive?q=&tool= HTTP/1.1" 200 -
2026-03-24 09:08:40,890 - httpx - INFO - HTTP Request: GET https://cults3d.com/en/users/muziekantje/creations "HTTP/1.1 404 Not Found"
2026-03-24 09:08:41,716 - httpx - INFO - HTTP Request: GET https://cyberdefenders.org/p/muziekantje "HTTP/1.1 301 Moved Permanently"
2026-03-24 09:08:42,112 - httpx - INFO - HTTP Request: GET https://cyberdefenders.org/p/muziekantje/ "HTTP/1.1 404 Not Found"
2026-03-24 09:08:42,833 - httpx - INFO - HTTP Request: GET https://dev.to/muziekantje "HTTP/1.1 404 Not Found"
2026-03-24 09:08:43,486 - httpx - INFO - HTTP Request: GET https://dmoj.ca/user/muziekantje "HTTP/1.1 404 Not Found"
2026-03-24 09:08:44,478 - httpx - INFO - HTTP Request: GET https://www.dailymotion.com/muziekantje "HTTP/1.1 200 OK"
2026-03-24 09:08:46,180 - httpx - INFO - HTTP Request: GET https://gallog.dcinside.com/muziekantje "HTTP/1.1 404 Not Found"
2026-03-24 09:08:47,036 - httpx - INFO - HTTP Request: GET https://www.dealabs.com/profile/muziekantje "HTTP/1.1 410 Gone"
2026-03-24 09:09:00,985 - werkzeug - INFO - 127.0.0.1 - - [24/Mar/2026 09:09:00] "GET /api/history HTTP/1.1" 200 -
2026-03-24 09:09:00,994 - werkzeug - INFO - 127.0.0.1 - - [24/Mar/2026 09:09:00] "GET /api/archive?q=&tool= HTTP/1.1" 200 -
2026-03-24 09:09:30,985 - werkzeug - INFO - 127.0.0.1 - - [24/Mar/2026 09:09:30] "GET /api/history HTTP/1.1" 200 -
2026-03-24 09:09:30,994 - werkzeug - INFO - 127.0.0.1 - - [24/Mar/2026 09:09:30] "GET /api/archive?q=&tool= HTTP/1.1" 200 -
2026-03-24 09:09:42,792 - werkzeug - INFO - 127.0.0.1 - - [24/Mar/2026 09:09:42] "GET /api/history HTTP/1.1" 200 -
2026-03-24 09:09:42,797 - werkzeug - INFO - 127.0.0.1 - - [24/Mar/2026 09:09:42] "GET /api/archive?q=&tool= HTTP/1.1" 200 -
2026-03-24 09:10:00,984 - werkzeug - INFO - 127.0.0.1 - - [24/Mar/2026 09:10:00] "GET /api/history HTTP/1.1" 200 -
2026-03-24 09:10:00,992 - werkzeug - INFO - 127.0.0.1 - - [24/Mar/2026 09:10:00] "GET /api/archive?q=&tool= HTTP/1.1" 200 -
2026-03-24 09:10:30,982 - werkzeug - INFO - 127.0.0.1 - - [24/Mar/2026 09:10:30] "GET /api/history HTTP/1.1" 200 -
2026-03-24 09:10:30,993 - werkzeug - INFO - 127.0.0.1 - - [24/Mar/2026 09:10:30] "GET /api/archive?q=&tool= HTTP/1.1" 200 -
2026-03-24 09:10:40,618 - werkzeug - INFO - 127.0.0.1 - - [24/Mar/2026 09:10:40] "GET /api/history HTTP/1.1" 200 -
2026-03-24 09:10:40,625 - werkzeug - INFO - 127.0.0.1 - - [24/Mar/2026 09:10:40] "GET /api/archive?q=&tool= HTTP/1.1" 200 -
2026-03-24 09:11:00,980 - werkzeug - INFO - 127.0.0.1 - - [24/Mar/2026 09:11:00] "GET /api/history HTTP/1.1" 200 -
2026-03-24 09:11:00,990 - werkzeug - INFO - 127.0.0.1 - - [24/Mar/2026 09:11:00] "GET /api/archive?q=&tool= HTTP/1.1" 200 -
2026-03-24 09:11:30,980 - werkzeug - INFO - 127.0.0.1 - - [24/Mar/2026 09:11:30] "GET /api/history HTTP/1.1" 200 -
2026-03-24 09:11:30,989 - werkzeug - INFO - 127.0.0.1 - - [24/Mar/2026 09:11:30] "GET /api/archive?q=&tool= HTTP/1.1" 200 -
2026-03-24 09:11:44,633 - werkzeug - INFO - 127.0.0.1 - - [24/Mar/2026 09:11:44] "GET /api/history HTTP/1.1" 200 -
2026-03-24 09:11:44,638 - werkzeug - INFO - 127.0.0.1 - - [24/Mar/2026 09:11:44] "GET /api/archive?q=&tool= HTTP/1.1" 200 -
2026-03-24 09:12:00,978 - werkzeug - INFO - 127.0.0.1 - - [24/Mar/2026 09:12:00] "GET /api/history HTTP/1.1" 200 -
2026-03-24 09:12:00,986 - werkzeug - INFO - 127.0.0.1 - - [24/Mar/2026 09:12:00] "GET /api/archive?q=&tool= HTTP/1.1" 200 -
2026-03-24 09:12:31,006 - werkzeug - INFO - 127.0.0.1 - - [24/Mar/2026 09:12:31] "GET /api/history HTTP/1.1" 200 -
2026-03-24 09:12:31,013 - werkzeug - INFO - 127.0.0.1 - - [24/Mar/2026 09:12:31] "GET /api/archive?q=&tool= HTTP/1.1" 200 -
2026-03-24 09:13:00,644 - werkzeug - INFO - 127.0.0.1 - - [24/Mar/2026 09:13:00] "GET /api/history HTTP/1.1" 200 -
2026-03-24 09:13:00,649 - werkzeug - INFO - 127.0.0.1 - - [24/Mar/2026 09:13:00] "GET /api/archive?q=&tool= HTTP/1.1" 200 -
2026-03-24 09:13:01,019 - werkzeug - INFO - 127.0.0.1 - - [24/Mar/2026 09:13:01] "GET /api/archive?q=&tool= HTTP/1.1" 200 -
2026-03-24 09:13:01,023 - werkzeug - INFO - 127.0.0.1 - - [24/Mar/2026 09:13:01] "GET /api/history HTTP/1.1" 200 -
2026-03-24 09:13:31,015 - werkzeug - INFO - 127.0.0.1 - - [24/Mar/2026 09:13:31] "GET /api/history HTTP/1.1" 200 -
2026-03-24 09:13:31,022 - werkzeug - INFO - 127.0.0.1 - - [24/Mar/2026 09:13:31] "GET /api/archive?q=&tool= HTTP/1.1" 200 -
2026-03-24 09:13:47,558 - werkzeug - INFO - 127.0.0.1 - - [24/Mar/2026 09:13:47] "GET /api/history HTTP/1.1" 200 -
2026-03-24 09:13:47,564 - werkzeug - INFO - 127.0.0.1 - - [24/Mar/2026 09:13:47] "GET /api/archive?q=&tool= HTTP/1.1" 200 -
2026-03-24 09:14:01,015 - werkzeug - INFO - 127.0.0.1 - - [24/Mar/2026 09:14:01] "GET /api/history HTTP/1.1" 200 -
2026-03-24 09:14:01,025 - werkzeug - INFO - 127.0.0.1 - - [24/Mar/2026 09:14:01] "GET /api/archive?q=&tool= HTTP/1.1" 200 -
2026-03-24 09:14:31,015 - werkzeug - INFO - 127.0.0.1 - - [24/Mar/2026 09:14:31] "GET /api/history HTTP/1.1" 200 -
2026-03-24 09:14:31,019 - werkzeug - INFO - 127.0.0.1 - - [24/Mar/2026 09:14:31] "GET /api/archive?q=&tool= HTTP/1.1" 200 -
2026-03-24 09:14:48,648 - werkzeug - INFO - 127.0.0.1 - - [24/Mar/2026 09:14:48] "GET /api/history HTTP/1.1" 200 -
2026-03-24 09:14:48,654 - werkzeug - INFO - 127.0.0.1 - - [24/Mar/2026 09:14:48] "GET /api/archive?q=&tool= HTTP/1.1" 200 -
2026-03-24 09:15:01,012 - werkzeug - INFO - 127.0.0.1 - - [24/Mar/2026 09:15:01] "GET /api/history HTTP/1.1" 200 -
2026-03-24 09:15:01,019 - werkzeug - INFO - 127.0.0.1 - - [24/Mar/2026 09:15:01] "GET /api/archive?q=&tool= HTTP/1.1" 200 -
2026-03-24 09:15:31,009 - werkzeug - INFO - 127.0.0.1 - - [24/Mar/2026 09:15:31] "GET /api/history HTTP/1.1" 200 -
2026-03-24 09:15:31,013 - werkzeug - INFO - 127.0.0.1 - - [24/Mar/2026 09:15:31] "GET /api/archive?q=&tool= HTTP/1.1" 200 -
2026-03-24 09:15:40,637 - werkzeug - INFO - 127.0.0.1 - - [24/Mar/2026 09:15:40] "GET /api/history HTTP/1.1" 200 -
2026-03-24 09:15:40,644 - werkzeug - INFO - 127.0.0.1 - - [24/Mar/2026 09:15:40] "GET /api/archive?q=&tool= HTTP/1.1" 200 -
2026-03-24 09:16:01,014 - werkzeug - INFO - 127.0.0.1 - - [24/Mar/2026 09:16:01] "GET /api/history HTTP/1.1" 200 -
2026-03-24 09:16:01,027 - werkzeug - INFO - 127.0.0.1 - - [24/Mar/2026 09:16:01] "GET /api/archive?q=&tool= HTTP/1.1" 200 -
2026-03-24 09:16:31,011 - werkzeug - INFO - 127.0.0.1 - - [24/Mar/2026 09:16:31] "GET /api/archive?q=&tool= HTTP/1.1" 200 -
2026-03-24 09:16:31,017 - werkzeug - INFO - 127.0.0.1 - - [24/Mar/2026 09:16:31] "GET /api/history HTTP/1.1" 200 -
2026-03-24 09:16:40,652 - werkzeug - INFO - 127.0.0.1 - - [24/Mar/2026 09:16:40] "GET /api/archive?q=&tool= HTTP/1.1" 200 -
2026-03-24 09:16:40,659 - werkzeug - INFO - 127.0.0.1 - - [24/Mar/2026 09:16:40] "GET /api/history HTTP/1.1" 200 -
2026-03-24 09:17:01,002 - werkzeug - INFO - 127.0.0.1 - - [24/Mar/2026 09:17:01] "GET /api/history HTTP/1.1" 200 -
2026-03-24 09:17:01,006 - werkzeug - INFO - 127.0.0.1 - - [24/Mar/2026 09:17:01] "GET /api/archive?q=&tool= HTTP/1.1" 200 -
2026-03-24 09:17:31,003 - werkzeug - INFO - 127.0.0.1 - - [24/Mar/2026 09:17:31] "GET /api/history HTTP/1.1" 200 -
2026-03-24 09:17:31,013 - werkzeug - INFO - 127.0.0.1 - - [24/Mar/2026 09:17:31] "GET /api/archive?q=&tool= HTTP/1.1" 200 -
2026-03-24 09:17:40,850 - werkzeug - INFO - 127.0.0.1 - - [24/Mar/2026 09:17:40] "GET /api/history HTTP/1.1" 200 -
2026-03-24 09:17:40,854 - werkzeug - INFO - 127.0.0.1 - - [24/Mar/2026 09:17:40] "GET /api/archive?q=&tool= HTTP/1.1" 200 -
2026-03-24 09:18:01,000 - werkzeug - INFO - 127.0.0.1 - - [24/Mar/2026 09:18:01] "GET /api/history HTTP/1.1" 200 -
2026-03-24 09:18:01,005 - werkzeug - INFO - 127.0.0.1 - - [24/Mar/2026 09:18:01] "GET /api/archive?q=&tool= HTTP/1.1" 200 -
2026-03-24 09:18:31,004 - werkzeug - INFO - 127.0.0.1 - - [24/Mar/2026 09:18:31] "GET /api/history HTTP/1.1" 200 -
2026-03-24 09:18:31,012 - werkzeug - INFO - 127.0.0.1 - - [24/Mar/2026 09:18:31] "GET /api/archive?q=&tool= HTTP/1.1" 200 -
2026-03-24 09:18:40,649 - werkzeug - INFO - 127.0.0.1 - - [24/Mar/2026 09:18:40] "GET /api/history HTTP/1.1" 200 -
2026-03-24 09:18:40,654 - werkzeug - INFO - 127.0.0.1 - - [24/Mar/2026 09:18:40] "GET /api/archive?q=&tool= HTTP/1.1" 200 -
2026-03-24 09:19:00,997 - werkzeug - INFO - 127.0.0.1 - - [24/Mar/2026 09:19:00] "GET /api/history HTTP/1.1" 200 -
2026-03-24 09:19:01,004 - werkzeug - INFO - 127.0.0.1 - - [24/Mar/2026 09:19:01] "GET /api/archive?q=&tool= HTTP/1.1" 200 -
2026-03-24 09:19:30,998 - werkzeug - INFO - 127.0.0.1 - - [24/Mar/2026 09:19:30] "GET /api/history HTTP/1.1" 200 -
2026-03-24 09:19:31,012 - werkzeug - INFO - 127.0.0.1 - - [24/Mar/2026 09:19:31] "GET /api/archive?q=&tool= HTTP/1.1" 200 -
2026-03-24 09:19:43,253 - werkzeug - INFO - 127.0.0.1 - - [24/Mar/2026 09:19:43] "GET /api/history HTTP/1.1" 200 -
2026-03-24 09:19:43,258 - werkzeug - INFO - 127.0.0.1 - - [24/Mar/2026 09:19:43] "GET /api/archive?q=&tool= HTTP/1.1" 200 -
2026-03-24 09:20:01,001 - werkzeug - INFO - 127.0.0.1 - - [24/Mar/2026 09:20:01] "GET /api/history HTTP/1.1" 200 -
2026-03-24 09:20:01,009 - werkzeug - INFO - 127.0.0.1 - - [24/Mar/2026 09:20:01] "GET /api/archive?q=&tool= HTTP/1.1" 200 -
2026-03-24 09:20:30,994 - werkzeug - INFO - 127.0.0.1 - - [24/Mar/2026 09:20:30] "GET /api/history HTTP/1.1" 200 -
2026-03-24 09:20:31,001 - werkzeug - INFO - 127.0.0.1 - - [24/Mar/2026 09:20:31] "GET /api/archive?q=&tool= HTTP/1.1" 200 -
2026-03-24 09:20:50,143 - werkzeug - INFO - 127.0.0.1 - - [24/Mar/2026 09:20:50] "GET /api/history HTTP/1.1" 200 -
2026-03-24 09:20:50,146 - werkzeug - INFO - 127.0.0.1 - - [24/Mar/2026 09:20:50] "GET /api/archive?q=&tool= HTTP/1.1" 200 -
2026-03-24 09:21:00,996 - werkzeug - INFO - 127.0.0.1 - - [24/Mar/2026 09:21:00] "GET /api/history HTTP/1.1" 200 -
2026-03-24 09:21:01,005 - werkzeug - INFO - 127.0.0.1 - - [24/Mar/2026 09:21:01] "GET /api/archive?q=&tool= HTTP/1.1" 200 -
2026-03-24 09:21:31,029 - werkzeug - INFO - 127.0.0.1 - - [24/Mar/2026 09:21:31] "GET /api/history HTTP/1.1" 200 -
2026-03-24 09:21:31,034 - werkzeug - INFO - 127.0.0.1 - - [24/Mar/2026 09:21:31] "GET /api/archive?q=&tool= HTTP/1.1" 200 -
2026-03-24 09:21:40,643 - werkzeug - INFO - 127.0.0.1 - - [24/Mar/2026 09:21:40] "GET /api/history HTTP/1.1" 200 -
2026-03-24 09:21:40,649 - werkzeug - INFO - 127.0.0.1 - - [24/Mar/2026 09:21:40] "GET /api/archive?q=&tool= HTTP/1.1" 200 -
2026-03-24 09:22:00,991 - werkzeug - INFO - 127.0.0.1 - - [24/Mar/2026 09:22:00] "GET /api/history HTTP/1.1" 200 -
2026-03-24 09:22:00,999 - werkzeug - INFO - 127.0.0.1 - - [24/Mar/2026 09:22:00] "GET /api/archive?q=&tool= HTTP/1.1" 200 -
2026-03-24 09:22:30,995 - werkzeug - INFO - 127.0.0.1 - - [24/Mar/2026 09:22:30] "GET /api/history HTTP/1.1" 200 -
2026-03-24 09:22:31,003 - werkzeug - INFO - 127.0.0.1 - - [24/Mar/2026 09:22:31] "GET /api/archive?q=&tool= HTTP/1.1" 200 -
2026-03-24 09:22:40,640 - werkzeug - INFO - 127.0.0.1 - - [24/Mar/2026 09:22:40] "GET /api/archive?q=&tool= HTTP/1.1" 200 -
2026-03-24 09:22:40,643 - werkzeug - INFO - 127.0.0.1 - - [24/Mar/2026 09:22:40] "GET /api/history HTTP/1.1" 200 -
2026-03-24 09:23:00,991 - werkzeug - INFO - 127.0.0.1 - - [24/Mar/2026 09:23:00] "GET /api/history HTTP/1.1" 200 -
2026-03-24 09:23:00,998 - werkzeug - INFO - 127.0.0.1 - - [24/Mar/2026 09:23:00] "GET /api/archive?q=&tool= HTTP/1.1" 200 -
2026-03-24 09:23:31,007 - werkzeug - INFO - 127.0.0.1 - - [24/Mar/2026 09:23:31] "GET /api/history HTTP/1.1" 200 -
2026-03-24 09:23:31,018 - werkzeug - INFO - 127.0.0.1 - - [24/Mar/2026 09:23:31] "GET /api/archive?q=&tool= HTTP/1.1" 200 -
2026-03-24 09:23:40,641 - werkzeug - INFO - 127.0.0.1 - - [24/Mar/2026 09:23:40] "GET /api/archive?q=&tool= HTTP/1.1" 200 -
2026-03-24 09:23:40,643 - werkzeug - INFO - 127.0.0.1 - - [24/Mar/2026 09:23:40] "GET /api/history HTTP/1.1" 200 -
2026-03-24 09:24:00,986 - werkzeug - INFO - 127.0.0.1 - - [24/Mar/2026 09:24:00] "GET /api/history HTTP/1.1" 200 -
2026-03-24 09:24:00,993 - werkzeug - INFO - 127.0.0.1 - - [24/Mar/2026 09:24:00] "GET /api/archive?q=&tool= HTTP/1.1" 200 -
2026-03-24 09:24:30,984 - werkzeug - INFO - 127.0.0.1 - - [24/Mar/2026 09:24:30] "GET /api/history HTTP/1.1" 200 -
2026-03-24 09:24:30,993 - werkzeug - INFO - 127.0.0.1 - - [24/Mar/2026 09:24:30] "GET /api/archive?q=&tool= HTTP/1.1" 200 -
2026-03-24 09:24:49,035 - werkzeug - INFO - 127.0.0.1 - - [24/Mar/2026 09:24:49] "GET /api/history HTTP/1.1" 200 -
2026-03-24 09:24:49,039 - werkzeug - INFO - 127.0.0.1 - - [24/Mar/2026 09:24:49] "GET /api/archive?q=&tool= HTTP/1.1" 200 -
2026-03-24 09:25:00,984 - werkzeug - INFO - 127.0.0.1 - - [24/Mar/2026 09:25:00] "GET /api/history HTTP/1.1" 200 -
2026-03-24 09:25:01,015 - werkzeug - INFO - 127.0.0.1 - - [24/Mar/2026 09:25:01] "GET /api/archive?q=&tool= HTTP/1.1" 200 -
2026-03-24 09:25:30,984 - werkzeug - INFO - 127.0.0.1 - - [24/Mar/2026 09:25:30] "GET /api/history HTTP/1.1" 200 -
2026-03-24 09:25:30,989 - werkzeug - INFO - 127.0.0.1 - - [24/Mar/2026 09:25:30] "GET /api/archive?q=&tool= HTTP/1.1" 200 -
2026-03-24 09:25:41,678 - werkzeug - INFO - 127.0.0.1 - - [24/Mar/2026 09:25:41] "GET /api/history HTTP/1.1" 200 -
2026-03-24 09:25:41,685 - werkzeug - INFO - 127.0.0.1 - - [24/Mar/2026 09:25:41] "GET /api/archive?q=&tool= HTTP/1.1" 200 -
2026-03-24 09:26:00,983 - werkzeug - INFO - 127.0.0.1 - - [24/Mar/2026 09:26:00] "GET /api/history HTTP/1.1" 200 -
2026-03-24 09:26:00,991 - werkzeug - INFO - 127.0.0.1 - - [24/Mar/2026 09:26:00] "GET /api/archive?q=&tool= HTTP/1.1" 200 -
2026-03-24 09:26:30,978 - werkzeug - INFO - 127.0.0.1 - - [24/Mar/2026 09:26:30] "GET /api/history HTTP/1.1" 200 -
2026-03-24 09:26:30,987 - werkzeug - INFO - 127.0.0.1 - - [24/Mar/2026 09:26:30] "GET /api/archive?q=&tool= HTTP/1.1" 200 -
2026-03-24 09:26:48,953 - werkzeug - INFO - 127.0.0.1 - - [24/Mar/2026 09:26:48] "GET /api/history HTTP/1.1" 200 -
2026-03-24 09:26:48,972 - werkzeug - INFO - 127.0.0.1 - - [24/Mar/2026 09:26:48] "GET /api/archive?q=&tool= HTTP/1.1" 200 -
2026-03-24 09:27:00,983 - werkzeug - INFO - 127.0.0.1 - - [24/Mar/2026 09:27:00] "GET /api/history HTTP/1.1" 200 -
2026-03-24 09:27:00,997 - werkzeug - INFO - 127.0.0.1 - - [24/Mar/2026 09:27:00] "GET /api/archive?q=&tool= HTTP/1.1" 200 -
2026-03-24 09:27:30,974 - werkzeug - INFO - 127.0.0.1 - - [24/Mar/2026 09:27:30] "GET /api/history HTTP/1.1" 200 -
2026-03-24 09:27:30,985 - werkzeug - INFO - 127.0.0.1 - - [24/Mar/2026 09:27:30] "GET /api/archive?q=&tool= HTTP/1.1" 200 -
2026-03-24 09:27:40,630 - werkzeug - INFO - 127.0.0.1 - - [24/Mar/2026 09:27:40] "GET /api/history HTTP/1.1" 200 -
2026-03-24 09:27:40,646 - werkzeug - INFO - 127.0.0.1 - - [24/Mar/2026 09:27:40] "GET /api/archive?q=&tool= HTTP/1.1" 200 -
2026-03-24 09:28:00,977 - werkzeug - INFO - 127.0.0.1 - - [24/Mar/2026 09:28:00] "GET /api/history HTTP/1.1" 200 -
2026-03-24 09:28:00,982 - werkzeug - INFO - 127.0.0.1 - - [24/Mar/2026 09:28:00] "GET /api/archive?q=&tool= HTTP/1.1" 200 -
2026-03-24 09:28:30,975 - werkzeug - INFO - 127.0.0.1 - - [24/Mar/2026 09:28:30] "GET /api/history HTTP/1.1" 200 -
2026-03-24 09:28:30,980 - werkzeug - INFO - 127.0.0.1 - - [24/Mar/2026 09:28:30] "GET /api/archive?q=&tool= HTTP/1.1" 200 -
2026-03-24 09:28:50,621 - werkzeug - INFO - 127.0.0.1 - - [24/Mar/2026 09:28:50] "GET /api/history HTTP/1.1" 200 -
2026-03-24 09:28:50,630 - werkzeug - INFO - 127.0.0.1 - - [24/Mar/2026 09:28:50] "GET /api/archive?q=&tool= HTTP/1.1" 200 -
2026-03-24 09:29:00,973 - werkzeug - INFO - 127.0.0.1 - - [24/Mar/2026 09:29:00] "GET /api/history HTTP/1.1" 200 -
2026-03-24 09:29:00,980 - werkzeug - INFO - 127.0.0.1 - - [24/Mar/2026 09:29:00] "GET /api/archive?q=&tool= HTTP/1.1" 200 -
2026-03-24 09:29:30,972 - werkzeug - INFO - 127.0.0.1 - - [24/Mar/2026 09:29:30] "GET /api/history HTTP/1.1" 200 -
2026-03-24 09:29:30,985 - werkzeug - INFO - 127.0.0.1 - - [24/Mar/2026 09:29:30] "GET /api/archive?q=&tool= HTTP/1.1" 200 -
2026-03-24 09:29:40,620 - werkzeug - INFO - 127.0.0.1 - - [24/Mar/2026 09:29:40] "GET /api/history HTTP/1.1" 200 -
2026-03-24 09:29:40,629 - werkzeug - INFO - 127.0.0.1 - - [24/Mar/2026 09:29:40] "GET /api/archive?q=&tool= HTTP/1.1" 200 -
2026-03-24 09:30:00,981 - werkzeug - INFO - 127.0.0.1 - - [24/Mar/2026 09:30:00] "GET /api/history HTTP/1.1" 200 -
2026-03-24 09:30:01,001 - werkzeug - INFO - 127.0.0.1 - - [24/Mar/2026 09:30:01] "GET /api/archive?q=&tool= HTTP/1.1" 200 -
2026-03-24 09:30:30,968 - werkzeug - INFO - 127.0.0.1 - - [24/Mar/2026 09:30:30] "GET /api/history HTTP/1.1" 200 -
2026-03-24 09:30:30,980 - werkzeug - INFO - 127.0.0.1 - - [24/Mar/2026 09:30:30] "GET /api/archive?q=&tool= HTTP/1.1" 200 -
2026-03-24 09:31:00,615 - werkzeug - INFO - 127.0.0.1 - - [24/Mar/2026 09:31:00] "GET /api/history HTTP/1.1" 200 -
2026-03-24 09:31:00,619 - werkzeug - INFO - 127.0.0.1 - - [24/Mar/2026 09:31:00] "GET /api/archive?q=&tool= HTTP/1.1" 200 -
2026-03-24 09:31:00,964 - werkzeug - INFO - 127.0.0.1 - - [24/Mar/2026 09:31:00] "GET /api/history HTTP/1.1" 200 -
2026-03-24 09:31:00,969 - werkzeug - INFO - 127.0.0.1 - - [24/Mar/2026 09:31:00] "GET /api/archive?q=&tool= HTTP/1.1" 200 -
2026-03-24 09:31:30,972 - werkzeug - INFO - 127.0.0.1 - - [24/Mar/2026 09:31:30] "GET /api/history HTTP/1.1" 200 -
2026-03-24 09:31:31,040 - werkzeug - INFO - 127.0.0.1 - - [24/Mar/2026 09:31:31] "GET /api/archive?q=&tool= HTTP/1.1" 200 -
2026-03-24 09:31:40,612 - werkzeug - INFO - 127.0.0.1 - - [24/Mar/2026 09:31:40] "GET /api/history HTTP/1.1" 200 -
2026-03-24 09:31:40,621 - werkzeug - INFO - 127.0.0.1 - - [24/Mar/2026 09:31:40] "GET /api/archive?q=&tool= HTTP/1.1" 200 -
2026-03-24 09:32:00,967 - werkzeug - INFO - 127.0.0.1 - - [24/Mar/2026 09:32:00] "GET /api/history HTTP/1.1" 200 -
2026-03-24 09:32:00,978 - werkzeug - INFO - 127.0.0.1 - - [24/Mar/2026 09:32:00] "GET /api/archive?q=&tool= HTTP/1.1" 200 -
2026-03-24 09:32:15,040 - __main__ - WARNING - 404 Not Found: /api/phone
2026-03-24 09:32:15,041 - werkzeug - INFO - 127.0.0.1 - - [24/Mar/2026 09:32:15] "[33mPOST /api/phone HTTP/1.1[0m" 404 -
2026-03-24 09:32:30,964 - werkzeug - INFO - 127.0.0.1 - - [24/Mar/2026 09:32:30] "GET /api/history HTTP/1.1" 200 -
2026-03-24 09:32:30,977 - werkzeug - INFO - 127.0.0.1 - - [24/Mar/2026 09:32:30] "GET /api/archive?q=&tool= HTTP/1.1" 200 -
2026-03-24 09:32:38,317 - httpx - INFO - HTTP Request: GET https://api.whatsapp.com/send?phone=31612345678 "HTTP/1.1 200 OK"
2026-03-24 09:32:39,284 - httpx - INFO - HTTP Request: GET https://t.me/+31612345678 "HTTP/1.1 200 OK"
2026-03-24 09:32:40,616 - werkzeug - INFO - 127.0.0.1 - - [24/Mar/2026 09:32:40] "GET /api/history HTTP/1.1" 200 -
2026-03-24 09:32:40,623 - werkzeug - INFO - 127.0.0.1 - - [24/Mar/2026 09:32:40] "GET /api/archive?q=&tool= HTTP/1.1" 200 -
2026-03-24 09:33:00,958 - werkzeug - INFO - 127.0.0.1 - - [24/Mar/2026 09:33:00] "GET /api/history HTTP/1.1" 200 -
2026-03-24 09:33:00,965 - werkzeug - INFO - 127.0.0.1 - - [24/Mar/2026 09:33:00] "GET /api/archive?q=&tool= HTTP/1.1" 200 -
2026-03-24 09:33:30,959 - werkzeug - INFO - 127.0.0.1 - - [24/Mar/2026 09:33:30] "GET /api/history HTTP/1.1" 200 -
2026-03-24 09:33:30,970 - werkzeug - INFO - 127.0.0.1 - - [24/Mar/2026 09:33:30] "GET /api/archive?q=&tool= HTTP/1.1" 200 -
2026-03-24 09:33:38,396 - werkzeug - INFO - 127.0.0.1 - - [24/Mar/2026 09:33:38] "POST /api/system/restart HTTP/1.1" 200 -
2026-03-24 09:33:46,969 - werkzeug - INFO - [31m[1mWARNING: This is a development server. Do not use it in a production deployment. Use a production WSGI server instead.[0m
 * Running on all addresses (0.0.0.0)
 * Running on http://127.0.0.1:5000
 * Running on http://10.2.0.2:5000
2026-03-24 09:33:46,969 - werkzeug - INFO - [33mPress CTRL+C to quit[0m
2026-03-24 09:33:47,019 - werkzeug - INFO - 127.0.0.1 - - [24/Mar/2026 09:33:47] "GET / HTTP/1.1" 200 -
2026-03-24 09:33:47,073 - werkzeug - INFO - 127.0.0.1 - - [24/Mar/2026 09:33:47] "GET /static/style.css HTTP/1.1" 200 -
2026-03-24 09:33:47,289 - werkzeug - INFO - 127.0.0.1 - - [24/Mar/2026 09:33:47] "GET /api/version HTTP/1.1" 200 -
2026-03-24 09:33:47,320 - werkzeug - INFO - 127.0.0.1 - - [24/Mar/2026 09:33:47] "GET /api/history HTTP/1.1" 200 -
2026-03-24 09:33:47,336 - werkzeug - INFO - 127.0.0.1 - - [24/Mar/2026 09:33:47] "GET /api/archive?q=&tool= HTTP/1.1" 200 -
2026-03-24 09:33:47,342 - werkzeug - INFO - 127.0.0.1 - - [24/Mar/2026 09:33:47] "GET /api/ai/status HTTP/1.1" 200 -
2026-03-24 09:34:05,270 - werkzeug - INFO - 127.0.0.1 - - [24/Mar/2026 09:34:05] "[31m[1mPOST /api/phone HTTP/1.1[0m" 400 -
2026-03-24 09:34:14,527 - httpx - INFO - HTTP Request: GET https://api.whatsapp.com/send?phone=31655344311 "HTTP/1.1 200 OK"
2026-03-24 09:34:15,559 - httpx - INFO - HTTP Request: GET https://t.me/+31655344311 "HTTP/1.1 200 OK"
2026-03-24 09:34:15,565 - werkzeug - INFO - 127.0.0.1 - - [24/Mar/2026 09:34:15] "POST /api/phone HTTP/1.1" 200 -
2026-03-24 09:34:17,261 - werkzeug - INFO - 127.0.0.1 - - [24/Mar/2026 09:34:17] "GET /api/history HTTP/1.1" 200 -
2026-03-24 09:34:17,268 - werkzeug - INFO - 127.0.0.1 - - [24/Mar/2026 09:34:17] "GET /api/archive?q=&tool= HTTP/1.1" 200 -
2026-03-24 09:34:47,261 - werkzeug - INFO - 127.0.0.1 - - [24/Mar/2026 09:34:47] "GET /api/history HTTP/1.1" 200 -
2026-03-24 09:34:47,278 - werkzeug - INFO - 127.0.0.1 - - [24/Mar/2026 09:34:47] "GET /api/archive?q=&tool= HTTP/1.1" 200 -
2026-03-24 09:34:50,066 - httpx - INFO - HTTP Request: GET https://api.whatsapp.com/send?phone=31655344311 "HTTP/1.1 200 OK"
2026-03-24 09:34:50,609 - werkzeug - INFO - 127.0.0.1 - - [24/Mar/2026 09:34:50] "GET /api/history HTTP/1.1" 200 -
2026-03-24 09:34:50,614 - werkzeug - INFO - 127.0.0.1 - - [24/Mar/2026 09:34:50] "GET /api/archive?q=&tool= HTTP/1.1" 200 -
2026-03-24 09:34:51,233 - httpx - INFO - HTTP Request: GET https://t.me/+31655344311 "HTTP/1.1 200 OK"
2026-03-24 09:34:51,238 - werkzeug - INFO - 127.0.0.1 - - [24/Mar/2026 09:34:51] "POST /api/phone-lookup HTTP/1.1" 200 -
2026-03-24 09:35:05,818 - httpx - INFO - HTTP Request: GET https://api.whatsapp.com/send?phone=31655344311 "HTTP/1.1 200 OK"
2026-03-24 09:35:06,897 - httpx - INFO - HTTP Request: GET https://t.me/+31655344311 "HTTP/1.1 200 OK"
2026-03-24 09:35:06,902 - werkzeug - INFO - 127.0.0.1 - - [24/Mar/2026 09:35:06] "POST /api/phone HTTP/1.1" 200 -
2026-03-24 09:35:17,230 - werkzeug - INFO - 127.0.0.1 - - [24/Mar/2026 09:35:17] "GET /api/history HTTP/1.1" 200 -
2026-03-24 09:35:17,238 - werkzeug - INFO - 127.0.0.1 - - [24/Mar/2026 09:35:17] "GET /api/archive?q=&tool= HTTP/1.1" 200 -
2026-03-24 09:35:47,222 - werkzeug - INFO - 127.0.0.1 - - [24/Mar/2026 09:35:47] "GET /api/history HTTP/1.1" 200 -
2026-03-24 09:35:47,230 - werkzeug - INFO - 127.0.0.1 - - [24/Mar/2026 09:35:47] "GET /api/archive?q=&tool= HTTP/1.1" 200 -
2026-03-24 09:35:50,562 - werkzeug - INFO - 127.0.0.1 - - [24/Mar/2026 09:35:50] "GET /api/history HTTP/1.1" 200 -
2026-03-24 09:35:50,567 - werkzeug - INFO - 127.0.0.1 - - [24/Mar/2026 09:35:50] "GET /api/archive?q=&tool= HTTP/1.1" 200 -
2026-03-24 09:36:17,219 - werkzeug - INFO - 127.0.0.1 - - [24/Mar/2026 09:36:17] "GET /api/history HTTP/1.1" 200 -
2026-03-24 09:36:17,230 - werkzeug - INFO - 127.0.0.1 - - [24/Mar/2026 09:36:17] "GET /api/archive?q=&tool= HTTP/1.1" 200 -
2026-03-24 09:36:41,411 - werkzeug - INFO - 127.0.0.1 - - [24/Mar/2026 09:36:41] "GET /api/archive?q=&tool= HTTP/1.1" 200 -
2026-03-24 09:36:41,413 - werkzeug - INFO - 127.0.0.1 - - [24/Mar/2026 09:36:41] "GET /api/history HTTP/1.1" 200 -
2026-03-24 09:36:47,218 - werkzeug - INFO - 127.0.0.1 - - [24/Mar/2026 09:36:47] "GET /api/history HTTP/1.1" 200 -
2026-03-24 09:36:47,227 - werkzeug - INFO - 127.0.0.1 - - [24/Mar/2026 09:36:47] "GET /api/archive?q=&tool= HTTP/1.1" 200 -
2026-03-24 09:37:17,221 - werkzeug - INFO - 127.0.0.1 - - [24/Mar/2026 09:37:17] "GET /api/history HTTP/1.1" 200 -
2026-03-24 09:37:17,232 - werkzeug - INFO - 127.0.0.1 - - [24/Mar/2026 09:37:17] "GET /api/archive?q=&tool= HTTP/1.1" 200 -
2026-03-24 09:37:47,211 - werkzeug - INFO - 127.0.0.1 - - [24/Mar/2026 09:37:47] "GET /api/history HTTP/1.1" 200 -
2026-03-24 09:37:47,223 - werkzeug - INFO - 127.0.0.1 - - [24/Mar/2026 09:37:47] "GET /api/archive?q=&tool= HTTP/1.1" 200 -
2026-03-24 09:37:50,602 - werkzeug - INFO - 127.0.0.1 - - [24/Mar/2026 09:37:50] "GET /api/history HTTP/1.1" 200 -
2026-03-24 09:37:50,607 - werkzeug - INFO - 127.0.0.1 - - [24/Mar/2026 09:37:50] "GET /api/archive?q=&tool= HTTP/1.1" 200 -
2026-03-24 09:38:17,213 - werkzeug - INFO - 127.0.0.1 - - [24/Mar/2026 09:38:17] "GET /api/history HTTP/1.1" 200 -
2026-03-24 09:38:17,225 - werkzeug - INFO - 127.0.0.1 - - [24/Mar/2026 09:38:17] "GET /api/archive?q=&tool= HTTP/1.1" 200 -
2026-03-24 09:38:41,901 - werkzeug - INFO - 127.0.0.1 - - [24/Mar/2026 09:38:41] "GET /api/history HTTP/1.1" 200 -
2026-03-24 09:38:41,911 - werkzeug - INFO - 127.0.0.1 - - [24/Mar/2026 09:38:41] "GET /api/archive?q=&tool= HTTP/1.1" 200 -
2026-03-24 09:38:47,206 - werkzeug - INFO - 127.0.0.1 - - [24/Mar/2026 09:38:47] "GET /api/history HTTP/1.1" 200 -
2026-03-24 09:38:47,216 - werkzeug - INFO - 127.0.0.1 - - [24/Mar/2026 09:38:47] "GET /api/archive?q=&tool= HTTP/1.1" 200 -
2026-03-24 09:39:17,206 - werkzeug - INFO - 127.0.0.1 - - [24/Mar/2026 09:39:17] "GET /api/history HTTP/1.1" 200 -
2026-03-24 09:39:17,218 - werkzeug - INFO - 127.0.0.1 - - [24/Mar/2026 09:39:17] "GET /api/archive?q=&tool= HTTP/1.1" 200 -
2026-03-24 09:39:47,206 - werkzeug - INFO - 127.0.0.1 - - [24/Mar/2026 09:39:47] "GET /api/history HTTP/1.1" 200 -
2026-03-24 09:39:47,217 - werkzeug - INFO - 127.0.0.1 - - [24/Mar/2026 09:39:47] "GET /api/archive?q=&tool= HTTP/1.1" 200 -
2026-03-24 09:39:48,545 - werkzeug - INFO - 127.0.0.1 - - [24/Mar/2026 09:39:48] "GET /api/history HTTP/1.1" 200 -
2026-03-24 09:39:48,549 - werkzeug - INFO - 127.0.0.1 - - [24/Mar/2026 09:39:48] "GET /api/archive?q=&tool= HTTP/1.1" 200 -
2026-03-24 09:40:17,203 - werkzeug - INFO - 127.0.0.1 - - [24/Mar/2026 09:40:17] "GET /api/history HTTP/1.1" 200 -
2026-03-24 09:40:17,212 - werkzeug - INFO - 127.0.0.1 - - [24/Mar/2026 09:40:17] "GET /api/archive?q=&tool= HTTP/1.1" 200 -
2026-03-24 09:40:43,999 - werkzeug - INFO - 127.0.0.1 - - [24/Mar/2026 09:40:43] "GET /api/history HTTP/1.1" 200 -
2026-03-24 09:40:44,005 - werkzeug - INFO - 127.0.0.1 - - [24/Mar/2026 09:40:44] "GET /api/archive?q=&tool= HTTP/1.1" 200 -
2026-03-24 09:40:47,203 - werkzeug - INFO - 127.0.0.1 - - [24/Mar/2026 09:40:47] "GET /api/history HTTP/1.1" 200 -
2026-03-24 09:40:47,208 - werkzeug - INFO - 127.0.0.1 - - [24/Mar/2026 09:40:47] "GET /api/archive?q=&tool= HTTP/1.1" 200 -
2026-03-24 09:41:17,201 - werkzeug - INFO - 127.0.0.1 - - [24/Mar/2026 09:41:17] "GET /api/history HTTP/1.1" 200 -
2026-03-24 09:41:17,214 - werkzeug - INFO - 127.0.0.1 - - [24/Mar/2026 09:41:17] "GET /api/archive?q=&tool= HTTP/1.1" 200 -
2026-03-24 09:41:40,652 - werkzeug - INFO - 127.0.0.1 - - [24/Mar/2026 09:41:40] "GET /api/history HTTP/1.1" 200 -
2026-03-24 09:41:40,690 - werkzeug - INFO - 127.0.0.1 - - [24/Mar/2026 09:41:40] "GET /api/archive?q=&tool= HTTP/1.1" 200 -
2026-03-24 09:41:47,200 - werkzeug - INFO - 127.0.0.1 - - [24/Mar/2026 09:41:47] "GET /api/history HTTP/1.1" 200 -
2026-03-24 09:41:47,215 - werkzeug - INFO - 127.0.0.1 - - [24/Mar/2026 09:41:47] "GET /api/archive?q=&tool= HTTP/1.1" 200 -
2026-03-24 09:42:05,164 - werkzeug - INFO - 127.0.0.1 - - [24/Mar/2026 09:42:05] "GET / HTTP/1.1" 200 -
2026-03-24 09:42:17,196 - werkzeug - INFO - 127.0.0.1 - - [24/Mar/2026 09:42:17] "GET /api/history HTTP/1.1" 200 -
2026-03-24 09:42:17,207 - werkzeug - INFO - 127.0.0.1 - - [24/Mar/2026 09:42:17] "GET /api/archive?q=&tool= HTTP/1.1" 200 -
2026-03-24 09:42:47,192 - werkzeug - INFO - 127.0.0.1 - - [24/Mar/2026 09:42:47] "GET /api/history HTTP/1.1" 200 -
2026-03-24 09:42:47,203 - werkzeug - INFO - 127.0.0.1 - - [24/Mar/2026 09:42:47] "GET /api/archive?q=&tool= HTTP/1.1" 200 -
2026-03-24 09:43:00,539 - werkzeug - INFO - 127.0.0.1 - - [24/Mar/2026 09:43:00] "GET /api/history HTTP/1.1" 200 -
2026-03-24 09:43:00,544 - werkzeug - INFO - 127.0.0.1 - - [24/Mar/2026 09:43:00] "GET /api/archive?q=&tool= HTTP/1.1" 200 -
2026-03-24 09:43:17,193 - werkzeug - INFO - 127.0.0.1 - - [24/Mar/2026 09:43:17] "GET /api/history HTTP/1.1" 200 -
2026-03-24 09:43:17,204 - werkzeug - INFO - 127.0.0.1 - - [24/Mar/2026 09:43:17] "GET /api/archive?q=&tool= HTTP/1.1" 200 -
2026-03-24 09:43:32,882 - httpx - INFO - HTTP Request: HEAD https://www.1337x.to/user/test@test.com/ "HTTP/1.1 403 Forbidden"
2026-03-24 09:43:34,377 - httpx - INFO - HTTP Request: HEAD https://www.1337x.to/user/test@test.com/ "HTTP/1.1 403 Forbidden"
2026-03-24 09:43:35,110 - httpx - INFO - HTTP Request: HEAD https://2dimensions.com/a/test@test.com "HTTP/1.1 301 Moved Permanently"
2026-03-24 09:43:35,416 - httpx - INFO - HTTP Request: HEAD http://rive.app/a/test@test.com "HTTP/1.1 301 Moved Permanently"
2026-03-24 09:43:36,194 - httpx - INFO - HTTP Request: HEAD https://rive.app/a/test@test.com "HTTP/1.1 404 Not Found"
2026-03-24 09:43:37,426 - httpx - INFO - HTTP Request: HEAD https://www.7cups.com/@test@test.com "HTTP/1.1 404 Not Found"
2026-03-24 09:43:38,331 - httpx - INFO - HTTP Request: HEAD https://apclips.com/test@test.com "HTTP/1.1 403 Forbidden"
2026-03-24 09:43:39,451 - httpx - INFO - HTTP Request: HEAD https://apclips.com/test@test.com "HTTP/1.1 403 Forbidden"
2026-03-24 09:43:40,486 - httpx - INFO - HTTP Request: HEAD https://about.me/test@test.com "HTTP/1.1 404 Not Found"
2026-03-24 09:43:41,018 - httpx - INFO - HTTP Request: HEAD https://independent.academia.edu/test@test.com "HTTP/1.1 404 Not Found"
2026-03-24 09:43:42,002 - httpx - INFO - HTTP Request: HEAD https://admireme.vip/test@test.com "HTTP/1.1 404 Not Found"
2026-03-24 09:43:43,055 - httpx - INFO - HTTP Request: HEAD https://airbit.com/test@test.com "HTTP/1.1 404 Not Found"
2026-03-24 09:43:43,739 - httpx - INFO - HTTP Request: HEAD https://www.airliners.net/user/test@test.com/profile/photos "HTTP/1.1 404 Not Found"
2026-03-24 09:43:44,227 - httpx - INFO - HTTP Request: HEAD https://www.allthingsworn.com/profile/test@test.com "HTTP/1.1 403 Forbidden"
2026-03-24 09:43:45,723 - httpx - INFO - HTTP Request: HEAD https://www.allthingsworn.com/profile/test@test.com "HTTP/1.1 403 Forbidden"
2026-03-24 09:43:46,450 - httpx - INFO - HTTP Request: HEAD https://allmylinks.com/test@test.com "HTTP/1.1 404 Not Found"
2026-03-24 09:43:47,192 - werkzeug - INFO - 127.0.0.1 - - [24/Mar/2026 09:43:47] "GET /api/history HTTP/1.1" 200 -
2026-03-24 09:43:47,236 - werkzeug - INFO - 127.0.0.1 - - [24/Mar/2026 09:43:47] "GET /api/archive?q=&tool= HTTP/1.1" 200 -
2026-03-24 09:43:47,288 - httpx - INFO - HTTP Request: HEAD https://aniworld.to/user/profil/test@test.com "HTTP/1.1 400 Bad Request"
2026-03-24 09:43:48,915 - httpx - INFO - HTTP Request: HEAD https://anilist.co/user/test@test.com/ "HTTP/1.1 200 OK"
2026-03-24 09:43:50,118 - httpx - INFO - HTTP Request: HEAD https://developer.apple.com/forums/profile/test@test.com "HTTP/1.1 404 Not Found"
2026-03-24 09:43:51,144 - httpx - INFO - HTTP Request: HEAD https://discussions.apple.com/profile/test@test.com "HTTP/1.1 404 Not Found"
2026-03-24 09:43:51,687 - httpx - INFO - HTTP Request: HEAD https://www.aparat.com/test@test.com/ "HTTP/1.0 504 Gateway Timeout"
2026-03-24 09:43:52,185 - httpx - INFO - HTTP Request: HEAD https://archiveofourown.org/users/test@test.com "HTTP/1.1 403 Forbidden"
2026-03-24 09:43:53,678 - httpx - INFO - HTTP Request: HEAD https://archiveofourown.org/users/test@test.com "HTTP/1.1 403 Forbidden"
2026-03-24 09:43:54,665 - httpx - INFO - HTTP Request: HEAD https://archive.org/details/@test@test.com "HTTP/1.1 200 OK"
2026-03-24 09:43:55,415 - httpx - INFO - HTTP Request: HEAD https://forum.arduino.cc/u/test@test.com/summary "HTTP/1.1 404 Not Found"
2026-03-24 09:43:55,879 - httpx - INFO - HTTP Request: HEAD https://www.artstation.com/test@test.com "HTTP/1.1 403 Forbidden"
2026-03-24 09:43:57,349 - httpx - INFO - HTTP Request: HEAD https://www.artstation.com/test@test.com "HTTP/1.1 403 Forbidden"
2026-03-24 09:43:58,210 - httpx - INFO - HTTP Request: HEAD https://asciinema.org/~test@test.com "HTTP/1.1 404 Not Found"
2026-03-24 09:43:58,995 - werkzeug - INFO - 127.0.0.1 - - [24/Mar/2026 09:43:58] "GET /api/history HTTP/1.1" 200 -
2026-03-24 09:43:59,002 - werkzeug - INFO - 127.0.0.1 - - [24/Mar/2026 09:43:59] "GET /api/archive?q=&tool= HTTP/1.1" 200 -
2026-03-24 09:43:59,051 - httpx - INFO - HTTP Request: HEAD https://ask.fedoraproject.org/u/test@test.com "HTTP/1.1 301 Moved Permanently"
2026-03-24 09:44:00,123 - httpx - INFO - HTTP Request: HEAD https://discussion.fedoraproject.org/askfedora/u/test@test.com "HTTP/1.1 404 Not Found"
2026-03-24 09:44:01,179 - httpx - INFO - HTTP Request: HEAD https://atcoder.jp/users/test@test.com "HTTP/1.1 404 Not Found"
2026-03-24 09:44:01,896 - httpx - INFO - HTTP Request: HEAD https://vjudge.net/user/test@test.com "HTTP/1.1 404 Not Found"
2026-03-24 09:44:02,530 - httpx - INFO - HTTP Request: HEAD https://audiojungle.net/user/test@test.com "HTTP/1.1 404 Not Found"
2026-03-24 09:44:03,631 - httpx - INFO - HTTP Request: HEAD https://www.autofrage.net/nutzer/test@test.com "HTTP/1.1 404 Not Found"
2026-03-24 09:44:04,595 - httpx - INFO - HTTP Request: HEAD https://www.avizo.cz/test@test.com/ "HTTP/1.1 301 Moved Permanently"
2026-03-24 09:44:04,813 - httpx - INFO - HTTP Request: HEAD https://www.avizo.cz/firma/test "HTTP/1.1 301 Moved Permanently"
2026-03-24 09:44:05,172 - httpx - INFO - HTTP Request: HEAD https://www.avizo.cz/firma/test/ "HTTP/1.1 200 OK"
2026-03-24 09:44:05,992 - httpx - INFO - HTTP Request: HEAD https://skillsprofile.skillbuilder.aws/user/test@test.com/ "HTTP/1.1 308 Permanent Redirect"
2026-03-24 09:44:06,504 - httpx - INFO - HTTP Request: HEAD https://skillsprofile.skillbuilder.aws/user/test@test.com "HTTP/1.1 200 OK"
2026-03-24 09:44:07,306 - httpx - INFO - HTTP Request: HEAD https://www.bandcamp.com/test@test.com "HTTP/1.1 301 Moved Permanently"
2026-03-24 09:44:07,850 - httpx - INFO - HTTP Request: HEAD https://bandcamp.com/test@test.com "HTTP/1.1 404 Not Found"
2026-03-24 09:44:09,208 - httpx - INFO - HTTP Request: HEAD https://www.bazar.cz/test@test.com/ "HTTP/1.1 404 Not Found"
2026-03-24 09:44:09,889 - httpx - INFO - HTTP Request: HEAD https://www.behance.net/test@test.com "HTTP/1.1 404 Not Found"
2026-03-24 09:44:10,804 - httpx - INFO - HTTP Request: HEAD https://bezuzyteczna.pl/uzytkownicy/test@test.com "HTTP/1.1 404 Not Found"
2026-03-24 09:44:11,294 - httpx - INFO - HTTP Request: HEAD https://www.biggerpockets.com/users/test@test.com "HTTP/1.1 403 Forbidden"
2026-03-24 09:44:12,414 - httpx - INFO - HTTP Request: HEAD https://www.biggerpockets.com/users/test@test.com "HTTP/1.1 403 Forbidden"
2026-03-24 09:44:13,061 - httpx - INFO - HTTP Request: HEAD https://forum.dangerousthings.com/u/test@test.com "HTTP/1.1 404 Not Found"
2026-03-24 09:44:13,855 - httpx - INFO - HTTP Request: HEAD https://bitbucket.org/test@test.com/ "HTTP/1.1 404 Not Found"
2026-03-24 09:44:14,673 - httpx - INFO - HTTP Request: HEAD https://community.bitwarden.com/u/test@test.com/summary "HTTP/1.1 404 Not Found"
2026-03-24 09:44:15,618 - httpx - INFO - HTTP Request: HEAD https://www.blipfoto.com/test@test.com "HTTP/1.1 404 Not Found"
2026-03-24 09:44:16,301 - httpx - INFO - HTTP Request: HEAD https://blitztactics.com/test@test.com "HTTP/1.1 404 Not Found"
2026-03-24 09:44:17,187 - werkzeug - INFO - 127.0.0.1 - - [24/Mar/2026 09:44:17] "GET /api/history HTTP/1.1" 200 -
2026-03-24 09:44:17,200 - werkzeug - INFO - 127.0.0.1 - - [24/Mar/2026 09:44:17] "GET /api/archive?q=&tool= HTTP/1.1" 200 -
2026-03-24 09:44:17,434 - httpx - INFO - HTTP Request: HEAD https://bsky.app/profile/test@test.com.bsky.social "HTTP/1.1 404 Not Found"
2026-03-24 09:44:18,029 - httpx - INFO - HTTP Request: HEAD https://pt.bongacams.com/profile/test@test.com "HTTP/1.1 403 Forbidden"
2026-03-24 09:44:19,500 - httpx - INFO - HTTP Request: HEAD https://pt.bongacams.com/profile/test@test.com "HTTP/1.1 403 Forbidden"
2026-03-24 09:44:19,999 - httpx - INFO - HTTP Request: HEAD https://www.bookcrossing.com/mybookshelf/test@test.com/ "HTTP/1.1 403 Forbidden"
2026-03-24 09:44:21,497 - httpx - INFO - HTTP Request: HEAD https://www.bookcrossing.com/mybookshelf/test@test.com/ "HTTP/1.1 403 Forbidden"
2026-03-24 09:44:22,064 - httpx - INFO - HTTP Request: HEAD https://boardgamegeek.com/user/test@test.com "HTTP/1.1 403 Forbidden"
2026-03-24 09:44:23,522 - httpx - INFO - HTTP Request: HEAD https://boardgamegeek.com/user/test@test.com "HTTP/1.1 403 Forbidden"
2026-03-24 09:44:23,980 - httpx - INFO - HTTP Request: HEAD https://community.brave.com/u/test@test.com/ "HTTP/1.1 301 Moved Permanently"
2026-03-24 09:44:24,805 - httpx - INFO - HTTP Request: HEAD https://community.brave.app/u/test@test.com/ "HTTP/1.1 404 Not Found"
2026-03-24 09:44:25,706 - httpx - INFO - HTTP Request: HEAD https://bugcrowd.com/test@test.com "HTTP/1.1 404 Not Found"
2026-03-24 09:44:26,267 - httpx - INFO - HTTP Request: HEAD https://buymeacoff.ee/test@test.com "HTTP/1.1 301 Moved Permanently"
2026-03-24 09:44:26,821 - httpx - INFO - HTTP Request: HEAD https://buymeacoffee.com/test@test.com "HTTP/1.1 404 Not Found"
2026-03-24 09:44:27,230 - httpx - INFO - HTTP Request: HEAD https://buzzfeed.com/test@test.com "HTTP/1.1 301 Moved Permanently"
2026-03-24 09:44:27,803 - httpx - INFO - HTTP Request: HEAD https://www.buzzfeed.com/test@test.com "HTTP/1.1 404 Not Found"
2026-03-24 09:44:28,764 - httpx - INFO - HTTP Request: HEAD https://forum.cfx.re/u/test@test.com/summary "HTTP/1.1 404 Not Found"
2026-03-24 09:44:29,457 - httpx - INFO - HTTP Request: HEAD https://www.cgtrader.com/test@test.com "HTTP/1.1 301 Moved Permanently"
2026-03-24 09:44:29,619 - httpx - INFO - HTTP Request: HEAD https://www.cgtrader.com/designers/test@test "HTTP/1.1 301 Moved Permanently"
2026-03-24 09:44:29,971 - httpx - INFO - HTTP Request: HEAD https://www.cgtrader.com/not_found "HTTP/1.1 404 Not Found"
2026-03-24 09:44:31,078 - httpx - INFO - HTTP Request: HEAD https://www.cnet.com/profiles/test@test.com/ "HTTP/1.1 404 Not Found"
2026-03-24 09:44:31,544 - httpx - INFO - HTTP Request: HEAD https://cssbattle.dev/player/test@test.com "HTTP/1.1 403 Forbidden"
2026-03-24 09:44:32,661 - httpx - INFO - HTTP Request: HEAD https://cssbattle.dev/player/test@test.com "HTTP/1.1 403 Forbidden"
2026-03-24 09:44:33,676 - httpx - INFO - HTTP Request: HEAD https://ctan.org/author/test@test.com "HTTP/1.1 404 404"
2026-03-24 09:44:34,559 - httpx - INFO - HTTP Request: HEAD https://caddy.community/u/test@test.com/summary "HTTP/1.1 404 Not Found"
2026-03-24 09:44:35,358 - httpx - INFO - HTTP Request: HEAD https://community.cartalk.com/u/test@test.com/summary "HTTP/1.1 404 Not Found"
2026-03-24 09:44:47,185 - werkzeug - INFO - 127.0.0.1 - - [24/Mar/2026 09:44:47] "GET /api/history HTTP/1.1" 200 -
2026-03-24 09:44:47,196 - werkzeug - INFO - 127.0.0.1 - - [24/Mar/2026 09:44:47] "GET /api/archive?q=&tool= HTTP/1.1" 200 -
2026-03-24 09:44:47,805 - httpx - INFO - HTTP Request: HEAD https://career.habr.com/test@test.com "HTTP/1.1 404 Not Found"
2026-03-24 09:44:48,369 - httpx - INFO - HTTP Request: HEAD https://cash.app/$test@test.com "HTTP/1.1 403 Forbidden"
2026-03-24 09:44:49,490 - httpx - INFO - HTTP Request: HEAD https://cash.app/$test@test.com "HTTP/1.1 403 Forbidden"
2026-03-24 09:44:50,761 - httpx - INFO - HTTP Request: HEAD https://www.championat.com/user/test@test.com "HTTP/1.1 404 Not Found"
2026-03-24 09:44:52,877 - httpx - INFO - HTTP Request: HEAD https://profil.chatujme.cz/test@test.com "HTTP/1.1 404 Not Found"
2026-03-24 09:44:53,467 - httpx - INFO - HTTP Request: HEAD https://chaturbate.com/test@test.com "HTTP/1.1 403 Forbidden"
2026-03-24 09:44:54,839 - httpx - INFO - HTTP Request: HEAD https://chaturbate.com/test@test.com "HTTP/1.1 403 Forbidden"
2026-03-24 09:44:55,625 - httpx - INFO - HTTP Request: HEAD https://www.chess.com/member/test@test.com "HTTP/1.1 404 Not Found"
2026-03-24 09:44:56,472 - httpx - INFO - HTTP Request: HEAD https://choice.community/u/test@test.com/summary "HTTP/1.1 404 Not Found"
2026-03-24 09:44:57,096 - httpx - INFO - HTTP Request: HEAD https://clapperapp.com/test@test.com "HTTP/1.1 301 Found"
2026-03-24 09:44:58,137 - httpx - INFO - HTTP Request: HEAD https://www.clapperapp.com/test@test.com "HTTP/1.1 400 Bad Request"
2026-03-24 09:44:58,699 - httpx - INFO - HTTP Request: HEAD https://community.cloudflare.com/u/test@test.com "HTTP/1.1 403 Forbidden"
2026-03-24 09:45:00,074 - httpx - INFO - HTTP Request: HEAD https://community.cloudflare.com/u/test@test.com "HTTP/1.1 403 Forbidden"
2026-03-24 09:45:00,528 - werkzeug - INFO - 127.0.0.1 - - [24/Mar/2026 09:45:00] "GET /api/history HTTP/1.1" 200 -
2026-03-24 09:45:00,533 - werkzeug - INFO - 127.0.0.1 - - [24/Mar/2026 09:45:00] "GET /api/archive?q=&tool= HTTP/1.1" 200 -
2026-03-24 09:45:00,844 - httpx - INFO - HTTP Request: HEAD https://www.clozemaster.com/players/test@test.com "HTTP/1.1 302 Found"
2026-03-24 09:45:01,023 - httpx - INFO - HTTP Request: HEAD https://www.clozemaster.com/dashboard "HTTP/1.1 200 OK"
2026-03-24 09:45:01,796 - httpx - INFO - HTTP Request: HEAD https://www.clubhouse.com/@test@test.com "HTTP/1.1 404 Not Found"
2026-03-24 09:45:02,408 - httpx - INFO - HTTP Request: HEAD https://codesnippets.fandom.com/wiki/User:test@test.com "HTTP/1.1 403 Forbidden"
2026-03-24 09:45:03,883 - httpx - INFO - HTTP Request: HEAD https://codesnippets.fandom.com/wiki/User:test@test.com "HTTP/1.1 403 Forbidden"
2026-03-24 09:45:04,765 - httpx - INFO - HTTP Request: HEAD https://codeberg.org/test@test.com "HTTP/1.1 404 Not Found"
2026-03-24 09:45:05,688 - httpx - INFO - HTTP Request: HEAD https://www.codecademy.com/profiles/test@test.com "HTTP/1.1 200 OK"
2026-03-24 09:45:06,342 - httpx - INFO - HTTP Request: HEAD https://www.codechef.com/users/test@test.com "HTTP/1.1 302 Found"
2026-03-24 09:45:06,515 - httpx - INFO - HTTP Request: HEAD https://www.codechef.com/ "HTTP/1.1 200 OK"
2026-03-24 09:45:07,106 - httpx - INFO - HTTP Request: HEAD https://codeforces.com/profile/test@test.com "HTTP/1.1 403 Forbidden"
2026-03-24 09:45:08,500 - httpx - INFO - HTTP Request: HEAD https://codeforces.com/profile/test@test.com "HTTP/1.1 403 Forbidden"
2026-03-24 09:45:09,080 - httpx - INFO - HTTP Request: HEAD https://codepen.io/test@test.com "HTTP/1.1 403 Forbidden"
2026-03-24 09:45:10,469 - httpx - INFO - HTTP Request: HEAD https://codepen.io/test@test.com "HTTP/1.1 403 Forbidden"
2026-03-24 09:45:11,389 - httpx - INFO - HTTP Request: HEAD https://profile.codersrank.io/user/test@test.com/ "HTTP/1.1 200 OK"
2026-03-24 09:45:12,089 - httpx - INFO - HTTP Request: HEAD https://coderwall.com/test@test.com "HTTP/1.1 404 Not Found"
2026-03-24 09:45:12,774 - httpx - INFO - HTTP Request: HEAD https://codesandbox.io/u/test@test.com "HTTP/1.1 200 OK"
2026-03-24 09:45:13,441 - httpx - INFO - HTTP Request: HEAD https://www.codewars.com/users/test@test.com "HTTP/1.1 404 Not Found"
2026-03-24 09:45:14,058 - httpx - INFO - HTTP Request: HEAD https://codolio.com/profile/test@test.com "HTTP/1.1 200 OK"
2026-03-24 09:45:14,648 - httpx - INFO - HTTP Request: HEAD https://coinvote.cc/profile/test@test.com "HTTP/1.1 410 Gone"
2026-03-24 09:45:15,238 - httpx - INFO - HTTP Request: HEAD https://www.colourlovers.com/lover/test@test.com "HTTP/1.1 403 Forbidden"
2026-03-24 09:45:16,635 - httpx - INFO - HTTP Request: HEAD https://www.colourlovers.com/lover/test@test.com "HTTP/1.1 403 Forbidden"
2026-03-24 09:45:25,558 - werkzeug - INFO - [31m[1mWARNING: This is a development server. Do not use it in a production deployment. Use a production WSGI server instead.[0m
 * Running on all addresses (0.0.0.0)
 * Running on http://127.0.0.1:5000
 * Running on http://10.2.0.2:5000
2026-03-24 09:45:25,558 - werkzeug - INFO - [33mPress CTRL+C to quit[0m
2026-03-24 09:45:30,914 - werkzeug - INFO - 127.0.0.1 - - [24/Mar/2026 09:45:30] "GET /api/version HTTP/1.1" 200 -
2026-03-24 09:45:32,844 - httpx - INFO - HTTP Request: GET https://api.whatsapp.com/send?phone=31612345678 "HTTP/1.1 200 OK"
2026-03-24 09:45:33,874 - httpx - INFO - HTTP Request: GET https://t.me/+31612345678 "HTTP/1.1 200 OK"
2026-03-24 09:45:33,881 - werkzeug - INFO - 127.0.0.1 - - [24/Mar/2026 09:45:33] "POST /api/phone HTTP/1.1" 200 -
2026-03-24 09:45:47,184 - werkzeug - INFO - 127.0.0.1 - - [24/Mar/2026 09:45:47] "GET /api/history HTTP/1.1" 200 -
2026-03-24 09:45:47,196 - werkzeug - INFO - 127.0.0.1 - - [24/Mar/2026 09:45:47] "GET /api/archive?q=&tool= HTTP/1.1" 200 -
2026-03-24 09:45:54,430 - werkzeug - INFO - 127.0.0.1 - - [24/Mar/2026 09:45:54] "GET /api/history HTTP/1.1" 200 -
2026-03-24 09:45:54,438 - werkzeug - INFO - 127.0.0.1 - - [24/Mar/2026 09:45:54] "GET /api/archive?q=&tool= HTTP/1.1" 200 -
2026-03-24 09:46:17,180 - werkzeug - INFO - 127.0.0.1 - - [24/Mar/2026 09:46:17] "GET /api/history HTTP/1.1" 200 -
2026-03-24 09:46:17,196 - werkzeug - INFO - 127.0.0.1 - - [24/Mar/2026 09:46:17] "GET /api/archive?q=&tool= HTTP/1.1" 200 -
2026-03-24 09:46:40,525 - werkzeug - INFO - 127.0.0.1 - - [24/Mar/2026 09:46:40] "GET /api/history HTTP/1.1" 200 -
2026-03-24 09:46:40,530 - werkzeug - INFO - 127.0.0.1 - - [24/Mar/2026 09:46:40] "GET /api/archive?q=&tool= HTTP/1.1" 200 -
2026-03-24 09:46:47,180 - werkzeug - INFO - 127.0.0.1 - - [24/Mar/2026 09:46:47] "GET /api/history HTTP/1.1" 200 -
2026-03-24 09:46:47,189 - werkzeug - INFO - 127.0.0.1 - - [24/Mar/2026 09:46:47] "GET /api/archive?q=&tool= HTTP/1.1" 200 -
2026-03-24 09:47:00,058 - werkzeug - INFO - 127.0.0.1 - - [24/Mar/2026 09:47:00] "POST /api/system/restart HTTP/1.1" 200 -
2026-03-24 09:47:08,256 - werkzeug - INFO - [31m[1mWARNING: This is a development server. Do not use it in a production deployment. Use a production WSGI server instead.[0m
 * Running on all addresses (0.0.0.0)
 * Running on http://127.0.0.1:5000
 * Running on http://10.2.0.2:5000
2026-03-24 09:47:08,257 - werkzeug - INFO - [33mPress CTRL+C to quit[0m
2026-03-24 09:47:08,293 - werkzeug - INFO - 127.0.0.1 - - [24/Mar/2026 09:47:08] "GET / HTTP/1.1" 200 -
2026-03-24 09:47:08,403 - werkzeug - INFO - 127.0.0.1 - - [24/Mar/2026 09:47:08] "GET /static/style.css HTTP/1.1" 200 -
2026-03-24 09:47:40,521 - werkzeug - INFO - 127.0.0.1 - - [24/Mar/2026 09:47:40] "GET /api/history HTTP/1.1" 200 -
2026-03-24 09:47:40,526 - werkzeug - INFO - 127.0.0.1 - - [24/Mar/2026 09:47:40] "GET /api/archive?q=&tool= HTTP/1.1" 200 -
2026-03-24 09:47:47,182 - werkzeug - INFO - 127.0.0.1 - - [24/Mar/2026 09:47:47] "GET /api/history HTTP/1.1" 200 -
2026-03-24 09:47:47,197 - werkzeug - INFO - 127.0.0.1 - - [24/Mar/2026 09:47:47] "GET /api/archive?q=&tool= HTTP/1.1" 200 -
2026-03-24 09:47:50,131 - werkzeug - INFO - 127.0.0.1 - - [24/Mar/2026 09:47:50] "GET /api/history HTTP/1.1" 200 -
2026-03-24 09:47:50,142 - werkzeug - INFO - 127.0.0.1 - - [24/Mar/2026 09:47:50] "GET /api/archive?q=&tool= HTTP/1.1" 200 -
2026-03-24 09:47:52,125 - werkzeug - INFO - 127.0.0.1 - - [24/Mar/2026 09:47:52] "GET /api/version HTTP/1.1" 200 -
2026-03-24 09:47:55,060 - httpx - INFO - HTTP Request: GET https://www.facebook.com/zuck "HTTP/1.1 200 OK"
2026-03-24 09:47:57,188 - httpx - INFO - HTTP Request: GET https://www.instagram.com/instagram "HTTP/1.1 200 OK"
2026-03-24 09:47:58,040 - httpx - INFO - HTTP Request: GET https://twitter.com/elonmusk "HTTP/1.1 301 Moved Permanently"
2026-03-24 09:47:58,600 - httpx - INFO - HTTP Request: GET https://x.com/elonmusk "HTTP/1.1 200 OK"
2026-03-24 09:47:59,865 - httpx - INFO - HTTP Request: GET https://www.tiktok.com/@tiktok "HTTP/1.1 200 OK"
2026-03-24 09:48:00,682 - httpx - INFO - HTTP Request: GET https://www.youtube.com/@youtube "HTTP/1.1 200 OK"
2026-03-24 09:48:03,038 - httpx - INFO - HTTP Request: GET https://www.linkedin.com/in/satyanadella "HTTP/1.1 200 OK"
2026-03-24 09:48:04,105 - httpx - INFO - HTTP Request: GET https://www.snapchat.com/add/snapchat "HTTP/1.1 308 Permanent Redirect"
2026-03-24 09:48:04,267 - httpx - INFO - HTTP Request: GET https://www.snapchat.com/@snapchat "HTTP/1.1 404 Not Found"
2026-03-24 09:48:05,145 - httpx - INFO - HTTP Request: GET https://www.reddit.com/user/spez "HTTP/1.1 301 Moved Permanently"
2026-03-24 09:48:05,912 - httpx - INFO - HTTP Request: GET https://www.reddit.com/user/spez/ "HTTP/1.1 302 Found"
2026-03-24 09:48:06,633 - httpx - INFO - HTTP Request: GET https://www.reddit.com/user/spez/?rdt=41195 "HTTP/1.1 403 Blocked"
2026-03-24 09:48:12,669 - httpx - INFO - HTTP Request: GET https://www.pinterest.com/youtube "HTTP/1.1 301 Moved Permanently"
2026-03-24 09:48:13,894 - httpx - INFO - HTTP Request: GET https://www.pinterest.com/youtube/ "HTTP/1.1 200 OK"
2026-03-24 09:48:14,926 - httpx - INFO - HTTP Request: GET https://nytimes.tumblr.com "HTTP/1.1 403 Forbidden"
2026-03-24 09:48:15,466 - httpx - INFO - HTTP Request: GET https://www.twitch.tv/twitch "HTTP/1.1 200 OK"
2026-03-24 09:48:16,199 - httpx - INFO - HTTP Request: GET https://discord.com/users/discord "HTTP/1.1 200 OK"
2026-03-24 09:48:16,900 - httpx - INFO - HTTP Request: GET https://steamcommunity.com/id/glowe "HTTP/1.1 200 OK"
2026-03-24 09:48:17,559 - httpx - INFO - HTTP Request: GET https://open.spotify.com/user/spotify "HTTP/1.1 200 OK"
2026-03-24 09:48:18,496 - httpx - INFO - HTTP Request: GET https://soundcloud.com/soundcloud "HTTP/1.1 403 Forbidden"
2026-03-24 09:48:20,426 - httpx - INFO - HTTP Request: GET https://github.com/torvalds "HTTP/1.1 200 OK"
2026-03-24 09:48:21,469 - httpx - INFO - HTTP Request: GET https://gitlab.com/gitlab "HTTP/1.1 200 OK"
2026-03-24 09:48:22,336 - httpx - INFO - HTTP Request: GET https://bitbucket.org/bitbucket "HTTP/1.1 301 Moved Permanently"
2026-03-24 09:48:22,676 - httpx - INFO - HTTP Request: GET https://bitbucket.org/bitbucket/ "HTTP/1.1 404 Not Found"
2026-03-24 09:48:23,273 - httpx - INFO - HTTP Request: GET https://medium.com/@medium "HTTP/1.1 403 Forbidden"
2026-03-24 09:48:23,777 - httpx - INFO - HTTP Request: GET https://www.quora.com/profile/quora "HTTP/1.1 403 Forbidden"
2026-03-24 09:48:24,383 - httpx - INFO - HTTP Request: GET https://vimeo.com/vimeo "HTTP/1.1 403 Forbidden"
2026-03-24 09:48:25,798 - httpx - INFO - HTTP Request: GET https://www.flickr.com/people/flickr "HTTP/1.1 200 OK"
2026-03-24 09:48:26,657 - httpx - INFO - HTTP Request: GET https://www.behance.net/behance "HTTP/1.1 302 Found"
2026-03-24 09:48:26,782 - httpx - INFO - HTTP Request: GET https://www.behance.net/behance/moodboards "HTTP/1.1 200 OK"
2026-03-24 09:48:28,121 - httpx - INFO - HTTP Request: GET https://dribbble.com/dribbble "HTTP/1.1 200 OK"
2026-03-24 09:48:28,985 - httpx - INFO - HTTP Request: GET https://keybase.io/keybase "HTTP/1.1 302 Found"
2026-03-24 09:48:29,132 - httpx - INFO - HTTP Request: GET https://keybase.io/team/keybase "HTTP/1.1 200 OK"
2026-03-24 09:48:30,071 - httpx - INFO - HTTP Request: GET https://mastodon.social/@mastodon "HTTP/1.1 200 OK"
2026-03-24 09:48:30,867 - httpx - INFO - HTTP Request: GET https://www.threads.net/@threads "HTTP/1.1 301 Moved Permanently"
2026-03-24 09:48:31,535 - httpx - INFO - HTTP Request: GET https://www.threads.com/@threads "HTTP/1.1 200 OK"
2026-03-24 09:48:33,345 - httpx - INFO - HTTP Request: GET https://vk.com/vk "HTTP/1.1 200 OK"
2026-03-24 09:48:34,377 - httpx - INFO - HTTP Request: GET https://t.me/durov "HTTP/1.1 200 OK"
2026-03-24 09:48:34,959 - httpx - INFO - HTTP Request: GET https://cash.app/$cashapp "HTTP/1.1 403 Forbidden"
2026-03-24 09:48:35,708 - httpx - INFO - HTTP Request: GET https://venmo.com/venmo "HTTP/1.1 302 Moved Temporarily"
2026-03-24 09:48:36,373 - httpx - INFO - HTTP Request: GET https://account.venmo.com/venmo "HTTP/1.1 307 Temporary Redirect"
2026-03-24 09:48:36,615 - httpx - INFO - HTTP Request: GET https://account.venmo.com/u/venmo "HTTP/1.1 200 OK"
2026-03-24 09:48:37,681 - httpx - INFO - HTTP Request: GET https://www.deviantart.com/deviantart "HTTP/1.1 301 Moved Permanently"
2026-03-24 09:48:38,365 - httpx - INFO - HTTP Request: GET https://www.deviantart.com/team "HTTP/1.1 200 OK"
2026-03-24 09:48:39,877 - httpx - INFO - HTTP Request: GET https://imgur.com/user/imgur "HTTP/1.1 200 OK"
2026-03-24 09:48:40,525 - werkzeug - INFO - 127.0.0.1 - - [24/Mar/2026 09:48:40] "GET /api/history HTTP/1.1" 200 -
2026-03-24 09:48:40,536 - werkzeug - INFO - 127.0.0.1 - - [24/Mar/2026 09:48:40] "GET /api/archive?q=&tool= HTTP/1.1" 200 -
2026-03-24 09:48:40,577 - httpx - INFO - HTTP Request: GET https://leetcode.com/leetcode "HTTP/1.1 403 Forbidden"
2026-03-24 09:48:41,434 - httpx - INFO - HTTP Request: GET https://replit.com/@replit "HTTP/1.1 200 OK"
2026-03-24 09:48:42,063 - httpx - INFO - HTTP Request: GET https://codepen.io/codepen "HTTP/1.1 403 Forbidden"
2026-03-24 09:48:42,570 - httpx - INFO - HTTP Request: GET https://stackoverflow.com/users/-1/stackoverflow "HTTP/1.1 403 Forbidden"
2026-03-24 09:48:43,387 - httpx - INFO - HTTP Request: GET https://www.goodreads.com/goodreads "HTTP/1.1 301 Moved Permanently"
2026-03-24 09:48:49,729 - httpx - INFO - HTTP Request: GET https://myanimelist.net/profile/myanimelist "HTTP/1.1 200 OK"
2026-03-24 09:48:51,060 - httpx - INFO - HTTP Request: GET https://www.last.fm/user/last.fm "HTTP/1.1 404 Not Found"
2026-03-24 09:48:51,867 - httpx - INFO - HTTP Request: GET https://letterboxd.com/letterboxd "HTTP/1.1 404 Not Found"
2026-03-24 09:48:52,363 - httpx - INFO - HTTP Request: GET https://www.patreon.com/patreon "HTTP/1.1 403 Forbidden"
2026-03-24 09:48:52,970 - httpx - INFO - HTTP Request: GET https://www.kaggle.com/test "HTTP/1.1 200 OK"
2026-03-24 09:48:53,545 - httpx - INFO - HTTP Request: GET https://www.artstation.com/artstation "HTTP/1.1 403 Forbidden"
2026-03-24 09:48:53,909 - werkzeug - INFO - 127.0.0.1 - - [24/Mar/2026 09:48:53] "GET /api/platform-health HTTP/1.1" 200 -
2026-03-24 09:48:54,314 - httpx - INFO - HTTP Request: GET https://www.strava.com/athletes/strava "HTTP/1.1 301 Moved Permanently"
2026-03-24 09:48:54,845 - httpx - INFO - HTTP Request: GET https://www.strava.com/athletes/235951 "HTTP/1.1 200 OK"
2026-03-24 09:48:55,785 - httpx - INFO - HTTP Request: GET https://vsco.co/vsco "HTTP/1.1 403 Forbidden"
2026-03-24 09:48:56,500 - httpx - INFO - HTTP Request: GET https://psnprofiles.com/psn "HTTP/1.1 403 Forbidden"
2026-03-24 09:48:57,266 - httpx - INFO - HTTP Request: GET https://www.roblox.com/users/roblox "HTTP/1.1 404 Not Found"
2026-03-24 09:48:57,965 - httpx - INFO - HTTP Request: GET https://www.fiverr.com/fiverr "HTTP/1.1 403 Forbidden"
2026-03-24 09:48:58,757 - httpx - INFO - HTTP Request: GET https://500px.com/500px "HTTP/1.1 200 OK"
2026-03-24 09:48:59,395 - httpx - INFO - HTTP Request: GET https://linktr.ee/linktree "HTTP/1.1 200 OK"
2026-03-24 09:49:00,172 - httpx - INFO - HTTP Request: GET https://carrd.carrd.co "HTTP/1.1 404 Not Found"
2026-03-24 09:49:00,992 - httpx - INFO - HTTP Request: GET https://wix.wixsite.com "HTTP/1.1 404 Not Found"
2026-03-24 09:49:01,581 - httpx - INFO - HTTP Request: GET https://wordpress.wordpress.com "HTTP/1.1 200 OK"
2026-03-24 09:49:02,250 - httpx - INFO - HTTP Request: GET https://blogger.blogspot.com "HTTP/1.1 404 Not Found"
2026-03-24 09:49:03,088 - httpx - INFO - HTTP Request: GET https://wa.me/wa.me "HTTP/1.1 302 Found"
2026-03-24 09:49:03,840 - httpx - INFO - HTTP Request: GET https://api.whatsapp.com/resolve/?deeplink=%2Fwa.me&not_found=1 "HTTP/1.1 404 Not Found"
2026-03-24 09:49:49,614 - werkzeug - INFO - 127.0.0.1 - - [24/Mar/2026 09:49:49] "GET /api/history HTTP/1.1" 200 -
2026-03-24 09:49:49,618 - werkzeug - INFO - 127.0.0.1 - - [24/Mar/2026 09:49:49] "GET /api/archive?q=&tool= HTTP/1.1" 200 -
2026-03-24 09:50:46,515 - werkzeug - INFO - 127.0.0.1 - - [24/Mar/2026 09:50:46] "GET /api/history HTTP/1.1" 200 -
2026-03-24 09:50:46,521 - werkzeug - INFO - 127.0.0.1 - - [24/Mar/2026 09:50:46] "GET /api/archive?q=&tool= HTTP/1.1" 200 -
2026-03-24 09:51:44,514 - werkzeug - INFO - 127.0.0.1 - - [24/Mar/2026 09:51:44] "GET /api/history HTTP/1.1" 200 -
2026-03-24 09:51:44,520 - werkzeug - INFO - 127.0.0.1 - - [24/Mar/2026 09:51:44] "GET /api/archive?q=&tool= HTTP/1.1" 200 -
2026-03-24 09:52:40,868 - werkzeug - INFO - 127.0.0.1 - - [24/Mar/2026 09:52:40] "GET /api/history HTTP/1.1" 200 -
2026-03-24 09:52:40,875 - werkzeug - INFO - 127.0.0.1 - - [24/Mar/2026 09:52:40] "GET /api/archive?q=&tool= HTTP/1.1" 200 -
2026-03-24 09:53:40,504 - werkzeug - INFO - 127.0.0.1 - - [24/Mar/2026 09:53:40] "GET /api/archive?q=&tool= HTTP/1.1" 200 -
2026-03-24 09:53:40,506 - werkzeug - INFO - 127.0.0.1 - - [24/Mar/2026 09:53:40] "GET /api/history HTTP/1.1" 200 -
2026-03-24 09:53:48,355 - werkzeug - INFO - 127.0.0.1 - - [24/Mar/2026 09:53:48] "GET / HTTP/1.1" 200 -
2026-03-24 09:53:48,425 - werkzeug - INFO - 127.0.0.1 - - [24/Mar/2026 09:53:48] "GET /static/style.css HTTP/1.1" 200 -
2026-03-24 09:53:56,238 - werkzeug - INFO - 127.0.0.1 - - [24/Mar/2026 09:53:56] "POST /api/system/restart HTTP/1.1" 200 -
2026-03-24 09:54:04,666 - werkzeug - INFO - [31m[1mWARNING: This is a development server. Do not use it in a production deployment. Use a production WSGI server instead.[0m
 * Running on all addresses (0.0.0.0)
 * Running on http://127.0.0.1:5000
 * Running on http://10.2.0.2:5000
2026-03-24 09:54:04,667 - werkzeug - INFO - [33mPress CTRL+C to quit[0m
2026-03-24 09:54:04,719 - werkzeug - INFO - 127.0.0.1 - - [24/Mar/2026 09:54:04] "GET / HTTP/1.1" 200 -
2026-03-24 09:54:04,760 - werkzeug - INFO - 127.0.0.1 - - [24/Mar/2026 09:54:04] "[36mGET /static/style.css HTTP/1.1[0m" 304 -
2026-03-24 09:54:41,448 - werkzeug - INFO - 127.0.0.1 - - [24/Mar/2026 09:54:41] "GET /api/history HTTP/1.1" 200 -
2026-03-24 09:54:41,455 - werkzeug - INFO - 127.0.0.1 - - [24/Mar/2026 09:54:41] "GET /api/archive?q=&tool= HTTP/1.1" 200 -
2026-03-24 09:55:41,542 - werkzeug - INFO - 127.0.0.1 - - [24/Mar/2026 09:55:41] "GET /api/history HTTP/1.1" 200 -
2026-03-24 09:55:41,549 - werkzeug - INFO - 127.0.0.1 - - [24/Mar/2026 09:55:41] "GET /api/archive?q=&tool= HTTP/1.1" 200 -
2026-03-24 09:56:40,489 - werkzeug - INFO - 127.0.0.1 - - [24/Mar/2026 09:56:40] "GET /api/history HTTP/1.1" 200 -
2026-03-24 09:56:40,494 - werkzeug - INFO - 127.0.0.1 - - [24/Mar/2026 09:56:40] "GET /api/archive?q=&tool= HTTP/1.1" 200 -
2026-03-24 09:57:50,485 - werkzeug - INFO - 127.0.0.1 - - [24/Mar/2026 09:57:50] "GET /api/history HTTP/1.1" 200 -
2026-03-24 09:57:50,492 - werkzeug - INFO - 127.0.0.1 - - [24/Mar/2026 09:57:50] "GET /api/archive?q=&tool= HTTP/1.1" 200 -
2026-03-24 09:58:43,881 - werkzeug - INFO - 127.0.0.1 - - [24/Mar/2026 09:58:43] "GET /api/history HTTP/1.1" 200 -
2026-03-24 09:58:43,887 - werkzeug - INFO - 127.0.0.1 - - [24/Mar/2026 09:58:43] "GET /api/archive?q=&tool= HTTP/1.1" 200 -
2026-03-24 09:59:50,600 - werkzeug - INFO - 127.0.0.1 - - [24/Mar/2026 09:59:50] "GET /api/history HTTP/1.1" 200 -
2026-03-24 09:59:50,605 - werkzeug - INFO - 127.0.0.1 - - [24/Mar/2026 09:59:50] "GET /api/archive?q=&tool= HTTP/1.1" 200 -
2026-03-24 10:00:50,471 - werkzeug - INFO - 127.0.0.1 - - [24/Mar/2026 10:00:50] "GET /api/history HTTP/1.1" 200 -
2026-03-24 10:00:50,479 - werkzeug - INFO - 127.0.0.1 - - [24/Mar/2026 10:00:50] "GET /api/archive?q=&tool= HTTP/1.1" 200 -
2026-03-24 10:01:31,162 - werkzeug - INFO - 127.0.0.1 - - [24/Mar/2026 10:01:31] "POST /api/system/restart HTTP/1.1" 200 -
2026-03-24 10:01:39,457 - werkzeug - INFO - [31m[1mWARNING: This is a development server. Do not use it in a production deployment. Use a production WSGI server instead.[0m
 * Running on all addresses (0.0.0.0)
 * Running on http://127.0.0.1:5000
 * Running on http://10.2.0.2:5000
2026-03-24 10:01:39,457 - werkzeug - INFO - [33mPress CTRL+C to quit[0m
2026-03-24 10:01:39,487 - werkzeug - INFO - 127.0.0.1 - - [24/Mar/2026 10:01:39] "GET / HTTP/1.1" 200 -
2026-03-24 10:01:39,541 - werkzeug - INFO - 127.0.0.1 - - [24/Mar/2026 10:01:39] "GET /static/style.css HTTP/1.1" 200 -
2026-03-24 10:01:40,471 - werkzeug - INFO - 127.0.0.1 - - [24/Mar/2026 10:01:40] "GET /api/history HTTP/1.1" 200 -
2026-03-24 10:01:40,478 - werkzeug - INFO - 127.0.0.1 - - [24/Mar/2026 10:01:40] "GET /api/archive?q=&tool= HTTP/1.1" 200 -
2026-03-24 10:02:48,764 - werkzeug - INFO - 127.0.0.1 - - [24/Mar/2026 10:02:48] "GET /api/history HTTP/1.1" 200 -
2026-03-24 10:02:48,768 - werkzeug - INFO - 127.0.0.1 - - [24/Mar/2026 10:02:48] "GET /api/archive?q=&tool= HTTP/1.1" 200 -
2026-03-24 10:03:49,783 - werkzeug - INFO - 127.0.0.1 - - [24/Mar/2026 10:03:49] "GET /api/history HTTP/1.1" 200 -
2026-03-24 10:03:49,787 - werkzeug - INFO - 127.0.0.1 - - [24/Mar/2026 10:03:49] "GET /api/archive?q=&tool= HTTP/1.1" 200 -
2026-03-24 10:04:40,932 - werkzeug - INFO - 127.0.0.1 - - [24/Mar/2026 10:04:40] "GET /api/archive?q=&tool= HTTP/1.1" 200 -
2026-03-24 10:04:40,934 - werkzeug - INFO - 127.0.0.1 - - [24/Mar/2026 10:04:40] "GET /api/history HTTP/1.1" 200 -
2026-03-24 10:05:50,574 - werkzeug - INFO - 127.0.0.1 - - [24/Mar/2026 10:05:50] "GET /api/history HTTP/1.1" 200 -
2026-03-24 10:05:50,581 - werkzeug - INFO - 127.0.0.1 - - [24/Mar/2026 10:05:50] "GET /api/archive?q=&tool= HTTP/1.1" 200 -
2026-03-24 10:06:48,618 - werkzeug - INFO - 127.0.0.1 - - [24/Mar/2026 10:06:48] "GET /api/history HTTP/1.1" 200 -
2026-03-24 10:06:48,622 - werkzeug - INFO - 127.0.0.1 - - [24/Mar/2026 10:06:48] "GET /api/archive?q=&tool= HTTP/1.1" 200 -
2026-03-24 10:07:50,821 - werkzeug - INFO - 127.0.0.1 - - [24/Mar/2026 10:07:50] "GET /api/history HTTP/1.1" 200 -
2026-03-24 10:07:50,826 - werkzeug - INFO - 127.0.0.1 - - [24/Mar/2026 10:07:50] "GET /api/archive?q=&tool= HTTP/1.1" 200 -
2026-03-24 10:08:40,619 - werkzeug - INFO - 127.0.0.1 - - [24/Mar/2026 10:08:40] "GET /api/history HTTP/1.1" 200 -
2026-03-24 10:08:40,625 - werkzeug - INFO - 127.0.0.1 - - [24/Mar/2026 10:08:40] "GET /api/archive?q=&tool= HTTP/1.1" 200 -
2026-03-24 10:09:47,720 - werkzeug - INFO - 127.0.0.1 - - [24/Mar/2026 10:09:47] "GET /api/history HTTP/1.1" 200 -
2026-03-24 10:09:47,727 - werkzeug - INFO - 127.0.0.1 - - [24/Mar/2026 10:09:47] "GET /api/archive?q=&tool= HTTP/1.1" 200 -
2026-03-24 10:10:48,611 - werkzeug - INFO - 127.0.0.1 - - [24/Mar/2026 10:10:48] "GET /api/archive?q=&tool= HTTP/1.1" 200 -
2026-03-24 10:10:48,613 - werkzeug - INFO - 127.0.0.1 - - [24/Mar/2026 10:10:48] "GET /api/history HTTP/1.1" 200 -
2026-03-24 10:11:40,565 - werkzeug - INFO - 127.0.0.1 - - [24/Mar/2026 10:11:40] "GET /api/history HTTP/1.1" 200 -
2026-03-24 10:11:40,570 - werkzeug - INFO - 127.0.0.1 - - [24/Mar/2026 10:11:40] "GET /api/archive?q=&tool= HTTP/1.1" 200 -
2026-03-24 10:12:48,863 - werkzeug - INFO - 127.0.0.1 - - [24/Mar/2026 10:12:48] "GET /api/history HTTP/1.1" 200 -
2026-03-24 10:12:48,868 - werkzeug - INFO - 127.0.0.1 - - [24/Mar/2026 10:12:48] "GET /api/archive?q=&tool= HTTP/1.1" 200 -
2026-03-24 10:13:40,559 - werkzeug - INFO - 127.0.0.1 - - [24/Mar/2026 10:13:40] "GET /api/history HTTP/1.1" 200 -
2026-03-24 10:13:40,567 - werkzeug - INFO - 127.0.0.1 - - [24/Mar/2026 10:13:40] "GET /api/archive?q=&tool= HTTP/1.1" 200 -
2026-03-24 10:14:41,262 - werkzeug - INFO - 127.0.0.1 - - [24/Mar/2026 10:14:41] "GET /api/history HTTP/1.1" 200 -
2026-03-24 10:14:41,265 - werkzeug - INFO - 127.0.0.1 - - [24/Mar/2026 10:14:41] "GET /api/archive?q=&tool= HTTP/1.1" 200 -
2026-03-24 10:15:49,643 - werkzeug - INFO - 127.0.0.1 - - [24/Mar/2026 10:15:49] "GET /api/history HTTP/1.1" 200 -
2026-03-24 10:15:49,654 - werkzeug - INFO - 127.0.0.1 - - [24/Mar/2026 10:15:49] "GET /api/archive?q=&tool= HTTP/1.1" 200 -
2026-03-24 10:16:42,002 - werkzeug - INFO - 127.0.0.1 - - [24/Mar/2026 10:16:42] "GET /api/history HTTP/1.1" 200 -
2026-03-24 10:16:42,008 - werkzeug - INFO - 127.0.0.1 - - [24/Mar/2026 10:16:42] "GET /api/archive?q=&tool= HTTP/1.1" 200 -
2026-03-24 10:17:49,691 - werkzeug - INFO - 127.0.0.1 - - [24/Mar/2026 10:17:49] "GET /api/history HTTP/1.1" 200 -
2026-03-24 10:17:49,694 - werkzeug - INFO - 127.0.0.1 - - [24/Mar/2026 10:17:49] "GET /api/archive?q=&tool= HTTP/1.1" 200 -
2026-03-24 10:18:50,801 - werkzeug - INFO - 127.0.0.1 - - [24/Mar/2026 10:18:50] "GET /api/history HTTP/1.1" 200 -
2026-03-24 10:18:50,805 - werkzeug - INFO - 127.0.0.1 - - [24/Mar/2026 10:18:50] "GET /api/archive?q=&tool= HTTP/1.1" 200 -
2026-03-24 10:19:11,989 - werkzeug - INFO - 127.0.0.1 - - [24/Mar/2026 10:19:11] "GET /api/cache/status HTTP/1.1" 200 -
2026-03-24 10:19:15,787 - werkzeug - INFO - 127.0.0.1 - - [24/Mar/2026 10:19:15] "POST /api/system/restart HTTP/1.1" 200 -
2026-03-24 10:19:24,502 - werkzeug - INFO - [31m[1mWARNING: This is a development server. Do not use it in a production deployment. Use a production WSGI server instead.[0m
 * Running on all addresses (0.0.0.0)
 * Running on http://127.0.0.1:5000
 * Running on http://10.2.0.2:5000
2026-03-24 10:19:24,502 - werkzeug - INFO - [33mPress CTRL+C to quit[0m
2026-03-24 10:19:24,514 - werkzeug - INFO - 127.0.0.1 - - [24/Mar/2026 10:19:24] "GET / HTTP/1.1" 200 -
2026-03-24 10:19:24,576 - werkzeug - INFO - 127.0.0.1 - - [24/Mar/2026 10:19:24] "GET /static/style.css HTTP/1.1" 200 -
2026-03-24 10:19:24,592 - werkzeug - INFO - 127.0.0.1 - - [24/Mar/2026 10:19:24] "GET /api/version HTTP/1.1" 200 -
2026-03-24 10:19:40,539 - werkzeug - INFO - 127.0.0.1 - - [24/Mar/2026 10:19:40] "GET /api/history HTTP/1.1" 200 -
2026-03-24 10:19:40,545 - werkzeug - INFO - 127.0.0.1 - - [24/Mar/2026 10:19:40] "GET /api/archive?q=&tool= HTTP/1.1" 200 -
2026-03-24 10:19:59,443 - werkzeug - INFO - 127.0.0.1 - - [24/Mar/2026 10:19:59] "POST /api/hibp HTTP/1.1" 200 -
2026-03-24 10:50:38,519 - werkzeug - INFO - 127.0.0.1 - - [24/Mar/2026 10:50:38] "GET /api/history HTTP/1.1" 200 -
2026-03-24 10:50:38,576 - werkzeug - INFO - 127.0.0.1 - - [24/Mar/2026 10:50:38] "GET /api/archive?q=&tool= HTTP/1.1" 200 -
2026-03-24 10:51:44,873 - werkzeug - INFO - 127.0.0.1 - - [24/Mar/2026 10:51:44] "GET /api/history HTTP/1.1" 200 -
2026-03-24 10:51:44,880 - werkzeug - INFO - 127.0.0.1 - - [24/Mar/2026 10:51:44] "GET /api/archive?q=&tool= HTTP/1.1" 200 -
2026-03-24 11:08:54,748 - werkzeug - INFO - 127.0.0.1 - - [24/Mar/2026 11:08:54] "GET /api/history HTTP/1.1" 200 -
2026-03-24 11:08:54,756 - werkzeug - INFO - 127.0.0.1 - - [24/Mar/2026 11:08:54] "GET /api/archive?q=&tool= HTTP/1.1" 200 -
2026-03-24 11:09:59,846 - werkzeug - INFO - 127.0.0.1 - - [24/Mar/2026 11:09:59] "GET /api/history HTTP/1.1" 200 -
2026-03-24 11:09:59,852 - werkzeug - INFO - 127.0.0.1 - - [24/Mar/2026 11:09:59] "GET /api/archive?q=&tool= HTTP/1.1" 200 -
2026-03-24 11:10:59,859 - werkzeug - INFO - 127.0.0.1 - - [24/Mar/2026 11:10:59] "GET /api/history HTTP/1.1" 200 -
2026-03-24 11:10:59,864 - werkzeug - INFO - 127.0.0.1 - - [24/Mar/2026 11:10:59] "GET /api/archive?q=&tool= HTTP/1.1" 200 -
2026-03-24 11:11:59,872 - werkzeug - INFO - 127.0.0.1 - - [24/Mar/2026 11:11:59] "GET /api/history HTTP/1.1" 200 -
2026-03-24 11:11:59,877 - werkzeug - INFO - 127.0.0.1 - - [24/Mar/2026 11:11:59] "GET /api/archive?q=&tool= HTTP/1.1" 200 -
2026-03-24 11:12:59,914 - werkzeug - INFO - 127.0.0.1 - - [24/Mar/2026 11:12:59] "GET /api/history HTTP/1.1" 200 -
2026-03-24 11:12:59,919 - werkzeug - INFO - 127.0.0.1 - - [24/Mar/2026 11:12:59] "GET /api/archive?q=&tool= HTTP/1.1" 200 -
2026-03-24 11:13:59,918 - werkzeug - INFO - 127.0.0.1 - - [24/Mar/2026 11:13:59] "GET /api/history HTTP/1.1" 200 -
2026-03-24 11:13:59,925 - werkzeug - INFO - 127.0.0.1 - - [24/Mar/2026 11:13:59] "GET /api/archive?q=&tool= HTTP/1.1" 200 -
2026-03-24 11:15:01,744 - werkzeug - INFO - 127.0.0.1 - - [24/Mar/2026 11:15:01] "GET /api/history HTTP/1.1" 200 -
2026-03-24 11:15:01,749 - werkzeug - INFO - 127.0.0.1 - - [24/Mar/2026 11:15:01] "GET /api/archive?q=&tool= HTTP/1.1" 200 -
2026-03-24 11:16:00,744 - werkzeug - INFO - 127.0.0.1 - - [24/Mar/2026 11:16:00] "GET /api/history HTTP/1.1" 200 -
2026-03-24 11:16:00,749 - werkzeug - INFO - 127.0.0.1 - - [24/Mar/2026 11:16:00] "GET /api/archive?q=&tool= HTTP/1.1" 200 -
2026-03-24 11:17:03,749 - werkzeug - INFO - 127.0.0.1 - - [24/Mar/2026 11:17:03] "GET /api/archive?q=&tool= HTTP/1.1" 200 -
2026-03-24 11:17:03,752 - werkzeug - INFO - 127.0.0.1 - - [24/Mar/2026 11:17:03] "GET /api/history HTTP/1.1" 200 -
2026-03-24 11:17:54,739 - werkzeug - INFO - 127.0.0.1 - - [24/Mar/2026 11:17:54] "GET /api/history HTTP/1.1" 200 -
2026-03-24 11:17:54,745 - werkzeug - INFO - 127.0.0.1 - - [24/Mar/2026 11:17:54] "GET /api/archive?q=&tool= HTTP/1.1" 200 -
2026-03-24 11:48:50,813 - werkzeug - INFO - 127.0.0.1 - - [24/Mar/2026 11:48:50] "GET /api/history HTTP/1.1" 200 -
2026-03-24 11:48:50,822 - werkzeug - INFO - 127.0.0.1 - - [24/Mar/2026 11:48:50] "GET /api/archive?q=&tool= HTTP/1.1" 200 -
2026-03-24 11:49:50,755 - werkzeug - INFO - 127.0.0.1 - - [24/Mar/2026 11:49:50] "GET /api/history HTTP/1.1" 200 -
2026-03-24 11:49:50,762 - werkzeug - INFO - 127.0.0.1 - - [24/Mar/2026 11:49:50] "GET /api/archive?q=&tool= HTTP/1.1" 200 -
2026-03-24 11:50:50,756 - werkzeug - INFO - 127.0.0.1 - - [24/Mar/2026 11:50:50] "GET /api/history HTTP/1.1" 200 -
2026-03-24 11:50:50,763 - werkzeug - INFO - 127.0.0.1 - - [24/Mar/2026 11:50:50] "GET /api/archive?q=&tool= HTTP/1.1" 200 -
2026-03-24 11:51:50,783 - werkzeug - INFO - 127.0.0.1 - - [24/Mar/2026 11:51:50] "GET /api/history HTTP/1.1" 200 -
2026-03-24 11:51:50,823 - werkzeug - INFO - 127.0.0.1 - - [24/Mar/2026 11:51:50] "GET /api/archive?q=&tool= HTTP/1.1" 200 -
2026-03-24 11:53:07,852 - werkzeug - INFO - 127.0.0.1 - - [24/Mar/2026 11:53:07] "GET /api/history HTTP/1.1" 200 -
2026-03-24 11:53:07,911 - werkzeug - INFO - 127.0.0.1 - - [24/Mar/2026 11:53:07] "GET /api/archive?q=&tool= HTTP/1.1" 200 -
2026-03-24 11:54:03,827 - werkzeug - INFO - 127.0.0.1 - - [24/Mar/2026 11:54:03] "GET /api/history HTTP/1.1" 200 -
2026-03-24 11:54:03,877 - werkzeug - INFO - 127.0.0.1 - - [24/Mar/2026 11:54:03] "GET /api/archive?q=&tool= HTTP/1.1" 200 -
2026-03-24 11:54:58,934 - werkzeug - INFO - 127.0.0.1 - - [24/Mar/2026 11:54:58] "GET /api/history HTTP/1.1" 200 -
2026-03-24 11:54:58,970 - werkzeug - INFO - 127.0.0.1 - - [24/Mar/2026 11:54:58] "GET /api/archive?q=&tool= HTTP/1.1" 200 -
2026-03-24 11:55:50,788 - werkzeug - INFO - 127.0.0.1 - - [24/Mar/2026 11:55:50] "GET /api/history HTTP/1.1" 200 -
2026-03-24 11:55:50,825 - werkzeug - INFO - 127.0.0.1 - - [24/Mar/2026 11:55:50] "GET /api/archive?q=&tool= HTTP/1.1" 200 -
2026-03-24 11:57:10,776 - werkzeug - INFO - 127.0.0.1 - - [24/Mar/2026 11:57:10] "GET /api/history HTTP/1.1" 200 -
2026-03-24 11:57:10,814 - werkzeug - INFO - 127.0.0.1 - - [24/Mar/2026 11:57:10] "GET /api/archive?q=&tool= HTTP/1.1" 200 -
2026-03-24 11:58:09,275 - werkzeug - INFO - 127.0.0.1 - - [24/Mar/2026 11:58:09] "GET /api/history HTTP/1.1" 200 -
2026-03-24 11:58:09,329 - werkzeug - INFO - 127.0.0.1 - - [24/Mar/2026 11:58:09] "GET /api/archive?q=&tool= HTTP/1.1" 200 -
2026-03-24 11:59:10,777 - werkzeug - INFO - 127.0.0.1 - - [24/Mar/2026 11:59:10] "GET /api/history HTTP/1.1" 200 -
2026-03-24 11:59:10,823 - werkzeug - INFO - 127.0.0.1 - - [24/Mar/2026 11:59:10] "GET /api/archive?q=&tool= HTTP/1.1" 200 -
2026-03-24 12:00:01,927 - werkzeug - INFO - 127.0.0.1 - - [24/Mar/2026 12:00:01] "GET /api/history HTTP/1.1" 200 -
2026-03-24 12:00:01,958 - werkzeug - INFO - 127.0.0.1 - - [24/Mar/2026 12:00:01] "GET /api/archive?q=&tool= HTTP/1.1" 200 -
2026-03-24 12:01:04,855 - werkzeug - INFO - 127.0.0.1 - - [24/Mar/2026 12:01:04] "GET /api/history HTTP/1.1" 200 -
2026-03-24 12:01:04,898 - werkzeug - INFO - 127.0.0.1 - - [24/Mar/2026 12:01:04] "GET /api/archive?q=&tool= HTTP/1.1" 200 -
2026-03-24 12:01:58,813 - werkzeug - INFO - 127.0.0.1 - - [24/Mar/2026 12:01:58] "GET /api/history HTTP/1.1" 200 -
2026-03-24 12:01:58,859 - werkzeug - INFO - 127.0.0.1 - - [24/Mar/2026 12:01:58] "GET /api/archive?q=&tool= HTTP/1.1" 200 -
2026-03-24 12:03:05,879 - werkzeug - INFO - 127.0.0.1 - - [24/Mar/2026 12:03:05] "GET /api/history HTTP/1.1" 200 -
2026-03-24 12:03:05,943 - werkzeug - INFO - 127.0.0.1 - - [24/Mar/2026 12:03:05] "GET /api/archive?q=&tool= HTTP/1.1" 200 -
2026-03-24 12:04:05,335 - werkzeug - INFO - 127.0.0.1 - - [24/Mar/2026 12:04:05] "GET /api/history HTTP/1.1" 200 -
2026-03-24 12:04:05,401 - werkzeug - INFO - 127.0.0.1 - - [24/Mar/2026 12:04:05] "GET /api/archive?q=&tool= HTTP/1.1" 200 -
2026-03-24 12:05:10,764 - werkzeug - INFO - 127.0.0.1 - - [24/Mar/2026 12:05:10] "GET /api/history HTTP/1.1" 200 -
2026-03-24 12:05:10,806 - werkzeug - INFO - 127.0.0.1 - - [24/Mar/2026 12:05:10] "GET /api/archive?q=&tool= HTTP/1.1" 200 -
2026-03-24 12:05:57,766 - werkzeug - INFO - 127.0.0.1 - - [24/Mar/2026 12:05:57] "GET /api/history HTTP/1.1" 200 -
2026-03-24 12:05:57,809 - werkzeug - INFO - 127.0.0.1 - - [24/Mar/2026 12:05:57] "GET /api/archive?q=&tool= HTTP/1.1" 200 -
2026-03-24 12:07:10,764 - werkzeug - INFO - 127.0.0.1 - - [24/Mar/2026 12:07:10] "GET /api/history HTTP/1.1" 200 -
2026-03-24 12:07:10,804 - werkzeug - INFO - 127.0.0.1 - - [24/Mar/2026 12:07:10] "GET /api/archive?q=&tool= HTTP/1.1" 200 -
2026-03-24 12:07:50,756 - werkzeug - INFO - 127.0.0.1 - - [24/Mar/2026 12:07:50] "GET /api/history HTTP/1.1" 200 -
2026-03-24 12:07:50,825 - werkzeug - INFO - 127.0.0.1 - - [24/Mar/2026 12:07:50] "GET /api/archive?q=&tool= HTTP/1.1" 200 -
2026-03-24 12:08:50,703 - werkzeug - INFO - 127.0.0.1 - - [24/Mar/2026 12:08:50] "GET /api/history HTTP/1.1" 200 -
2026-03-24 12:08:50,711 - werkzeug - INFO - 127.0.0.1 - - [24/Mar/2026 12:08:50] "GET /api/archive?q=&tool= HTTP/1.1" 200 -
2026-03-24 12:09:57,842 - werkzeug - INFO - 127.0.0.1 - - [24/Mar/2026 12:09:57] "GET /api/history HTTP/1.1" 200 -
2026-03-24 12:09:57,846 - werkzeug - INFO - 127.0.0.1 - - [24/Mar/2026 12:09:57] "GET /api/archive?q=&tool= HTTP/1.1" 200 -
2026-03-24 12:21:36,066 - werkzeug - INFO - 127.0.0.1 - - [24/Mar/2026 12:21:36] "GET /api/history HTTP/1.1" 200 -
2026-03-24 12:21:36,074 - werkzeug - INFO - 127.0.0.1 - - [24/Mar/2026 12:21:36] "GET /api/archive?q=&tool= HTTP/1.1" 200 -
2026-03-24 12:55:29,697 - werkzeug - INFO - 127.0.0.1 - - [24/Mar/2026 12:55:29] "GET /api/history HTTP/1.1" 200 -
2026-03-24 12:55:29,702 - werkzeug - INFO - 127.0.0.1 - - [24/Mar/2026 12:55:29] "GET /api/archive?q=&tool= HTTP/1.1" 200 -
2026-03-24 13:13:40,552 - werkzeug - INFO - 127.0.0.1 - - [24/Mar/2026 13:13:40] "GET /api/history HTTP/1.1" 200 -
2026-03-24 13:13:40,556 - werkzeug - INFO - 127.0.0.1 - - [24/Mar/2026 13:13:40] "GET /api/archive?q=&tool= HTTP/1.1" 200 -
2026-03-24 13:22:10,758 - werkzeug - INFO - 127.0.0.1 - - [24/Mar/2026 13:22:10] "GET /api/archive?q=&tool= HTTP/1.1" 200 -
2026-03-24 13:22:10,781 - werkzeug - INFO - 127.0.0.1 - - [24/Mar/2026 13:22:10] "GET /api/history HTTP/1.1" 200 -
2026-03-24 13:44:49,469 - werkzeug - INFO - 127.0.0.1 - - [24/Mar/2026 13:44:49] "GET /api/history HTTP/1.1" 200 -
2026-03-24 13:44:49,487 - werkzeug - INFO - 127.0.0.1 - - [24/Mar/2026 13:44:49] "GET /api/archive?q=&tool= HTTP/1.1" 200 -
2026-03-24 14:02:33,148 - werkzeug - INFO - 127.0.0.1 - - [24/Mar/2026 14:02:33] "GET /api/history HTTP/1.1" 200 -
2026-03-24 14:02:33,160 - werkzeug - INFO - 127.0.0.1 - - [24/Mar/2026 14:02:33] "GET /api/archive?q=&tool= HTTP/1.1" 200 -
2026-03-24 14:20:56,524 - werkzeug - INFO - 127.0.0.1 - - [24/Mar/2026 14:20:56] "GET /api/history HTTP/1.1" 200 -
2026-03-24 14:20:56,530 - werkzeug - INFO - 127.0.0.1 - - [24/Mar/2026 14:20:56] "GET /api/archive?q=&tool= HTTP/1.1" 200 -
2026-03-24 14:23:52,352 - werkzeug - INFO - 127.0.0.1 - - [24/Mar/2026 14:23:52] "GET /api/history HTTP/1.1" 200 -
2026-03-24 14:23:52,359 - werkzeug - INFO - 127.0.0.1 - - [24/Mar/2026 14:23:52] "GET /api/archive?q=&tool= HTTP/1.1" 200 -
2026-03-24 14:52:09,137 - werkzeug - INFO - 127.0.0.1 - - [24/Mar/2026 14:52:09] "GET /api/history HTTP/1.1" 200 -
2026-03-24 14:52:09,150 - werkzeug - INFO - 127.0.0.1 - - [24/Mar/2026 14:52:09] "GET /api/archive?q=&tool= HTTP/1.1" 200 -
2026-03-24 15:24:13,679 - werkzeug - INFO - 127.0.0.1 - - [24/Mar/2026 15:24:13] "GET /api/history HTTP/1.1" 200 -
2026-03-24 15:24:13,683 - werkzeug - INFO - 127.0.0.1 - - [24/Mar/2026 15:24:13] "GET /api/archive?q=&tool= HTTP/1.1" 200 -
2026-03-24 15:28:12,160 - werkzeug - INFO - 127.0.0.1 - - [24/Mar/2026 15:28:12] "GET /api/history HTTP/1.1" 200 -
2026-03-24 15:28:12,163 - werkzeug - INFO - 127.0.0.1 - - [24/Mar/2026 15:28:12] "GET /api/archive?q=&tool= HTTP/1.1" 200 -
2026-03-24 15:28:41,660 - werkzeug - INFO - 127.0.0.1 - - [24/Mar/2026 15:28:41] "POST /api/hibp HTTP/1.1" 200 -
2026-03-24 15:28:51,498 - __main__ - WARNING - 404 Not Found: /api/stream
2026-03-24 15:28:51,499 - werkzeug - INFO - 127.0.0.1 - - [24/Mar/2026 15:28:51] "[33mGET /api/stream?username=muziekantje&type=username&category=all HTTP/1.1[0m" 404 -
2026-03-24 15:29:12,386 - werkzeug - INFO - 127.0.0.1 - - [24/Mar/2026 15:29:12] "GET /api/history HTTP/1.1" 200 -
2026-03-24 15:29:12,394 - werkzeug - INFO - 127.0.0.1 - - [24/Mar/2026 15:29:12] "GET /api/archive?q=&tool= HTTP/1.1" 200 -
2026-03-24 15:29:59,445 - __main__ - WARNING - 404 Not Found: /api/stream
2026-03-24 15:29:59,447 - werkzeug - INFO - 127.0.0.1 - - [24/Mar/2026 15:29:59] "[33mGET /api/stream?username=muziekantjes&type=username&category=all HTTP/1.1[0m" 404 -
2026-03-24 15:30:12,014 - werkzeug - INFO - 127.0.0.1 - - [24/Mar/2026 15:30:12] "GET /api/history HTTP/1.1" 200 -
2026-03-24 15:30:12,018 - werkzeug - INFO - 127.0.0.1 - - [24/Mar/2026 15:30:12] "GET /api/archive?q=&tool= HTTP/1.1" 200 -
2026-03-24 15:31:12,013 - werkzeug - INFO - 127.0.0.1 - - [24/Mar/2026 15:31:12] "GET /api/history HTTP/1.1" 200 -
2026-03-24 15:31:12,020 - werkzeug - INFO - 127.0.0.1 - - [24/Mar/2026 15:31:12] "GET /api/archive?q=&tool= HTTP/1.1" 200 -
2026-03-24 15:32:17,016 - werkzeug - INFO - 127.0.0.1 - - [24/Mar/2026 15:32:17] "GET /api/history HTTP/1.1" 200 -
2026-03-24 15:32:17,023 - werkzeug - INFO - 127.0.0.1 - - [24/Mar/2026 15:32:17] "GET /api/archive?q=&tool= HTTP/1.1" 200 -
2026-03-24 15:33:13,292 - werkzeug - INFO - 127.0.0.1 - - [24/Mar/2026 15:33:13] "GET /api/history HTTP/1.1" 200 -
2026-03-24 15:33:13,300 - werkzeug - INFO - 127.0.0.1 - - [24/Mar/2026 15:33:13] "GET /api/archive?q=&tool= HTTP/1.1" 200 -
2026-03-24 15:33:50,739 - werkzeug - INFO - 127.0.0.1 - - [24/Mar/2026 15:33:50] "GET / HTTP/1.1" 200 -
2026-03-24 15:33:50,798 - werkzeug - INFO - 127.0.0.1 - - [24/Mar/2026 15:33:50] "[36mGET /static/style.css HTTP/1.1[0m" 304 -
2026-03-24 15:33:50,814 - werkzeug - INFO - 127.0.0.1 - - [24/Mar/2026 15:33:50] "GET /api/version HTTP/1.1" 200 -
2026-03-24 15:33:58,209 - werkzeug - INFO - 127.0.0.1 - - [24/Mar/2026 15:33:58] "POST /api/system/restart HTTP/1.1" 200 -
2026-03-24 15:34:06,706 - werkzeug - INFO - [31m[1mWARNING: This is a development server. Do not use it in a production deployment. Use a production WSGI server instead.[0m
 * Running on all addresses (0.0.0.0)
 * Running on http://127.0.0.1:5000
 * Running on http://10.2.0.2:5000
2026-03-24 15:34:06,707 - werkzeug - INFO - [33mPress CTRL+C to quit[0m
2026-03-24 15:34:06,717 - werkzeug - INFO - 127.0.0.1 - - [24/Mar/2026 15:34:06] "GET / HTTP/1.1" 200 -
2026-03-24 15:34:06,787 - werkzeug - INFO - 127.0.0.1 - - [24/Mar/2026 15:34:06] "[36mGET /static/style.css HTTP/1.1[0m" 304 -
2026-03-24 15:34:06,800 - werkzeug - INFO - 127.0.0.1 - - [24/Mar/2026 15:34:06] "GET /api/version HTTP/1.1" 200 -
2026-03-24 15:34:22,016 - werkzeug - INFO - 127.0.0.1 - - [24/Mar/2026 15:34:22] "GET /api/history HTTP/1.1" 200 -
2026-03-24 15:34:22,026 - werkzeug - INFO - 127.0.0.1 - - [24/Mar/2026 15:34:22] "GET /api/archive?q=&tool= HTTP/1.1" 200 -
2026-03-24 15:35:12,019 - werkzeug - INFO - 127.0.0.1 - - [24/Mar/2026 15:35:12] "GET /api/history HTTP/1.1" 200 -
2026-03-24 15:35:12,036 - werkzeug - INFO - 127.0.0.1 - - [24/Mar/2026 15:35:12] "GET /api/archive?q=&tool= HTTP/1.1" 200 -
2026-03-24 15:36:05,409 - __main__ - WARNING - 404 Not Found: /api/stream
2026-03-24 15:36:05,410 - werkzeug - INFO - 127.0.0.1 - - [24/Mar/2026 15:36:05] "[33mGET /api/stream?email=muziekantje@chello.nl HTTP/1.1[0m" 404 -
2026-03-24 15:36:22,002 - werkzeug - INFO - 127.0.0.1 - - [24/Mar/2026 15:36:22] "GET /api/archive?q=&tool= HTTP/1.1" 200 -
2026-03-24 15:36:22,006 - werkzeug - INFO - 127.0.0.1 - - [24/Mar/2026 15:36:22] "GET /api/history HTTP/1.1" 200 -
2026-03-24 15:37:21,998 - werkzeug - INFO - 127.0.0.1 - - [24/Mar/2026 15:37:21] "GET /api/history HTTP/1.1" 200 -
2026-03-24 15:37:22,002 - werkzeug - INFO - 127.0.0.1 - - [24/Mar/2026 15:37:22] "GET /api/archive?q=&tool= HTTP/1.1" 200 -
2026-03-24 15:38:21,700 - httpx - INFO - HTTP Request: GET https://api.whatsapp.com/send?phone=31655344311 "HTTP/1.1 200 OK"
2026-03-24 15:38:21,990 - werkzeug - INFO - 127.0.0.1 - - [24/Mar/2026 15:38:21] "GET /api/history HTTP/1.1" 200 -
2026-03-24 15:38:21,995 - werkzeug - INFO - 127.0.0.1 - - [24/Mar/2026 15:38:21] "GET /api/archive?q=&tool= HTTP/1.1" 200 -
2026-03-24 15:38:22,736 - httpx - INFO - HTTP Request: GET https://t.me/+31655344311 "HTTP/1.1 200 OK"
2026-03-24 15:38:22,741 - werkzeug - INFO - 127.0.0.1 - - [24/Mar/2026 15:38:22] "POST /api/phone HTTP/1.1" 200 -
2026-03-24 15:38:44,274 - httpx - INFO - HTTP Request: GET https://api.whatsapp.com/send?phone=31618175143 "HTTP/1.1 200 OK"
2026-03-24 15:38:45,210 - httpx - INFO - HTTP Request: GET https://t.me/+31618175143 "HTTP/1.1 200 OK"
2026-03-24 15:38:45,218 - werkzeug - INFO - 127.0.0.1 - - [24/Mar/2026 15:38:45] "POST /api/phone HTTP/1.1" 200 -
2026-03-24 15:39:14,988 - werkzeug - INFO - 127.0.0.1 - - [24/Mar/2026 15:39:14] "GET /api/history HTTP/1.1" 200 -
2026-03-24 15:39:14,994 - werkzeug - INFO - 127.0.0.1 - - [24/Mar/2026 15:39:14] "GET /api/archive?q=&tool= HTTP/1.1" 200 -
2026-03-24 15:40:21,977 - werkzeug - INFO - 127.0.0.1 - - [24/Mar/2026 15:40:21] "GET /api/history HTTP/1.1" 200 -
2026-03-24 15:40:21,986 - werkzeug - INFO - 127.0.0.1 - - [24/Mar/2026 15:40:21] "GET /api/archive?q=&tool= HTTP/1.1" 200 -
2026-03-24 15:41:13,531 - werkzeug - INFO - 127.0.0.1 - - [24/Mar/2026 15:41:13] "GET /api/history HTTP/1.1" 200 -
2026-03-24 15:41:13,538 - werkzeug - INFO - 127.0.0.1 - - [24/Mar/2026 15:41:13] "GET /api/archive?q=&tool= HTTP/1.1" 200 -
2026-03-24 15:42:21,951 - werkzeug - INFO - 127.0.0.1 - - [24/Mar/2026 15:42:21] "GET /api/history HTTP/1.1" 200 -
2026-03-24 15:42:21,955 - werkzeug - INFO - 127.0.0.1 - - [24/Mar/2026 15:42:21] "GET /api/archive?q=&tool= HTTP/1.1" 200 -
2026-03-24 15:43:18,952 - werkzeug - INFO - 127.0.0.1 - - [24/Mar/2026 15:43:18] "GET /api/history HTTP/1.1" 200 -
2026-03-24 15:43:18,956 - werkzeug - INFO - 127.0.0.1 - - [24/Mar/2026 15:43:18] "GET /api/archive?q=&tool= HTTP/1.1" 200 -
2026-03-24 15:44:13,333 - werkzeug - INFO - 127.0.0.1 - - [24/Mar/2026 15:44:13] "GET /api/history HTTP/1.1" 200 -
2026-03-24 15:44:13,339 - werkzeug - INFO - 127.0.0.1 - - [24/Mar/2026 15:44:13] "GET /api/archive?q=&tool= HTTP/1.1" 200 -
2026-03-24 15:45:21,948 - werkzeug - INFO - 127.0.0.1 - - [24/Mar/2026 15:45:21] "GET /api/history HTTP/1.1" 200 -
2026-03-24 15:45:21,956 - werkzeug - INFO - 127.0.0.1 - - [24/Mar/2026 15:45:21] "GET /api/archive?q=&tool= HTTP/1.1" 200 -
2026-03-24 15:46:00,051 - __main__ - WARNING - 404 Not Found: /api/stream
2026-03-24 15:46:00,053 - werkzeug - INFO - 127.0.0.1 - - [24/Mar/2026 15:46:00] "[33mGET /api/stream?username=muziekantje&type=username&category=all HTTP/1.1[0m" 404 -
2026-03-24 15:46:16,089 - werkzeug - INFO - 127.0.0.1 - - [24/Mar/2026 15:46:16] "GET /api/history HTTP/1.1" 200 -
2026-03-24 15:46:16,095 - werkzeug - INFO - 127.0.0.1 - - [24/Mar/2026 15:46:16] "GET /api/archive?q=&tool= HTTP/1.1" 200 -
2026-03-24 15:47:11,935 - werkzeug - INFO - 127.0.0.1 - - [24/Mar/2026 15:47:11] "GET /api/history HTTP/1.1" 200 -
2026-03-24 15:47:11,944 - werkzeug - INFO - 127.0.0.1 - - [24/Mar/2026 15:47:11] "GET /api/archive?q=&tool= HTTP/1.1" 200 -
2026-03-24 15:48:22,308 - werkzeug - INFO - 127.0.0.1 - - [24/Mar/2026 15:48:22] "GET /api/history HTTP/1.1" 200 -
2026-03-24 15:48:22,315 - werkzeug - INFO - 127.0.0.1 - - [24/Mar/2026 15:48:22] "GET /api/archive?q=&tool= HTTP/1.1" 200 -
2026-03-24 15:48:55,695 - werkzeug - INFO - 127.0.0.1 - - [24/Mar/2026 15:48:55] "GET /api/history HTTP/1.1" 200 -
2026-03-24 15:49:21,923 - werkzeug - INFO - 127.0.0.1 - - [24/Mar/2026 15:49:21] "GET /api/archive?q=&tool= HTTP/1.1" 200 -
2026-03-24 15:49:21,925 - werkzeug - INFO - 127.0.0.1 - - [24/Mar/2026 15:49:21] "GET /api/history HTTP/1.1" 200 -
2026-03-24 15:49:48,859 - werkzeug - INFO - 127.0.0.1 - - [24/Mar/2026 15:49:48] "POST /api/system/restart HTTP/1.1" 200 -
2026-03-24 15:49:57,260 - werkzeug - INFO - [31m[1mWARNING: This is a development server. Do not use it in a production deployment. Use a production WSGI server instead.[0m
 * Running on all addresses (0.0.0.0)
 * Running on http://127.0.0.1:5000
 * Running on http://10.2.0.2:5000
2026-03-24 15:49:57,261 - werkzeug - INFO - [33mPress CTRL+C to quit[0m
2026-03-24 15:49:57,275 - werkzeug - INFO - 127.0.0.1 - - [24/Mar/2026 15:49:57] "GET / HTTP/1.1" 200 -
2026-03-24 15:49:57,325 - werkzeug - INFO - 127.0.0.1 - - [24/Mar/2026 15:49:57] "GET /static/style.css HTTP/1.1" 200 -
2026-03-24 15:49:57,333 - werkzeug - INFO - 127.0.0.1 - - [24/Mar/2026 15:49:57] "GET /api/version HTTP/1.1" 200 -
2026-03-24 15:50:15,255 - httpx - INFO - HTTP Request: GET https://api.whatsapp.com/send?phone=31655344311 "HTTP/1.1 200 OK"
2026-03-24 15:50:16,471 - httpx - INFO - HTTP Request: GET https://t.me/+31655344311 "HTTP/1.1 200 OK"
2026-03-24 15:50:16,483 - werkzeug - INFO - 127.0.0.1 - - [24/Mar/2026 15:50:16] "POST /api/phone HTTP/1.1" 200 -
2026-03-24 15:50:18,969 - werkzeug - INFO - 127.0.0.1 - - [24/Mar/2026 15:50:18] "GET /api/history HTTP/1.1" 200 -
2026-03-24 15:50:18,980 - werkzeug - INFO - 127.0.0.1 - - [24/Mar/2026 15:50:18] "GET /api/archive?q=&tool= HTTP/1.1" 200 -
2026-03-24 15:50:42,000 - httpx - INFO - HTTP Request: GET https://map.snapchat.com/search?query=ivan%20versteegh "HTTP/1.1 308 Permanent Redirect"
2026-03-24 15:50:42,021 - httpx - INFO - HTTP Request: GET https://www.youtube.com/results?search_query=ivan%20versteegh "HTTP/1.1 200 OK"
2026-03-24 15:50:42,060 - httpx - INFO - HTTP Request: GET https://www.twitch.tv/search?term=ivan%20versteegh "HTTP/1.1 200 OK"
2026-03-24 15:50:42,065 - httpx - INFO - HTTP Request: GET https://api.github.com/search/users?q=ivan+versteegh+in:name "HTTP/1.1 200 OK"
2026-03-24 15:50:42,096 - httpx - INFO - HTTP Request: GET https://www.linkedin.com/search/results/people/?keywords=ivan%20versteegh "HTTP/1.1 307 Temporary Redirect"
2026-03-24 15:50:42,105 - httpx - INFO - HTTP Request: GET https://medium.com/search?q=ivan%20versteegh "HTTP/1.1 403 Forbidden"
2026-03-24 15:50:42,125 - httpx - INFO - HTTP Request: GET https://twitter.com/search?q=ivan%20versteegh&src=sp "HTTP/1.1 301 Moved Permanently"
2026-03-24 15:50:42,136 - httpx - INFO - HTTP Request: GET https://discord.com/channels/@me "HTTP/1.1 200 OK"
2026-03-24 15:50:42,142 - httpx - INFO - HTTP Request: GET https://api.whatsapp.com/v1/contacts "HTTP/1.1 404 Not Found"
2026-03-24 15:50:42,176 - httpx - INFO - HTTP Request: GET https://www.reddit.com/search/?q=ivan%20versteegh "HTTP/1.1 403 Blocked"
2026-03-24 15:50:42,184 - httpx - INFO - HTTP Request: GET https://www.pinterest.com/search/users/?q=ivan%20versteegh "HTTP/1.1 200 OK"
2026-03-24 15:50:42,262 - httpx - INFO - HTTP Request: GET https://grindr.com "HTTP/1.1 301 Moved Permanently"
2026-03-24 15:50:42,272 - httpx - INFO - HTTP Request: GET https://www.threads.net/search?q=ivan%20versteegh "HTTP/1.1 301 Moved Permanently"
2026-03-24 15:50:42,294 - httpx - INFO - HTTP Request: GET https://www.tiktok.com/api/search/general/full/?keyword=ivan%20versteegh "HTTP/1.1 200 OK"
2026-03-24 15:50:42,362 - httpx - INFO - HTTP Request: GET https://www.facebook.com/search/people/?q=ivan%20versteegh "HTTP/1.1 404 Not Found"
2026-03-24 15:50:42,403 - httpx - INFO - HTTP Request: GET https://hinge.co "HTTP/1.1 200 OK"
2026-03-24 15:50:42,413 - httpx - INFO - HTTP Request: GET https://www.linkedin.com/uas/login?session_redirect=%2Fsearch%2Fresults%2Fpeople%2F%3Fkeywords%3Divan%2520versteegh&skipRedirect=true "HTTP/1.1 200 OK"
2026-03-24 15:50:42,418 - httpx - INFO - HTTP Request: GET https://bumble.com "HTTP/1.1 200 OK"
2026-03-24 15:50:42,450 - httpx - INFO - HTTP Request: GET https://www.snapchat.com/ "HTTP/1.1 200 OK"
2026-03-24 15:50:42,627 - httpx - INFO - HTTP Request: GET https://x.com/search?q=ivan%20versteegh&src=sp "HTTP/1.1 200 OK"
2026-03-24 15:50:42,908 - httpx - INFO - HTTP Request: GET https://www.last.fm/search?q=ivan%20versteegh "HTTP/1.1 200 OK"
2026-03-24 15:50:42,921 - httpx - INFO - HTTP Request: GET https://www.threads.com/search?q=ivan+versteegh "HTTP/1.1 200 OK"
2026-03-24 15:50:42,924 - httpx - INFO - HTTP Request: GET https://www.instagram.com/web/search/topsearch/?search_term=ivan%20versteegh "HTTP/1.1 302 Found"
2026-03-24 15:50:42,946 - httpx - INFO - HTTP Request: GET https://www.grindr.com/ "HTTP/1.1 200 OK"
2026-03-24 15:50:43,135 - httpx - INFO - HTTP Request: GET https://www.instagram.com/accounts/login/?next=/web/search/topsearch/%3Fsearch_term%3Divan%2520versteegh "HTTP/1.1 200 OK"
2026-03-24 15:50:43,489 - __main__ - INFO - Name search for 'ivan versteegh': 4 platforms with results
2026-03-24 15:50:43,490 - werkzeug - INFO - 127.0.0.1 - - [24/Mar/2026 15:50:43] "POST /api/name-search HTTP/1.1" 200 -
2026-03-24 15:51:20,894 - werkzeug - INFO - 127.0.0.1 - - [24/Mar/2026 15:51:20] "GET /api/history HTTP/1.1" 200 -
2026-03-24 15:51:20,899 - werkzeug - INFO - 127.0.0.1 - - [24/Mar/2026 15:51:20] "GET /api/archive?q=&tool= HTTP/1.1" 200 -
2026-03-24 15:52:11,971 - werkzeug - INFO - 127.0.0.1 - - [24/Mar/2026 15:52:11] "GET /api/history HTTP/1.1" 200 -
2026-03-24 15:52:12,012 - werkzeug - INFO - 127.0.0.1 - - [24/Mar/2026 15:52:12] "GET /api/archive?q=&tool= HTTP/1.1" 200 -
2026-03-24 15:53:11,919 - werkzeug - INFO - 127.0.0.1 - - [24/Mar/2026 15:53:11] "GET /api/history HTTP/1.1" 200 -
2026-03-24 15:53:11,927 - werkzeug - INFO - 127.0.0.1 - - [24/Mar/2026 15:53:11] "GET /api/archive?q=&tool= HTTP/1.1" 200 -
2026-03-24 15:54:11,916 - werkzeug - INFO - 127.0.0.1 - - [24/Mar/2026 15:54:11] "GET /api/history HTTP/1.1" 200 -
2026-03-24 15:54:11,924 - werkzeug - INFO - 127.0.0.1 - - [24/Mar/2026 15:54:11] "GET /api/archive?q=&tool= HTTP/1.1" 200 -
2026-03-24 15:55:21,967 - werkzeug - INFO - 127.0.0.1 - - [24/Mar/2026 15:55:21] "GET /api/history HTTP/1.1" 200 -
2026-03-24 15:55:21,979 - werkzeug - INFO - 127.0.0.1 - - [24/Mar/2026 15:55:21] "GET /api/archive?q=&tool= HTTP/1.1" 200 -
2026-03-24 15:56:19,192 - werkzeug - INFO - 127.0.0.1 - - [24/Mar/2026 15:56:19] "GET /api/archive?q=&tool= HTTP/1.1" 200 -
2026-03-24 15:56:19,195 - werkzeug - INFO - 127.0.0.1 - - [24/Mar/2026 15:56:19] "GET /api/history HTTP/1.1" 200 -
2026-03-24 15:57:11,981 - werkzeug - INFO - 127.0.0.1 - - [24/Mar/2026 15:57:11] "GET /api/history HTTP/1.1" 200 -
2026-03-24 15:57:11,985 - werkzeug - INFO - 127.0.0.1 - - [24/Mar/2026 15:57:11] "GET /api/archive?q=&tool= HTTP/1.1" 200 -
2026-03-24 15:57:33,844 - werkzeug - INFO - 127.0.0.1 - - [24/Mar/2026 15:57:33] "POST /api/system/restart HTTP/1.1" 200 -
2026-03-24 15:57:42,210 - werkzeug - INFO - [31m[1mWARNING: This is a development server. Do not use it in a production deployment. Use a production WSGI server instead.[0m
 * Running on all addresses (0.0.0.0)
 * Running on http://127.0.0.1:5000
 * Running on http://10.2.0.2:5000
2026-03-24 15:57:42,211 - werkzeug - INFO - [33mPress CTRL+C to quit[0m
2026-03-24 15:57:42,229 - werkzeug - INFO - 127.0.0.1 - - [24/Mar/2026 15:57:42] "GET / HTTP/1.1" 200 -
2026-03-24 15:57:42,280 - werkzeug - INFO - 127.0.0.1 - - [24/Mar/2026 15:57:42] "GET /static/style.css HTTP/1.1" 200 -
2026-03-24 15:57:42,293 - werkzeug - INFO - 127.0.0.1 - - [24/Mar/2026 15:57:42] "GET /api/version HTTP/1.1" 200 -
2026-03-24 15:57:53,284 - __main__ - WARNING - 404 Not Found: /api/stream
2026-03-24 15:57:53,285 - werkzeug - INFO - 127.0.0.1 - - [24/Mar/2026 15:57:53] "[33mGET /api/stream?username=muziekantje&type=username&category=all HTTP/1.1[0m" 404 -
2026-03-24 15:58:16,172 - werkzeug - INFO - 127.0.0.1 - - [24/Mar/2026 15:58:16] "GET /api/history HTTP/1.1" 200 -
2026-03-24 15:58:16,176 - werkzeug - INFO - 127.0.0.1 - - [24/Mar/2026 15:58:16] "GET /api/archive?q=&tool= HTTP/1.1" 200 -
2026-03-24 15:58:23,176 - __main__ - WARNING - 404 Not Found: /api/stream
2026-03-24 15:58:23,177 - werkzeug - INFO - 127.0.0.1 - - [24/Mar/2026 15:58:23] "[33mGET /api/stream?email=muziekantje@chelklo.nl HTTP/1.1[0m" 404 -
2026-03-24 15:59:16,158 - werkzeug - INFO - 127.0.0.1 - - [24/Mar/2026 15:59:16] "GET /api/history HTTP/1.1" 200 -
2026-03-24 15:59:16,168 - werkzeug - INFO - 127.0.0.1 - - [24/Mar/2026 15:59:16] "GET /api/archive?q=&tool= HTTP/1.1" 200 -
2026-03-24 15:59:24,274 - werkzeug - INFO - 127.0.0.1 - - [24/Mar/2026 15:59:24] "[31m[1mPOST /api/social HTTP/1.1[0m" 400 -
2026-03-24 15:59:24,512 - werkzeug - INFO - 127.0.0.1 - - [24/Mar/2026 15:59:24] "POST /api/username/maigret HTTP/1.1" 200 -
2026-03-24 15:59:25,274 - __main__ - INFO - Loaded Maigret database with 3143 sites
2026-03-24 16:00:20,424 - werkzeug - INFO - 127.0.0.1 - - [24/Mar/2026 16:00:20] "GET /api/history HTTP/1.1" 200 -
2026-03-24 16:00:20,427 - werkzeug - INFO - 127.0.0.1 - - [24/Mar/2026 16:00:20] "GET /api/archive?q=&tool= HTTP/1.1" 200 -
2026-03-24 16:01:18,996 - werkzeug - INFO - 127.0.0.1 - - [24/Mar/2026 16:01:18] "GET /api/history HTTP/1.1" 200 -
2026-03-24 16:01:19,005 - werkzeug - INFO - 127.0.0.1 - - [24/Mar/2026 16:01:19] "GET /api/archive?q=&tool= HTTP/1.1" 200 -
2026-03-24 16:02:07,745 - werkzeug - INFO - 127.0.0.1 - - [24/Mar/2026 16:02:07] "POST /api/domain HTTP/1.1" 200 -
2026-03-24 16:02:11,964 - werkzeug - INFO - 127.0.0.1 - - [24/Mar/2026 16:02:11] "GET /api/history HTTP/1.1" 200 -
2026-03-24 16:02:11,971 - werkzeug - INFO - 127.0.0.1 - - [24/Mar/2026 16:02:11] "GET /api/archive?q=&tool= HTTP/1.1" 200 -
2026-03-24 16:02:17,991 - werkzeug - INFO - 127.0.0.1 - - [24/Mar/2026 16:02:17] "POST /api/domain HTTP/1.1" 200 -
2026-03-24 16:02:19,987 - werkzeug - INFO - 127.0.0.1 - - [24/Mar/2026 16:02:19] "POST /api/domain HTTP/1.1" 200 -
2026-03-24 16:02:32,556 - werkzeug - INFO - 127.0.0.1 - - [24/Mar/2026 16:02:32] "POST /api/ip HTTP/1.1" 200 -
2026-03-24 16:02:46,175 - __main__ - WARNING - 404 Not Found: /api/stream
2026-03-24 16:02:46,181 - werkzeug - INFO - 127.0.0.1 - - [24/Mar/2026 16:02:46] "[33mGET /api/stream?email=muziekantje@chello.nl HTTP/1.1[0m" 404 -
2026-03-24 16:03:12,614 - werkzeug - INFO - 127.0.0.1 - - [24/Mar/2026 16:03:12] "GET /api/history HTTP/1.1" 200 -
2026-03-24 16:03:12,621 - werkzeug - INFO - 127.0.0.1 - - [24/Mar/2026 16:03:12] "GET /api/archive?q=&tool= HTTP/1.1" 200 -
2026-03-24 16:03:32,370 - werkzeug - INFO - 127.0.0.1 - - [24/Mar/2026 16:03:32] "POST /api/system/restart HTTP/1.1" 200 -
2026-03-24 16:03:40,775 - werkzeug - INFO - [31m[1mWARNING: This is a development server. Do not use it in a production deployment. Use a production WSGI server instead.[0m
 * Running on all addresses (0.0.0.0)
 * Running on http://127.0.0.1:5000
 * Running on http://10.2.0.2:5000
2026-03-24 16:03:40,776 - werkzeug - INFO - [33mPress CTRL+C to quit[0m
2026-03-24 16:03:40,788 - werkzeug - INFO - 127.0.0.1 - - [24/Mar/2026 16:03:40] "GET / HTTP/1.1" 200 -
2026-03-24 16:03:40,837 - werkzeug - INFO - 127.0.0.1 - - [24/Mar/2026 16:03:40] "[36mGET /static/style.css HTTP/1.1[0m" 304 -
2026-03-24 16:03:40,850 - werkzeug - INFO - 127.0.0.1 - - [24/Mar/2026 16:03:40] "GET /api/version HTTP/1.1" 200 -
2026-03-24 16:03:47,947 - __main__ - WARNING - 404 Not Found: /api/username/holehe
2026-03-24 16:03:47,947 - werkzeug - INFO - 127.0.0.1 - - [24/Mar/2026 16:03:47] "[33mPOST /api/username/holehe HTTP/1.1[0m" 404 -
2026-03-24 16:04:16,304 - werkzeug - INFO - 127.0.0.1 - - [24/Mar/2026 16:04:16] "[31m[1mPOST /api/social/stream HTTP/1.1[0m" 400 -
2026-03-24 16:04:20,807 - werkzeug - INFO - 127.0.0.1 - - [24/Mar/2026 16:04:20] "GET /api/history HTTP/1.1" 200 -
2026-03-24 16:04:20,813 - werkzeug - INFO - 127.0.0.1 - - [24/Mar/2026 16:04:20] "GET /api/archive?q=&tool= HTTP/1.1" 200 -
2026-03-24 16:05:06,364 - httpx - INFO - HTTP Request: GET https://www.youtube.com/results?search_query=patricia%20van%20sandwijk "HTTP/1.1 200 OK"
2026-03-24 16:05:06,424 - httpx - INFO - HTTP Request: GET https://map.snapchat.com/search?query=patricia%20van%20sandwijk "HTTP/1.1 308 Permanent Redirect"
2026-03-24 16:05:06,437 - httpx - INFO - HTTP Request: GET https://medium.com/search?q=patricia%20van%20sandwijk "HTTP/1.1 403 Forbidden"
2026-03-24 16:05:06,471 - httpx - INFO - HTTP Request: GET https://api.github.com/search/users?q=patricia+van%20sandwijk+in:name "HTTP/1.1 200 OK"
2026-03-24 16:05:06,482 - httpx - INFO - HTTP Request: GET https://twitter.com/search?q=patricia%20van%20sandwijk&src=sp "HTTP/1.1 301 Moved Permanently"
2026-03-24 16:05:06,493 - httpx - INFO - HTTP Request: GET https://www.twitch.tv/search?term=patricia%20van%20sandwijk "HTTP/1.1 200 OK"
2026-03-24 16:05:06,497 - httpx - INFO - HTTP Request: GET https://www.facebook.com/search/people/?q=patricia%20van%20sandwijk "HTTP/1.1 404 Not Found"
2026-03-24 16:05:06,562 - httpx - INFO - HTTP Request: GET https://hinge.co "HTTP/1.1 200 OK"
2026-03-24 16:05:06,569 - httpx - INFO - HTTP Request: GET https://www.tiktok.com/api/search/general/full/?keyword=patricia%20van%20sandwijk "HTTP/1.1 200 OK"
2026-03-24 16:05:06,589 - httpx - INFO - HTTP Request: GET https://www.reddit.com/search/?q=patricia%20van%20sandwijk "HTTP/1.1 403 Blocked"
2026-03-24 16:05:06,594 - httpx - INFO - HTTP Request: GET https://www.threads.net/search?q=patricia%20van%20sandwijk "HTTP/1.1 301 Moved Permanently"
2026-03-24 16:05:06,603 - httpx - INFO - HTTP Request: GET https://www.instagram.com/web/search/topsearch/?search_term=patricia%20van%20sandwijk "HTTP/1.1 302 Found"
2026-03-24 16:05:06,654 - httpx - INFO - HTTP Request: GET https://bumble.com "HTTP/1.1 200 OK"
2026-03-24 16:05:06,658 - httpx - INFO - HTTP Request: GET https://www.linkedin.com/search/results/people/?keywords=patricia%20van%20sandwijk "HTTP/1.1 307 Temporary Redirect"
2026-03-24 16:05:06,683 - httpx - INFO - HTTP Request: GET https://discord.com/channels/@me "HTTP/1.1 200 OK"
2026-03-24 16:05:06,688 - httpx - INFO - HTTP Request: GET https://grindr.com "HTTP/1.1 301 Moved Permanently"
2026-03-24 16:05:06,818 - httpx - INFO - HTTP Request: GET https://www.instagram.com/accounts/login/?next=/web/search/topsearch/%3Fsearch_term%3Dpatricia%2520van%2520sandwijk "HTTP/1.1 200 OK"
2026-03-24 16:05:06,872 - httpx - INFO - HTTP Request: GET https://www.snapchat.com/ "HTTP/1.1 200 OK"
2026-03-24 16:05:06,944 - httpx - INFO - HTTP Request: GET https://api.whatsapp.com/v1/contacts "HTTP/1.1 404 Not Found"
2026-03-24 16:05:06,961 - httpx - INFO - HTTP Request: GET https://www.linkedin.com/uas/login?session_redirect=%2Fsearch%2Fresults%2Fpeople%2F%3Fkeywords%3Dpatricia%2520van%2520sandwijk&skipRedirect=true "HTTP/1.1 200 OK"
2026-03-24 16:05:06,990 - httpx - INFO - HTTP Request: GET https://www.pinterest.com/search/users/?q=patricia%20van%20sandwijk "HTTP/1.1 200 OK"
2026-03-24 16:05:07,039 - httpx - INFO - HTTP Request: GET https://x.com/search?q=patricia%20van%20sandwijk&src=sp "HTTP/1.1 200 OK"
2026-03-24 16:05:07,139 - httpx - INFO - HTTP Request: GET https://www.last.fm/search?q=patricia%20van%20sandwijk "HTTP/1.1 200 OK"
2026-03-24 16:05:07,291 - httpx - INFO - HTTP Request: GET https://www.threads.com/search?q=patricia+van+sandwijk "HTTP/1.1 200 OK"
2026-03-24 16:05:07,464 - httpx - INFO - HTTP Request: GET https://www.grindr.com/ "HTTP/1.1 200 OK"
2026-03-24 16:05:07,619 - __main__ - INFO - Name search for 'patricia van sandwijk': 4 platforms with results
2026-03-24 16:05:07,620 - werkzeug - INFO - 127.0.0.1 - - [24/Mar/2026 16:05:07] "POST /api/name-search HTTP/1.1" 200 -
2026-03-24 16:05:11,951 - werkzeug - INFO - 127.0.0.1 - - [24/Mar/2026 16:05:11] "GET /api/history HTTP/1.1" 200 -
2026-03-24 16:05:11,958 - werkzeug - INFO - 127.0.0.1 - - [24/Mar/2026 16:05:11] "GET /api/archive?q=&tool= HTTP/1.1" 200 -
2026-03-24 16:05:55,620 - werkzeug - INFO - 127.0.0.1 - - [24/Mar/2026 16:05:55] "POST /api/email/stream HTTP/1.1" 200 -
2026-03-24 16:05:56,479 - httpx - INFO - HTTP Request: HEAD https://www.1337x.to/user/muziekantje@chello.nl/ "HTTP/1.1 403 Forbidden"
2026-03-24 16:05:57,888 - httpx - INFO - HTTP Request: HEAD https://www.1337x.to/user/muziekantje@chello.nl/ "HTTP/1.1 403 Forbidden"
2026-03-24 16:05:59,045 - httpx - INFO - HTTP Request: HEAD https://2dimensions.com/a/muziekantje@chello.nl "HTTP/1.1 301 Moved Permanently"
2026-03-24 16:05:59,386 - httpx - INFO - HTTP Request: HEAD http://rive.app/a/muziekantje@chello.nl "HTTP/1.1 301 Moved Permanently"
2026-03-24 16:06:00,428 - httpx - INFO - HTTP Request: HEAD https://rive.app/a/muziekantje@chello.nl "HTTP/1.1 404 Not Found"
2026-03-24 16:06:01,560 - httpx - INFO - HTTP Request: HEAD https://www.7cups.com/@muziekantje@chello.nl "HTTP/1.1 404 Not Found"
2026-03-24 16:06:02,528 - httpx - INFO - HTTP Request: HEAD https://apclips.com/muziekantje@chello.nl "HTTP/1.1 403 Forbidden"
2026-03-24 16:06:03,655 - httpx - INFO - HTTP Request: HEAD https://apclips.com/muziekantje@chello.nl "HTTP/1.1 403 Forbidden"
2026-03-24 16:06:04,390 - httpx - INFO - HTTP Request: HEAD https://about.me/muziekantje@chello.nl "HTTP/1.1 404 Not Found"
2026-03-24 16:06:04,946 - httpx - INFO - HTTP Request: HEAD https://independent.academia.edu/muziekantje@chello.nl "HTTP/1.1 404 Not Found"
2026-03-24 16:06:05,592 - httpx - INFO - HTTP Request: HEAD https://admireme.vip/muziekantje@chello.nl "HTTP/1.1 404 Not Found"
2026-03-24 16:06:06,576 - httpx - INFO - HTTP Request: HEAD https://airbit.com/muziekantje@chello.nl "HTTP/1.1 404 Not Found"
2026-03-24 16:06:09,439 - httpx - INFO - HTTP Request: HEAD https://www.airliners.net/user/muziekantje@chello.nl/profile/photos "HTTP/1.1 404 Not Found"
2026-03-24 16:06:09,963 - httpx - INFO - HTTP Request: HEAD https://www.allthingsworn.com/profile/muziekantje@chello.nl "HTTP/1.1 403 Forbidden"
2026-03-24 16:06:11,364 - httpx - INFO - HTTP Request: HEAD https://www.allthingsworn.com/profile/muziekantje@chello.nl "HTTP/1.1 403 Forbidden"
2026-03-24 16:06:11,942 - werkzeug - INFO - 127.0.0.1 - - [24/Mar/2026 16:06:11] "GET /api/history HTTP/1.1" 200 -
2026-03-24 16:06:11,948 - werkzeug - INFO - 127.0.0.1 - - [24/Mar/2026 16:06:11] "GET /api/archive?q=&tool= HTTP/1.1" 200 -
2026-03-24 16:06:12,193 - httpx - INFO - HTTP Request: HEAD https://allmylinks.com/muziekantje@chello.nl "HTTP/1.1 404 Not Found"
2026-03-24 16:06:13,044 - httpx - INFO - HTTP Request: HEAD https://aniworld.to/user/profil/muziekantje@chello.nl "HTTP/1.1 400 Bad Request"
2026-03-24 16:06:13,669 - httpx - INFO - HTTP Request: HEAD https://anilist.co/user/muziekantje@chello.nl/ "HTTP/1.1 200 OK"
2026-03-24 16:06:14,737 - httpx - INFO - HTTP Request: HEAD https://developer.apple.com/forums/profile/muziekantje@chello.nl "HTTP/1.1 404 Not Found"
2026-03-24 16:06:15,723 - httpx - INFO - HTTP Request: HEAD https://discussions.apple.com/profile/muziekantje@chello.nl "HTTP/1.1 404 Not Found"
2026-03-24 16:06:16,267 - httpx - INFO - HTTP Request: HEAD https://www.aparat.com/muziekantje@chello.nl/ "HTTP/1.0 504 Gateway Timeout"
2026-03-24 16:06:16,866 - httpx - INFO - HTTP Request: HEAD https://archiveofourown.org/users/muziekantje@chello.nl "HTTP/1.1 403 Forbidden"
2026-03-24 16:06:18,371 - httpx - INFO - HTTP Request: HEAD https://archiveofourown.org/users/muziekantje@chello.nl "HTTP/1.1 403 Forbidden"
2026-03-24 16:06:20,245 - httpx - INFO - HTTP Request: HEAD https://archive.org/details/@muziekantje@chello.nl "HTTP/1.1 200 OK"
2026-03-24 16:06:21,126 - httpx - INFO - HTTP Request: HEAD https://forum.arduino.cc/u/muziekantje@chello.nl/summary "HTTP/1.1 404 Not Found"
2026-03-24 16:06:21,738 - httpx - INFO - HTTP Request: HEAD https://www.artstation.com/muziekantje@chello.nl "HTTP/1.1 403 Forbidden"
2026-03-24 16:06:23,159 - httpx - INFO - HTTP Request: HEAD https://www.artstation.com/muziekantje@chello.nl "HTTP/1.1 403 Forbidden"
2026-03-24 16:06:24,592 - httpx - INFO - HTTP Request: HEAD https://asciinema.org/~muziekantje@chello.nl "HTTP/1.1 404 Not Found"
2026-03-24 16:06:25,337 - httpx - INFO - HTTP Request: HEAD https://ask.fedoraproject.org/u/muziekantje@chello.nl "HTTP/1.1 301 Moved Permanently"
2026-03-24 16:06:26,171 - httpx - INFO - HTTP Request: HEAD https://discussion.fedoraproject.org/askfedora/u/muziekantje@chello.nl "HTTP/1.1 404 Not Found"
2026-03-24 16:06:27,460 - httpx - INFO - HTTP Request: HEAD https://atcoder.jp/users/muziekantje@chello.nl "HTTP/1.1 404 Not Found"
2026-03-24 16:06:28,280 - httpx - INFO - HTTP Request: HEAD https://vjudge.net/user/muziekantje@chello.nl "HTTP/1.1 404 Not Found"
2026-03-24 16:06:28,924 - httpx - INFO - HTTP Request: HEAD https://audiojungle.net/user/muziekantje@chello.nl "HTTP/1.1 404 Not Found"
2026-03-24 16:06:29,835 - httpx - INFO - HTTP Request: HEAD https://www.autofrage.net/nutzer/muziekantje@chello.nl "HTTP/1.1 404 Not Found"
2026-03-24 16:06:31,054 - httpx - INFO - HTTP Request: HEAD https://www.avizo.cz/muziekantje@chello.nl/ "HTTP/1.1 301 Moved Permanently"
2026-03-24 16:06:32,477 - httpx - INFO - HTTP Request: HEAD https://www.avizo.cz "HTTP/1.1 200 OK"
2026-03-24 16:06:33,399 - httpx - INFO - HTTP Request: HEAD https://skillsprofile.skillbuilder.aws/user/muziekantje@chello.nl/ "HTTP/1.1 308 Permanent Redirect"
2026-03-24 16:06:33,824 - httpx - INFO - HTTP Request: HEAD https://skillsprofile.skillbuilder.aws/user/muziekantje@chello.nl "HTTP/1.1 200 OK"
2026-03-24 16:06:35,836 - httpx - INFO - HTTP Request: HEAD https://www.bandcamp.com/muziekantje@chello.nl "HTTP/1.1 301 Moved Permanently"
2026-03-24 16:06:36,538 - httpx - INFO - HTTP Request: HEAD https://bandcamp.com/muziekantje@chello.nl "HTTP/1.1 404 Not Found"
2026-03-24 16:06:38,023 - httpx - INFO - HTTP Request: HEAD https://www.bazar.cz/muziekantje@chello.nl/ "HTTP/1.1 404 Not Found"
2026-03-24 16:06:38,801 - httpx - INFO - HTTP Request: HEAD https://www.behance.net/muziekantje@chello.nl "HTTP/1.1 404 Not Found"
2026-03-24 16:06:39,747 - httpx - INFO - HTTP Request: HEAD https://bezuzyteczna.pl/uzytkownicy/muziekantje@chello.nl "HTTP/1.1 404 Not Found"
2026-03-24 16:06:40,246 - httpx - INFO - HTTP Request: HEAD https://www.biggerpockets.com/users/muziekantje@chello.nl "HTTP/1.1 403 Forbidden"
2026-03-24 16:06:41,371 - httpx - INFO - HTTP Request: HEAD https://www.biggerpockets.com/users/muziekantje@chello.nl "HTTP/1.1 403 Forbidden"
2026-03-24 16:06:42,058 - httpx - INFO - HTTP Request: HEAD https://forum.dangerousthings.com/u/muziekantje@chello.nl "HTTP/1.1 404 Not Found"
2026-03-24 16:06:42,971 - httpx - INFO - HTTP Request: HEAD https://bitbucket.org/muziekantje@chello.nl/ "HTTP/1.1 404 Not Found"
2026-03-24 16:06:43,793 - httpx - INFO - HTTP Request: HEAD https://community.bitwarden.com/u/muziekantje@chello.nl/summary "HTTP/1.1 404 Not Found"
2026-03-24 16:06:44,784 - httpx - INFO - HTTP Request: HEAD https://www.blipfoto.com/muziekantje@chello.nl "HTTP/1.1 404 Not Found"
2026-03-24 16:06:45,619 - httpx - INFO - HTTP Request: GET https://api.whatsapp.com/send?phone=31655344311 "HTTP/1.1 200 OK"
2026-03-24 16:06:45,873 - httpx - INFO - HTTP Request: HEAD https://blitztactics.com/muziekantje@chello.nl "HTTP/1.1 404 Not Found"
2026-03-24 16:06:46,672 - httpx - INFO - HTTP Request: GET https://t.me/+31655344311 "HTTP/1.1 200 OK"
2026-03-24 16:06:46,678 - werkzeug - INFO - 127.0.0.1 - - [24/Mar/2026 16:06:46] "POST /api/phone HTTP/1.1" 200 -
2026-03-24 16:06:47,062 - httpx - INFO - HTTP Request: HEAD https://bsky.app/profile/muziekantje@chello.nl.bsky.social "HTTP/1.1 404 Not Found"
2026-03-24 16:06:47,661 - httpx - INFO - HTTP Request: HEAD https://pt.bongacams.com/profile/muziekantje@chello.nl "HTTP/1.1 403 Forbidden"
2026-03-24 16:06:49,043 - httpx - INFO - HTTP Request: HEAD https://pt.bongacams.com/profile/muziekantje@chello.nl "HTTP/1.1 403 Forbidden"
2026-03-24 16:06:49,663 - httpx - INFO - HTTP Request: HEAD https://www.bookcrossing.com/mybookshelf/muziekantje@chello.nl/ "HTTP/1.1 403 Forbidden"
2026-03-24 16:06:51,074 - httpx - INFO - HTTP Request: HEAD https://www.bookcrossing.com/mybookshelf/muziekantje@chello.nl/ "HTTP/1.1 403 Forbidden"
2026-03-24 16:06:51,597 - httpx - INFO - HTTP Request: HEAD https://boardgamegeek.com/user/muziekantje@chello.nl "HTTP/1.1 403 Forbidden"
2026-03-24 16:06:53,076 - httpx - INFO - HTTP Request: HEAD https://boardgamegeek.com/user/muziekantje@chello.nl "HTTP/1.1 403 Forbidden"
2026-03-24 16:06:53,877 - httpx - INFO - HTTP Request: HEAD https://community.brave.com/u/muziekantje@chello.nl/ "HTTP/1.1 301 Moved Permanently"
2026-03-24 16:06:54,753 - httpx - INFO - HTTP Request: HEAD https://community.brave.app/u/muziekantje@chello.nl/ "HTTP/1.1 404 Not Found"
2026-03-24 16:06:55,586 - httpx - INFO - HTTP Request: HEAD https://bugcrowd.com/muziekantje@chello.nl "HTTP/1.1 404 Not Found"
2026-03-24 16:06:56,508 - httpx - INFO - HTTP Request: HEAD https://buymeacoff.ee/muziekantje@chello.nl "HTTP/1.1 301 Moved Permanently"
2026-03-24 16:06:57,179 - httpx - INFO - HTTP Request: HEAD https://buymeacoffee.com/muziekantje@chello.nl "HTTP/1.1 404 Not Found"
2026-03-24 16:06:57,607 - httpx - INFO - HTTP Request: HEAD https://buzzfeed.com/muziekantje@chello.nl "HTTP/1.1 301 Moved Permanently"
2026-03-24 16:06:58,209 - httpx - INFO - HTTP Request: HEAD https://www.buzzfeed.com/muziekantje@chello.nl "HTTP/1.1 404 Not Found"
2026-03-24 16:06:59,184 - httpx - INFO - HTTP Request: HEAD https://forum.cfx.re/u/muziekantje@chello.nl/summary "HTTP/1.1 404 Not Found"
2026-03-24 16:06:59,884 - httpx - INFO - HTTP Request: HEAD https://www.cgtrader.com/muziekantje@chello.nl "HTTP/1.1 301 Moved Permanently"
2026-03-24 16:07:00,177 - httpx - INFO - HTTP Request: HEAD https://www.cgtrader.com/designers/muziekantje@chello "HTTP/1.1 301 Moved Permanently"
2026-03-24 16:07:00,423 - httpx - INFO - HTTP Request: HEAD https://www.cgtrader.com/not_found "HTTP/1.1 404 Not Found"
2026-03-24 16:07:02,580 - httpx - INFO - HTTP Request: HEAD https://www.cnet.com/profiles/muziekantje@chello.nl/ "HTTP/1.1 404 Not Found"
2026-03-24 16:07:03,195 - httpx - INFO - HTTP Request: HEAD https://cssbattle.dev/player/muziekantje@chello.nl "HTTP/1.1 403 Forbidden"
2026-03-24 16:07:04,320 - httpx - INFO - HTTP Request: HEAD https://cssbattle.dev/player/muziekantje@chello.nl "HTTP/1.1 403 Forbidden"
2026-03-24 16:07:05,399 - httpx - INFO - HTTP Request: HEAD https://ctan.org/author/muziekantje@chello.nl "HTTP/1.1 404 404"
2026-03-24 16:07:05,486 - httpx - INFO - HTTP Request: GET https://api.whatsapp.com/send?phone=31655344311 "HTTP/1.1 200 OK"
2026-03-24 16:07:06,277 - httpx - INFO - HTTP Request: HEAD https://caddy.community/u/muziekantje@chello.nl/summary "HTTP/1.1 404 Not Found"
2026-03-24 16:07:06,512 - httpx - INFO - HTTP Request: GET https://t.me/+31655344311 "HTTP/1.1 200 OK"
2026-03-24 16:07:06,517 - werkzeug - INFO - 127.0.0.1 - - [24/Mar/2026 16:07:06] "POST /api/phone HTTP/1.1" 200 -
2026-03-24 16:07:08,133 - httpx - INFO - HTTP Request: HEAD https://community.cartalk.com/u/muziekantje@chello.nl/summary "HTTP/1.1 404 Not Found"
2026-03-24 16:07:13,246 - werkzeug - INFO - 127.0.0.1 - - [24/Mar/2026 16:07:13] "POST /api/system/restart HTTP/1.1" 200 -
2026-03-24 16:07:21,535 - werkzeug - INFO - [31m[1mWARNING: This is a development server. Do not use it in a production deployment. Use a production WSGI server instead.[0m
 * Running on all addresses (0.0.0.0)
 * Running on http://127.0.0.1:5000
 * Running on http://10.2.0.2:5000
2026-03-24 16:07:21,535 - werkzeug - INFO - [33mPress CTRL+C to quit[0m
2026-03-24 16:07:21,543 - werkzeug - INFO - 127.0.0.1 - - [24/Mar/2026 16:07:21] "GET / HTTP/1.1" 200 -
2026-03-24 16:07:21,590 - werkzeug - INFO - 127.0.0.1 - - [24/Mar/2026 16:07:21] "[36mGET /static/style.css HTTP/1.1[0m" 304 -
2026-03-24 16:07:21,603 - werkzeug - INFO - 127.0.0.1 - - [24/Mar/2026 16:07:21] "GET /api/version HTTP/1.1" 200 -
2026-03-24 16:07:29,293 - httpx - INFO - HTTP Request: GET https://api.whatsapp.com/send?phone=31655344311 "HTTP/1.1 200 OK"
2026-03-24 16:07:30,223 - httpx - INFO - HTTP Request: GET https://t.me/+31655344311 "HTTP/1.1 200 OK"
2026-03-24 16:07:30,230 - werkzeug - INFO - 127.0.0.1 - - [24/Mar/2026 16:07:30] "POST /api/phone HTTP/1.1" 200 -
2026-03-24 16:07:48,254 - httpx - INFO - HTTP Request: GET https://api.whatsapp.com/send?phone=31655344311 "HTTP/1.1 200 OK"
2026-03-24 16:07:49,262 - httpx - INFO - HTTP Request: GET https://t.me/+31655344311 "HTTP/1.1 200 OK"
2026-03-24 16:07:49,267 - werkzeug - INFO - 127.0.0.1 - - [24/Mar/2026 16:07:49] "POST /api/phone HTTP/1.1" 200 -
2026-03-24 16:08:03,178 - werkzeug - INFO - 127.0.0.1 - - [24/Mar/2026 16:08:03] "POST /api/hibp HTTP/1.1" 200 -
2026-03-24 16:08:21,939 - werkzeug - INFO - 127.0.0.1 - - [24/Mar/2026 16:08:21] "GET /api/history HTTP/1.1" 200 -
2026-03-24 16:08:21,943 - werkzeug - INFO - 127.0.0.1 - - [24/Mar/2026 16:08:21] "GET /api/archive?q=&tool= HTTP/1.1" 200 -
2026-03-24 16:09:19,551 - werkzeug - INFO - 127.0.0.1 - - [24/Mar/2026 16:09:19] "GET /api/history HTTP/1.1" 200 -
2026-03-24 16:09:19,557 - werkzeug - INFO - 127.0.0.1 - - [24/Mar/2026 16:09:19] "GET /api/archive?q=&tool= HTTP/1.1" 200 -
2026-03-24 16:10:11,942 - werkzeug - INFO - 127.0.0.1 - - [24/Mar/2026 16:10:11] "GET /api/history HTTP/1.1" 200 -
2026-03-24 16:10:11,950 - werkzeug - INFO - 127.0.0.1 - - [24/Mar/2026 16:10:11] "GET /api/archive?q=&tool= HTTP/1.1" 200 -
2026-03-24 16:11:21,935 - werkzeug - INFO - 127.0.0.1 - - [24/Mar/2026 16:11:21] "GET /api/history HTTP/1.1" 200 -
2026-03-24 16:11:21,945 - werkzeug - INFO - 127.0.0.1 - - [24/Mar/2026 16:11:21] "GET /api/archive?q=&tool= HTTP/1.1" 200 -
2026-03-24 16:11:36,359 - werkzeug - INFO - 127.0.0.1 - - [24/Mar/2026 16:11:36] "GET / HTTP/1.1" 200 -
2026-03-24 16:11:36,425 - werkzeug - INFO - 127.0.0.1 - - [24/Mar/2026 16:11:36] "[36mGET /static/style.css HTTP/1.1[0m" 304 -
2026-03-24 16:11:36,441 - werkzeug - INFO - 127.0.0.1 - - [24/Mar/2026 16:11:36] "GET /api/version HTTP/1.1" 200 -
2026-03-24 16:12:21,936 - werkzeug - INFO - 127.0.0.1 - - [24/Mar/2026 16:12:21] "GET /api/history HTTP/1.1" 200 -
2026-03-24 16:12:21,950 - werkzeug - INFO - 127.0.0.1 - - [24/Mar/2026 16:12:21] "GET /api/archive?q=&tool= HTTP/1.1" 200 -
